model,dataset,stage,layer,calib_min,calib_max,range_width,scale,zero_point,act_p99,act_p999,act_max,outlier_factor,range_over_p99,seed,n_seeds,metric_std
cnn,CIFAR10,PTQ,conv1,-8.091721534729004,7.558411121368408,15.650132656097412,0.06137306988239288,132,1.6057171821594238,2.8323633670806885,7.713742733001709,4.8039236415394155,9.746506315047693,42,3,
cnn,CIFAR10,PTQ,conv2,-8.328008651733398,4.754361152648926,13.082369804382324,0.05130341276526451,162,0.869729220867157,1.548133134841919,4.090813636779785,4.7035485742344845,15.04188831477761,42,3,
cnn,CIFAR10,PTQ,conv3,-5.947083473205566,3.1554296016693115,9.102513074874878,0.035696130245923996,167,0.5255359411239624,0.9898706674575806,2.97456431388855,5.660058772625249,17.32043874184391,42,3,
cnn,CIFAR10,PTQ,conv4,-3.486232280731201,3.6537742614746094,7.1400065422058105,0.02800002507865429,125,0.8326759934425354,1.4771493673324585,3.9175832271575928,4.704811064578809,8.574771698036898,42,3,
cnn,CIFAR10,PTQ,fc1,-2.99546217918396,4.414804458618164,7.410266637802124,0.029059870168566704,103,0.7261451482772827,1.455990195274353,4.078004360198975,5.6159631030706345,10.204938579266623,42,3,
cnn,CIFAR10,PTQ,fc2,-11.027742385864258,24.864330291748047,35.892072677612305,0.14075323939323425,78,10.711146354675293,17.62755012512207,24.11705780029297,2.251585124664658,3.3509086225813567,42,3,
cnn,CIFAR10,PTQ,conv1,-8.091721534729004,7.558411121368408,15.650132656097412,0.06137306988239288,132,1.5609982013702393,2.6763548851013184,6.201936721801758,3.9730582113148607,10.025721133028709,43,3,
cnn,CIFAR10,PTQ,conv2,-8.328008651733398,4.754361152648926,13.082369804382324,0.05130341276526451,162,0.8363507986068726,1.4405326843261719,3.622588634490967,4.331422461155284,15.642203996425792,43,3,
cnn,CIFAR10,PTQ,conv3,-5.947083473205566,3.1554296016693115,9.102513074874878,0.035696130245923996,167,0.5262662172317505,1.019504427909851,3.251805305480957,6.1790120646276785,17.29640394315189,43,3,
cnn,CIFAR10,PTQ,conv4,-3.486232280731201,3.6537742614746094,7.1400065422058105,0.02800002507865429,125,0.8673940300941467,1.5574818849563599,4.400174617767334,5.072867076673032,8.231560622374626,43,3,
cnn,CIFAR10,PTQ,fc1,-2.99546217918396,4.414804458618164,7.410266637802124,0.029059870168566704,103,0.7034642100334167,1.3920831680297852,3.6684768199920654,5.21487343303194,10.533963963070862,43,3,
cnn,CIFAR10,PTQ,fc2,-11.027742385864258,24.864330291748047,35.892072677612305,0.14075323939323425,78,9.353349685668945,16.374616622924805,21.887165069580078,2.34003493990129,3.8373496002833694,43,3,
cnn,CIFAR10,PTQ,conv1,-8.091721534729004,7.558411121368408,15.650132656097412,0.06137306988239288,132,1.638857364654541,2.9041616916656494,6.431438446044922,3.924343011632755,9.549417169319273,44,3,
cnn,CIFAR10,PTQ,conv2,-8.328008651733398,4.754361152648926,13.082369804382324,0.05130341276526451,162,0.880197286605835,1.5330651998519897,3.768125057220459,4.281000537675912,14.862997197855256,44,3,
cnn,CIFAR10,PTQ,conv3,-5.947083473205566,3.1554296016693115,9.102513074874878,0.035696130245923996,167,0.5479351282119751,1.0274947881698608,3.228001356124878,5.891210820263541,16.6123918803641,44,3,
cnn,CIFAR10,PTQ,conv4,-3.486232280731201,3.6537742614746094,7.1400065422058105,0.02800002507865429,125,0.88740473985672,1.5581881999969482,3.9884142875671387,4.49447034530276,8.045941408154562,44,3,
cnn,CIFAR10,PTQ,fc1,-2.99546217918396,4.414804458618164,7.410266637802124,0.029059870168566704,103,0.7724232077598572,1.469920039176941,2.7504642009735107,3.5608254300777267,9.593531840262807,44,3,
cnn,CIFAR10,PTQ,fc2,-11.027742385864258,24.864330291748047,35.892072677612305,0.14075323939323425,78,12.719367980957031,14.627483367919922,14.63684368133545,1.1507524354393388,2.8218440359103214,44,3,
cnn,CIFAR10,PTQ,conv1,-8.091721534729004,7.558411121368408,15.650132656097412,0.06137306988239288,132,1.601857582728068,2.8042933146158853,6.78237263361613,4.233774954829011,9.773881539131892,aggregate,3,0.4943636681515103
cnn,CIFAR10,PTQ,conv2,-8.328008651733398,4.754361152648926,13.082369804382324,0.05130341276526451,162,0.8620924353599548,1.5072436730066936,3.827175776163737,4.4386571910218935,15.18236316968622,aggregate,3,0.23078383016808107
cnn,CIFAR10,PTQ,conv3,-5.947083473205566,3.1554296016693115,9.102513074874878,0.035696130245923996,167,0.5332457621892294,1.0122899611790974,3.1514569918314614,5.910093885838823,17.076411521786632,aggregate,3,0.25999145648305433
cnn,CIFAR10,PTQ,conv4,-3.486232280731201,3.6537742614746094,7.1400065422058105,0.02800002507865429,125,0.8624915877978007,1.5309398174285889,4.102057377497355,4.757382828851534,8.284091242855363,aggregate,3,0.2927602047991047
cnn,CIFAR10,PTQ,fc1,-2.99546217918396,4.414804458618164,7.410266637802124,0.029059870168566704,103,0.7340108553568522,1.4393311341603596,3.498981793721517,4.797220655393434,10.110811460866763,aggregate,3,1.0893682094409336
cnn,CIFAR10,PTQ,fc2,-11.027742385864258,24.864330291748047,35.892072677612305,0.14075323939323425,78,10.92795467376709,16.209883371988933,20.213688850402832,1.914124166668429,3.3367007529250157,aggregate,3,0.6625768955250569
cnn,CIFAR10,QAT,conv1,-7.891393661499023,7.664823532104492,15.556217193603516,0.061004772782325745,129,1.53438401222229,2.7226438522338867,6.802039623260498,4.43307514225785,10.138411942309686,42,3,
cnn,CIFAR10,QAT,conv2,-7.543217182159424,5.159477710723877,12.7026948928833,0.04981448873877525,151,0.7948739528656006,1.4166313409805298,4.342087745666504,5.462611688322206,15.980766317840468,42,3,
cnn,CIFAR10,QAT,conv3,-5.9195451736450195,3.538827419281006,9.458372592926025,0.03709165379405022,160,0.5148761868476868,1.006534457206726,2.9107022285461426,5.653208097206487,18.37018847353305,42,3,
cnn,CIFAR10,QAT,conv4,-3.473512649536133,4.190702438354492,7.664215087890625,0.03005574457347393,116,0.8909173607826233,1.5601322650909424,3.8616867065429688,4.334506068161791,8.602610550947196,42,3,
cnn,CIFAR10,QAT,fc1,-2.726262331008911,4.269510269165039,6.99577260017395,0.027434401214122772,99,0.8504992723464966,1.6095924377441406,3.8046603202819824,4.473443357317712,8.225489224550266,42,3,
cnn,CIFAR10,QAT,fc2,-10.82536792755127,24.74535369873047,35.57072162628174,0.13949301838874817,78,11.776378631591797,19.988414764404297,23.208309173583984,1.9707509328312882,3.0205144330922122,42,3,
cnn,CIFAR10,QAT,conv1,-7.891393661499023,7.664823532104492,15.556217193603516,0.061004772782325745,129,1.5196505784988403,2.665006637573242,6.16401481628418,4.056205356347899,10.236706657243829,43,3,
cnn,CIFAR10,QAT,conv2,-7.543217182159424,5.159477710723877,12.7026948928833,0.04981448873877525,151,0.7763605117797852,1.3554848432540894,3.5866923332214355,4.61987991248942,16.36185084138646,43,3,
cnn,CIFAR10,QAT,conv3,-5.9195451736450195,3.538827419281006,9.458372592926025,0.03709165379405022,160,0.5129279494285583,1.0179344415664673,3.8899731636047363,7.583858840093368,18.43996335833013,43,3,
cnn,CIFAR10,QAT,conv4,-3.473512649536133,4.190702438354492,7.664215087890625,0.03005574457347393,116,0.9297094941139221,1.7806553840637207,4.40078067779541,4.7335008469389255,8.243666582317905,43,3,
cnn,CIFAR10,QAT,fc1,-2.726262331008911,4.269510269165039,6.99577260017395,0.027434401214122772,99,0.8296541571617126,1.6014407873153687,3.6512410640716553,4.400919386172582,8.432155181511812,43,3,
cnn,CIFAR10,QAT,fc2,-10.82536792755127,24.74535369873047,35.57072162628174,0.13949301838874817,78,13.935302734375,18.355979919433594,22.995058059692383,1.6501297817498555,2.5525618139990187,43,3,
cnn,CIFAR10,QAT,conv1,-7.891393661499023,7.664823532104492,15.556217193603516,0.061004772782325745,129,1.5956006050109863,2.8766074180603027,5.443617343902588,3.411641564190248,9.749443027753431,44,3,
cnn,CIFAR10,QAT,conv2,-7.543217182159424,5.159477710723877,12.7026948928833,0.04981448873877525,151,0.8185961246490479,1.4405511617660522,4.601596355438232,5.621326826352921,15.517658232659306,44,3,
cnn,CIFAR10,QAT,conv3,-5.9195451736450195,3.538827419281006,9.458372592926025,0.03709165379405022,160,0.541334867477417,1.0332894325256348,3.057460308074951,5.648001803989653,17.472313647560497,44,3,
cnn,CIFAR10,QAT,conv4,-3.473512649536133,4.190702438354492,7.664215087890625,0.03005574457347393,116,0.9349901676177979,1.665723443031311,4.744747638702393,5.074649769624032,8.19710768447736,44,3,
cnn,CIFAR10,QAT,fc1,-2.726262331008911,4.269510269165039,6.99577260017395,0.027434401214122772,99,0.8476689457893372,1.6600316762924194,3.1744585037231445,3.7449272142052275,8.25295374441208,44,3,
cnn,CIFAR10,QAT,fc2,-10.82536792755127,24.74535369873047,35.57072162628174,0.13949301838874817,78,12.532319068908691,17.106224060058594,17.49906349182129,1.3963148716213702,2.8383191834405808,44,3,
cnn,CIFAR10,QAT,conv1,-7.891393661499023,7.664823532104492,15.556217193603516,0.061004772782325745,129,1.5498783985773723,2.7547526359558105,6.136557261149089,3.966974020931999,10.041520542435649,aggregate,3,0.5165300688402121
cnn,CIFAR10,QAT,conv2,-7.543217182159424,5.159477710723877,12.7026948928833,0.04981448873877525,151,0.7966101964314779,1.4042224486668904,4.176792144775391,5.2346061423881824,15.953425130628744,aggregate,3,0.5382507566684758
cnn,CIFAR10,QAT,conv3,-5.9195451736450195,3.538827419281006,9.458372592926025,0.03709165379405022,160,0.5230463345845541,1.0192527770996094,3.28604523340861,6.2950229137631695,18.094155159807894,aggregate,3,1.1161676890690895
cnn,CIFAR10,QAT,conv4,-3.473512649536133,4.190702438354492,7.664215087890625,0.03005574457347393,116,0.9185390075047811,1.668837030728658,4.335738341013591,4.7142188949082495,8.347794939247487,aggregate,3,0.3704484039095616
cnn,CIFAR10,QAT,fc1,-2.726262331008911,4.269510269165039,6.99577260017395,0.027434401214122772,99,0.8426074584325155,1.6236883004506428,3.5434532960255942,4.206429985898507,8.30353271682472,aggregate,3,0.4013147615128298
cnn,CIFAR10,QAT,fc2,-10.82536792755127,24.74535369873047,35.57072162628174,0.13949301838874817,78,12.748000144958496,18.483539581298828,21.23414357503255,1.6723985287341714,2.8037984768439372,aggregate,3,0.28786475978101206
resnet18_no_weights,CIFAR10,PTQ,conv1,-3.6338045597076416,4.784788131713867,8.418592691421509,0.03301408886909485,110,0.9612079858779907,1.4987876415252686,3.5503830909729004,3.693667908647153,8.758346596269446,42,3,
resnet18_no_weights,CIFAR10,PTQ,layer1.0.conv1,-5.668947696685791,3.96222186088562,9.631169557571411,0.037769291549921036,150,0.7143505811691284,1.2024688720703125,3.231417179107666,4.523573248612786,13.482412993643456,42,3,
resnet18_no_weights,CIFAR10,PTQ,layer1.0.conv2,-5.055909156799316,4.219723701477051,9.275632858276367,0.036375030875205994,139,0.8163984417915344,1.459014654159546,4.025913238525391,4.931309312265197,11.36164939012081,42,3,
resnet18_no_weights,CIFAR10,PTQ,layer1.1.conv1,-4.983292102813721,3.6435205936431885,8.62681269645691,0.033830638974905014,147,0.6882981061935425,1.3568503856658936,3.4530441761016846,5.016785815666219,12.533541235737669,42,3,
resnet18_no_weights,CIFAR10,PTQ,layer1.1.conv2,-4.112923622131348,3.0338993072509766,7.146822929382324,0.028026755899190903,147,0.6794319748878479,1.147930383682251,2.5821261405944824,3.8004189323305066,10.51882041695496,42,3,
resnet18_no_weights,CIFAR10,PTQ,layer2.0.conv1,-2.089714288711548,2.0637571811676025,4.15347146987915,0.01628812402486801,128,0.4981582760810852,0.808696985244751,1.7069454193115234,3.4265122176424185,8.33765425429385,42,3,
resnet18_no_weights,CIFAR10,PTQ,layer2.0.conv2,-2.5791499614715576,3.134150981903076,5.713300943374634,0.022405100986361504,115,0.6134111881256104,1.0085948705673218,2.5571608543395996,4.1687548317360665,9.313982291116446,42,3,
resnet18_no_weights,CIFAR10,PTQ,layer2.0.downsample.0,-2.3921070098876953,4.91558313369751,7.307690143585205,0.02865760773420334,83,0.6292647123336792,1.154765248298645,4.037124156951904,6.415621403558292,11.613062039477859,42,3,
resnet18_no_weights,CIFAR10,PTQ,layer2.1.conv1,-2.148871421813965,2.2549848556518555,4.40385627746582,0.017270024865865707,124,0.46262043714523315,0.788038432598114,2.155567169189453,4.659472422989267,9.519372521978081,42,3,
resnet18_no_weights,CIFAR10,PTQ,layer2.1.conv2,-2.857996940612793,4.271207809448242,7.129204750061035,0.02795766480267048,102,0.4636496901512146,0.7930315136909485,4.232439041137695,9.128527703226393,15.376274160209011,42,3,
resnet18_no_weights,CIFAR10,PTQ,layer3.0.conv1,-1.7662436962127686,2.0620040893554688,3.8282477855682373,0.015012736432254314,118,0.4779398441314697,0.7789588570594788,1.653824806213379,3.4603200099769285,8.00989461869427,42,3,
resnet18_no_weights,CIFAR10,PTQ,layer3.0.conv2,-2.221353054046631,3.029755115509033,5.251108169555664,0.0205925814807415,108,0.5545293092727661,0.9036931395530701,1.9830834865570068,3.5761563066120146,9.469487151981554,42,3,
resnet18_no_weights,CIFAR10,PTQ,layer3.0.downsample.0,-1.4591569900512695,1.8843601942062378,3.3435171842575073,0.013111832551658154,111,0.35334351658821106,0.6098297238349915,2.136901617050171,6.047660468440208,9.462511769118054,42,3,
resnet18_no_weights,CIFAR10,PTQ,layer3.1.conv1,-2.061915636062622,2.1325125694274902,4.194428205490112,0.016448739916086197,125,0.37174126505851746,0.6512492895126343,1.778066635131836,4.783075763332173,11.283192369913113,42,3,
resnet18_no_weights,CIFAR10,PTQ,layer3.1.conv2,-1.9749188423156738,2.3099498748779297,4.2848687171936035,0.016803406178951263,118,0.3838694095611572,0.6674948930740356,2.1076138019561768,5.490444795707005,11.162308354010552,42,3,
resnet18_no_weights,CIFAR10,PTQ,layer4.0.conv1,-1.5108805894851685,1.9338736534118652,3.4447542428970337,0.013508839532732964,112,0.3580469489097595,0.6081070303916931,1.4117687940597534,3.9429711616271,9.620956842073896,42,3,
resnet18_no_weights,CIFAR10,PTQ,layer4.0.conv2,-1.9911167621612549,2.9393489360809326,4.9304656982421875,0.01933516003191471,103,0.39419156312942505,0.706451416015625,1.7923237085342407,4.546834270894242,12.5077910321063,42,3,
resnet18_no_weights,CIFAR10,PTQ,layer4.0.downsample.0,-1.730907917022705,1.9465829133987427,3.6774908304214478,0.014421531930565834,120,0.3913552761077881,0.672948956489563,2.203397512435913,5.630171986819075,9.396809126980017,42,3,
resnet18_no_weights,CIFAR10,PTQ,layer4.1.conv1,-1.4418481588363647,2.135125160217285,3.57697331905365,0.014027346856892109,103,0.3687889277935028,0.6881328225135803,2.1591265201568604,5.854640303533807,9.699242708979908,42,3,
resnet18_no_weights,CIFAR10,PTQ,layer4.1.conv2,-1.6483802795410156,3.47411847114563,5.1224987506866455,0.020088229328393936,82,0.9100558161735535,1.5791285037994385,3.318984270095825,3.6470117668726307,5.628774257193201,42,3,
resnet18_no_weights,CIFAR10,PTQ,fc,-5.745562553405762,16.031757354736328,21.77731990814209,0.0854012593626976,67,12.10046100616455,15.939349174499512,17.485973358154297,1.445066708553179,1.7997099364270244,42,3,
resnet18_no_weights,CIFAR10,PTQ,conv1,-3.6338045597076416,4.784788131713867,8.418592691421509,0.03301408886909485,110,0.9521777629852295,1.5303717851638794,3.1166458129882812,3.2731764321160983,8.841408630493401,43,3,
resnet18_no_weights,CIFAR10,PTQ,layer1.0.conv1,-5.668947696685791,3.96222186088562,9.631169557571411,0.037769291549921036,150,0.709388792514801,1.1783502101898193,2.7854690551757812,3.926576067407583,13.576715137306687,43,3,
resnet18_no_weights,CIFAR10,PTQ,layer1.0.conv2,-5.055909156799316,4.219723701477051,9.275632858276367,0.036375030875205994,139,0.790760338306427,1.4074387550354004,3.666367530822754,4.636509133317208,11.730017818220384,43,3,
resnet18_no_weights,CIFAR10,PTQ,layer1.1.conv1,-4.983292102813721,3.6435205936431885,8.62681269645691,0.033830638974905014,147,0.6615586280822754,1.3256152868270874,3.3899993896484375,5.124261472449327,13.04013330075415,43,3,
resnet18_no_weights,CIFAR10,PTQ,layer1.1.conv2,-4.112923622131348,3.0338993072509766,7.146822929382324,0.028026755899190903,147,0.6740103363990784,1.1170278787612915,2.8391594886779785,4.2123382021799225,10.603432237500174,43,3,
resnet18_no_weights,CIFAR10,PTQ,layer2.0.conv1,-2.089714288711548,2.0637571811676025,4.15347146987915,0.01628812402486801,128,0.4940447211265564,0.7998863458633423,1.726738452911377,3.495105562455851,8.407075902780836,43,3,
resnet18_no_weights,CIFAR10,PTQ,layer2.0.conv2,-2.5791499614715576,3.134150981903076,5.713300943374634,0.022405100986361504,115,0.6131289005279541,1.0175100564956665,3.0295801162719727,4.941179764423527,9.318270494923684,43,3,
resnet18_no_weights,CIFAR10,PTQ,layer2.0.downsample.0,-2.3921070098876953,4.91558313369751,7.307690143585205,0.02865760773420334,83,0.6281571388244629,1.15823495388031,4.243320941925049,6.755190189935636,11.633538316958175,43,3,
resnet18_no_weights,CIFAR10,PTQ,layer2.1.conv1,-2.148871421813965,2.2549848556518555,4.40385627746582,0.017270024865865707,124,0.4642964005470276,0.7988004684448242,2.122448444366455,4.571322202510758,9.485010592968754,43,3,
resnet18_no_weights,CIFAR10,PTQ,layer2.1.conv2,-2.857996940612793,4.271207809448242,7.129204750061035,0.02795766480267048,102,0.4614981412887573,0.804162323474884,3.814112424850464,8.264632256587987,15.447959833927746,43,3,
resnet18_no_weights,CIFAR10,PTQ,layer3.0.conv1,-1.7662436962127686,2.0620040893554688,3.8282477855682373,0.015012736432254314,118,0.4816044569015503,0.7941552996635437,1.8029406070709229,3.743612795177019,7.948945925869637,43,3,
resnet18_no_weights,CIFAR10,PTQ,layer3.0.conv2,-2.221353054046631,3.029755115509033,5.251108169555664,0.0205925814807415,108,0.5561580061912537,0.9250726699829102,2.2240371704101562,3.998930422023532,9.44175595981602,43,3,
resnet18_no_weights,CIFAR10,PTQ,layer3.0.downsample.0,-1.4591569900512695,1.8843601942062378,3.3435171842575073,0.013111832551658154,111,0.35454756021499634,0.6179102063179016,1.4026726484298706,3.956232691544387,9.430377076153086,43,3,
resnet18_no_weights,CIFAR10,PTQ,layer3.1.conv1,-2.061915636062622,2.1325125694274902,4.194428205490112,0.016448739916086197,125,0.37495049834251404,0.6736599206924438,2.051429033279419,5.471199644614037,11.186618564401902,43,3,
resnet18_no_weights,CIFAR10,PTQ,layer3.1.conv2,-1.9749188423156738,2.3099498748779297,4.2848687171936035,0.016803406178951263,118,0.3977299630641937,0.7431414723396301,3.274282217025757,8.232425316413204,10.773311329581736,43,3,
resnet18_no_weights,CIFAR10,PTQ,layer4.0.conv1,-1.5108805894851685,1.9338736534118652,3.4447542428970337,0.013508839532732964,112,0.36801666021347046,0.6505419611930847,1.7568496465682983,4.7738318301927585,9.360321461802522,43,3,
resnet18_no_weights,CIFAR10,PTQ,layer4.0.conv2,-1.9911167621612549,2.9393489360809326,4.9304656982421875,0.01933516003191471,103,0.4250739812850952,0.8104835748672485,2.2990548610687256,5.4085993551479215,11.599076667398625,43,3,
resnet18_no_weights,CIFAR10,PTQ,layer4.0.downsample.0,-1.730907917022705,1.9465829133987427,3.6774908304214478,0.014421531930565834,120,0.39735570549964905,0.7093225717544556,1.7676751613616943,4.448596400897169,9.254908837403608,43,3,
resnet18_no_weights,CIFAR10,PTQ,layer4.1.conv1,-1.4418481588363647,2.135125160217285,3.57697331905365,0.014027346856892109,103,0.39971640706062317,0.7756810188293457,2.6599442958831787,6.6545787185557215,8.948777823150868,43,3,
resnet18_no_weights,CIFAR10,PTQ,layer4.1.conv2,-1.6483802795410156,3.47411847114563,5.1224987506866455,0.020088229328393936,82,0.9892862439155579,1.7898640632629395,4.7417683601379395,4.79312068605159,5.177974304395447,43,3,
resnet18_no_weights,CIFAR10,PTQ,fc,-5.745562553405762,16.031757354736328,21.77731990814209,0.0854012593626976,67,12.308059692382812,16.31382942199707,16.81517219543457,1.366191960040713,1.7693544272960908,43,3,
resnet18_no_weights,CIFAR10,PTQ,conv1,-3.6338045597076416,4.784788131713867,8.418592691421509,0.03301408886909485,110,0.9696836471557617,1.564582347869873,3.8221254348754883,3.941621008136414,8.68179299105909,44,3,
resnet18_no_weights,CIFAR10,PTQ,layer1.0.conv1,-5.668947696685791,3.96222186088562,9.631169557571411,0.037769291549921036,150,0.7187351584434509,1.177051067352295,2.9504103660583496,4.105003534887578,13.400164781738834,44,3,
resnet18_no_weights,CIFAR10,PTQ,layer1.0.conv2,-5.055909156799316,4.219723701477051,9.275632858276367,0.036375030875205994,139,0.8074990510940552,1.4290544986724854,3.692333698272705,4.57255484482623,11.4868653352708,44,3,
resnet18_no_weights,CIFAR10,PTQ,layer1.1.conv1,-4.983292102813721,3.6435205936431885,8.62681269645691,0.033830638974905014,147,0.6845271587371826,1.3527463674545288,3.673652410507202,5.366700741697912,12.602586451605038,44,3,
resnet18_no_weights,CIFAR10,PTQ,layer1.1.conv2,-4.112923622131348,3.0338993072509766,7.146822929382324,0.028026755899190903,147,0.6792684197425842,1.1299357414245605,2.708078145980835,3.9867570275195323,10.521353152396937,44,3,
resnet18_no_weights,CIFAR10,PTQ,layer2.0.conv1,-2.089714288711548,2.0637571811676025,4.15347146987915,0.01628812402486801,128,0.5051770210266113,0.8119208216667175,1.884124755859375,3.7296327375114804,8.221813932546938,44,3,
resnet18_no_weights,CIFAR10,PTQ,layer2.0.conv2,-2.5791499614715576,3.134150981903076,5.713300943374634,0.022405100986361504,115,0.629041850566864,1.0467944145202637,2.8953304290771484,4.602762799435376,9.082545045653267,44,3,
resnet18_no_weights,CIFAR10,PTQ,layer2.0.downsample.0,-2.3921070098876953,4.91558313369751,7.307690143585205,0.02865760773420334,83,0.6367640495300293,1.164610505104065,4.539729118347168,7.129374093430314,11.47629196242898,44,3,
resnet18_no_weights,CIFAR10,PTQ,layer2.1.conv1,-2.148871421813965,2.2549848556518555,4.40385627746582,0.017270024865865707,124,0.46783447265625,0.8094131350517273,2.253936290740967,4.8178071999347685,9.413278701891716,44,3,
resnet18_no_weights,CIFAR10,PTQ,layer2.1.conv2,-2.857996940612793,4.271207809448242,7.129204750061035,0.02795766480267048,102,0.4683109521865845,0.8134120106697083,3.512022018432617,7.499337784082737,15.223228747425528,44,3,
resnet18_no_weights,CIFAR10,PTQ,layer3.0.conv1,-1.7662436962127686,2.0620040893554688,3.8282477855682373,0.015012736432254314,118,0.4893690347671509,0.7980804443359375,1.9523403644561768,3.9895053134801013,7.822823909137968,44,3,
resnet18_no_weights,CIFAR10,PTQ,layer3.0.conv2,-2.221353054046631,3.029755115509033,5.251108169555664,0.0205925814807415,108,0.5699096322059631,0.9339044690132141,2.365565538406372,4.150773043175143,9.213931249468573,44,3,
resnet18_no_weights,CIFAR10,PTQ,layer3.0.downsample.0,-1.4591569900512695,1.8843601942062378,3.3435171842575073,0.013111832551658154,111,0.3617703914642334,0.6184862852096558,1.8742530345916748,5.180780624433644,9.242097372106434,44,3,
resnet18_no_weights,CIFAR10,PTQ,layer3.1.conv1,-2.061915636062622,2.1325125694274902,4.194428205490112,0.016448739916086197,125,0.38128912448883057,0.6719530820846558,1.7352328300476074,4.550963346709458,11.000649995232118,44,3,
resnet18_no_weights,CIFAR10,PTQ,layer3.1.conv2,-1.9749188423156738,2.3099498748779297,4.2848687171936035,0.016803406178951263,118,0.389166921377182,0.6772581338882446,1.6909338235855103,4.345009122567873,11.010362088407541,44,3,
resnet18_no_weights,CIFAR10,PTQ,layer4.0.conv1,-1.5108805894851685,1.9338736534118652,3.4447542428970337,0.013508839532732964,112,0.36277109384536743,0.6232817769050598,1.7837274074554443,4.9169502138330925,9.495669035762186,44,3,
resnet18_no_weights,CIFAR10,PTQ,layer4.0.conv2,-1.9911167621612549,2.9393489360809326,4.9304656982421875,0.01933516003191471,103,0.39897048473358154,0.7134605646133423,1.9993197917938232,5.011197239637661,12.357971045238044,44,3,
resnet18_no_weights,CIFAR10,PTQ,layer4.0.downsample.0,-1.730907917022705,1.9465829133987427,3.6774908304214478,0.014421531930565834,120,0.40025219321250916,0.6935856938362122,1.6972723007202148,4.240507183977049,9.187934239423212,44,3,
resnet18_no_weights,CIFAR10,PTQ,layer4.1.conv1,-1.4418481588363647,2.135125160217285,3.57697331905365,0.014027346856892109,103,0.3656763434410095,0.6860765218734741,1.7708067893981934,4.842552221822514,9.781801265551877,44,3,
resnet18_no_weights,CIFAR10,PTQ,layer4.1.conv2,-1.6483802795410156,3.47411847114563,5.1224987506866455,0.020088229328393936,82,0.9065371751785278,1.53508722782135,3.1210546493530273,3.442831397111085,5.650621828804596,44,3,
resnet18_no_weights,CIFAR10,PTQ,fc,-5.745562553405762,16.031757354736328,21.77731990814209,0.0854012593626976,67,12.63614559173584,13.62698745727539,13.66445541381836,1.0813784404917781,1.7234147667928632,44,3,
resnet18_no_weights,CIFAR10,PTQ,conv1,-3.6338045597076416,4.784788131713867,8.418592691421509,0.03301408886909485,110,0.9610231320063273,1.5312472581863403,3.496384779612223,3.6361551162998884,8.760516072607313,aggregate,3,0.33791319708681034
resnet18_no_weights,CIFAR10,PTQ,fc,-5.745562553405762,16.031757354736328,21.77731990814209,0.0854012593626976,67,12.348222096761068,15.293388684590658,15.988533655802408,1.2975457030285567,1.7641597101719928,aggregate,3,0.19131523863171385
resnet18_no_weights,CIFAR10,PTQ,layer1.0.conv1,-5.668947696685791,3.96222186088562,9.631169557571411,0.037769291549921036,150,0.7141581773757935,1.1859567165374756,2.989098866780599,4.185050950302649,13.486430970896325,aggregate,3,0.30644265389745323
resnet18_no_weights,CIFAR10,PTQ,layer1.0.conv2,-5.055909156799316,4.219723701477051,9.275632858276367,0.036375030875205994,139,0.8048859437306722,1.4318359692891438,3.7948714892069497,4.713457763469545,11.52617751453733,aggregate,3,0.1913557178100388
resnet18_no_weights,CIFAR10,PTQ,layer1.1.conv1,-4.983292102813721,3.6435205936431885,8.62681269645691,0.033830638974905014,147,0.6781279643376669,1.3450706799825032,3.505565325419108,5.169249343271153,12.725420329365619,aggregate,3,0.17924297826066227
resnet18_no_weights,CIFAR10,PTQ,layer1.1.conv2,-4.112923622131348,3.0338993072509766,7.146822929382324,0.028026755899190903,147,0.6775702436765035,1.131631334622701,2.709787925084432,3.999838054009987,10.547868602284023,aggregate,3,0.20627095326015235
resnet18_no_weights,CIFAR10,PTQ,layer2.0.conv1,-2.089714288711548,2.0637571811676025,4.15347146987915,0.01628812402486801,128,0.499126672744751,0.8068347175916036,1.772602876027425,3.55041683920325,8.322181363207209,aggregate,3,0.1589497259921926
resnet18_no_weights,CIFAR10,PTQ,layer2.0.conv2,-2.5791499614715576,3.134150981903076,5.713300943374634,0.022405100986361504,115,0.6185273130734762,1.0242997805277507,2.8273571332295737,4.57089913186499,9.2382659438978,aggregate,3,0.38719702884007784
resnet18_no_weights,CIFAR10,PTQ,layer2.0.downsample.0,-2.3921070098876953,4.91558313369751,7.307690143585205,0.02865760773420334,83,0.6313953002293905,1.15920356909434,4.273391405741374,6.766728562308081,11.574297439621672,aggregate,3,0.35701621266077027
resnet18_no_weights,CIFAR10,PTQ,layer2.1.conv1,-2.148871421813965,2.2549848556518555,4.40385627746582,0.017270024865865707,124,0.4649171034495036,0.7987506786982218,2.1773173014322915,4.682867275144931,9.472553938946184,aggregate,3,0.12489676865042455
resnet18_no_weights,CIFAR10,PTQ,layer2.1.conv2,-2.857996940612793,4.271207809448242,7.129204750061035,0.02795766480267048,102,0.4644862612088521,0.8035352826118469,3.852857828140259,8.297499247965705,15.349154247187428,aggregate,3,0.8150920975579968
resnet18_no_weights,CIFAR10,PTQ,layer3.0.conv1,-1.7662436962127686,2.0620040893554688,3.8282477855682373,0.015012736432254314,118,0.4829711119333903,0.7903982003529867,1.8030352592468262,3.731146039544683,7.9272214845672915,aggregate,3,0.2648128326911926
resnet18_no_weights,CIFAR10,PTQ,layer3.0.conv2,-2.221353054046631,3.029755115509033,5.251108169555664,0.0205925814807415,108,0.560198982556661,0.9208900928497314,2.190895398457845,3.9086199239368966,9.375058120422048,aggregate,3,0.2977634766607668
resnet18_no_weights,CIFAR10,PTQ,layer3.0.downsample.0,-1.4591569900512695,1.8843601942062378,3.3435171842575073,0.013111832551658154,111,0.3565538227558136,0.615408738454183,1.8046091000239055,5.061557928139413,9.378328739125857,aggregate,3,1.0507987794894886
resnet18_no_weights,CIFAR10,PTQ,layer3.1.conv1,-2.061915636062622,2.1325125694274902,4.194428205490112,0.016448739916086197,125,0.37599362929662067,0.665620764096578,1.8549094994862874,4.935079584885223,11.156820309849044,aggregate,3,0.47857871068438673
resnet18_no_weights,CIFAR10,PTQ,layer3.1.conv2,-1.9749188423156738,2.3099498748779297,4.2848687171936035,0.016803406178951263,118,0.39025543133417767,0.6959648331006368,2.3576099475224814,6.022626411562694,10.981993923999942,aggregate,3,1.9976020925684397
resnet18_no_weights,CIFAR10,PTQ,layer4.0.conv1,-1.5108805894851685,1.9338736534118652,3.4447542428970337,0.013508839532732964,112,0.36294490098953247,0.6273102561632792,1.6507819493611653,4.544584401884317,9.492315779879535,aggregate,3,0.5259035900937987
resnet18_no_weights,CIFAR10,PTQ,layer4.0.conv2,-1.9911167621612549,2.9393489360809326,4.9304656982421875,0.01933516003191471,103,0.4060786763827006,0.7434651851654053,2.030232787132263,4.988876955226608,12.154946248247656,aggregate,3,0.43131590676884457
resnet18_no_weights,CIFAR10,PTQ,layer4.0.downsample.0,-1.730907917022705,1.9465829133987427,3.6774908304214478,0.014421531930565834,120,0.39632105827331543,0.6919524073600769,1.8894483248392742,4.773091857231098,9.279884067935612,aggregate,3,0.7495098678139704
resnet18_no_weights,CIFAR10,PTQ,layer4.1.conv1,-1.4418481588363647,2.135125160217285,3.57697331905365,0.014027346856892109,103,0.37806055943171185,0.7166301210721334,2.1966258684794107,5.783923747970681,9.476607265894218,aggregate,3,0.9080807396035002
resnet18_no_weights,CIFAR10,PTQ,layer4.1.conv2,-1.6483802795410156,3.47411847114563,5.1224987506866455,0.020088229328393936,82,0.9352930784225464,1.6346932649612427,3.727269093195597,3.9609879500117686,5.485790130131082,aggregate,3,0.7278434403364707
resnet18_no_weights,CIFAR10,QAT,conv1,-3.875082015991211,4.925522327423096,8.800604343414307,0.034512173384428024,112,0.9335867166519165,1.4857594966888428,3.6968331336975098,3.959817623536151,9.426659769727177,42,3,
resnet18_no_weights,CIFAR10,QAT,layer1.0.conv1,-4.899887561798096,3.893275260925293,8.793162822723389,0.03448299318552017,142,0.696565568447113,1.16453218460083,3.0888671875,4.434424162518052,12.623596716568128,42,3,
resnet18_no_weights,CIFAR10,QAT,layer1.0.conv2,-5.336009502410889,4.227354526519775,9.563364028930664,0.03750338777899742,142,0.7949928045272827,1.4097771644592285,3.816699981689453,4.800923932838528,12.029497593525033,42,3,
resnet18_no_weights,CIFAR10,QAT,layer1.1.conv1,-5.10771369934082,4.155684947967529,9.26339864730835,0.0363270565867424,141,0.6825927495956421,1.3379653692245483,3.5558924674987793,5.2093909136966925,13.570901028169214,42,3,
resnet18_no_weights,CIFAR10,QAT,layer1.1.conv2,-4.28796911239624,2.919454574584961,7.207423686981201,0.028264407068490982,152,0.6680841445922852,1.1212010383605957,2.3641934394836426,3.538765975244705,10.788197482788204,42,3,
resnet18_no_weights,CIFAR10,QAT,layer2.0.conv1,-2.066523790359497,2.285728931427002,4.352252721786499,0.01706765778362751,121,0.5110552310943604,0.8326911926269531,1.8481237888336182,3.616289740105182,8.516208145383226,42,3,
resnet18_no_weights,CIFAR10,QAT,layer2.0.conv2,-2.6365630626678467,3.15761661529541,5.794179677963257,0.0227222740650177,116,0.6378785371780396,1.03363835811615,2.8248958587646484,4.428579571374081,9.083515654244426,42,3,
resnet18_no_weights,CIFAR10,QAT,layer2.0.downsample.0,-2.432910680770874,5.255498886108398,7.6884095668792725,0.030150625854730606,81,0.6270159482955933,1.1299564838409424,4.318328380584717,6.887110913722617,12.261904322814347,42,3,
resnet18_no_weights,CIFAR10,QAT,layer2.1.conv1,-2.464460849761963,2.3227124214172363,4.787173271179199,0.01877322793006897,131,0.47015559673309326,0.7907145023345947,2.214897871017456,4.710989056405619,10.182104189428317,42,3,
resnet18_no_weights,CIFAR10,QAT,layer2.1.conv2,-3.072511911392212,4.2278876304626465,7.300399541854858,0.028629017993807793,107,0.47439128160476685,0.7984329462051392,4.250913143157959,8.960774171013442,15.388983366555827,42,3,
resnet18_no_weights,CIFAR10,QAT,layer3.0.conv1,-1.8534657955169678,2.229480028152466,4.082945823669434,0.01601155288517475,116,0.49581095576286316,0.8065119385719299,1.898765206336975,3.829615268213472,8.234884236043845,42,3,
resnet18_no_weights,CIFAR10,QAT,layer3.0.conv2,-2.2041921615600586,2.7604377269744873,4.964629888534546,0.019469138234853745,113,0.5707904696464539,0.9456335306167603,2.110511064529419,3.6975233062960284,8.69781496458696,42,3,
resnet18_no_weights,CIFAR10,QAT,layer3.0.downsample.0,-1.622721791267395,2.0416901111602783,3.6644119024276733,0.014370243065059185,113,0.36409860849380493,0.6316677331924438,2.2011919021606445,6.045592734524547,10.064339211804548,42,3,
resnet18_no_weights,CIFAR10,QAT,layer3.1.conv1,-2.0638198852539062,2.3378453254699707,4.401665210723877,0.017261432483792305,120,0.3889554738998413,0.6846135854721069,1.851227879524231,4.759485349217465,11.31663006716634,42,3,
resnet18_no_weights,CIFAR10,QAT,layer3.1.conv2,-2.116673231124878,2.8651058673858643,4.981779098510742,0.019536389037966728,108,0.4138725697994232,0.7396327257156372,2.425731897354126,5.861059839094238,12.036987860599417,42,3,
resnet18_no_weights,CIFAR10,QAT,layer4.0.conv1,-1.6333496570587158,2.2599117755889893,3.893261432647705,0.01526769157499075,107,0.3950420022010803,0.6757857799530029,1.6614018678665161,4.205633473427076,9.855310096028715,42,3,
resnet18_no_weights,CIFAR10,QAT,layer4.0.conv2,-2.220700263977051,2.8133530616760254,5.034053325653076,0.01974138617515564,112,0.4603426158428192,0.8315113186836243,1.9902763366699219,4.323467496108351,10.935449277135616,42,3,
resnet18_no_weights,CIFAR10,QAT,layer4.0.downsample.0,-1.6326534748077393,2.5875322818756104,4.22018575668335,0.016549747437238693,99,0.4267524182796478,0.7562902569770813,2.2729902267456055,5.326250372308684,9.8890728579724,42,3,
resnet18_no_weights,CIFAR10,QAT,layer4.1.conv1,-1.7486515045166016,2.7283220291137695,4.476973533630371,0.01755675859749317,100,0.46248599886894226,0.8663665652275085,2.3427574634552,5.065574891314889,9.680235822444953,42,3,
resnet18_no_weights,CIFAR10,QAT,layer4.1.conv2,-2.44282865524292,4.93294095993042,7.37576961517334,0.02892458625137806,84,1.1832317113876343,2.0830063819885254,3.920531988143921,3.3134101718302658,6.233580070739831,42,3,
resnet18_no_weights,CIFAR10,QAT,fc,-6.585628032684326,20.570087432861328,27.155715465545654,0.10649300366640091,62,13.742436408996582,19.15839958190918,20.811315536499023,1.514383251784578,1.9760481080172927,42,3,
resnet18_no_weights,CIFAR10,QAT,conv1,-3.875082015991211,4.925522327423096,8.800604343414307,0.034512173384428024,112,0.9217623472213745,1.5309613943099976,3.305433511734009,3.585993202801287,9.547584982119815,43,3,
resnet18_no_weights,CIFAR10,QAT,layer1.0.conv1,-4.899887561798096,3.893275260925293,8.793162822723389,0.03448299318552017,142,0.6881140470504761,1.1370420455932617,2.660430908203125,3.866264494391249,12.778641651648151,43,3,
resnet18_no_weights,CIFAR10,QAT,layer1.0.conv2,-5.336009502410889,4.227354526519775,9.563364028930664,0.03750338777899742,142,0.7688610553741455,1.3614184856414795,3.4717354774475098,4.515426361084296,12.438351457763602,43,3,
resnet18_no_weights,CIFAR10,QAT,layer1.1.conv1,-5.10771369934082,4.155684947967529,9.26339864730835,0.0363270565867424,141,0.6575354337692261,1.3041177988052368,3.7470297813415527,5.698597503502207,14.088060006450553,43,3,
resnet18_no_weights,CIFAR10,QAT,layer1.1.conv2,-4.28796911239624,2.919454574584961,7.207423686981201,0.028264407068490982,152,0.6573240756988525,1.0939255952835083,2.87021803855896,4.3665189587151625,10.964794921467659,43,3,
resnet18_no_weights,CIFAR10,QAT,layer2.0.conv1,-2.066523790359497,2.285728931427002,4.352252721786499,0.01706765778362751,121,0.5054858922958374,0.8223184943199158,1.8385396003723145,3.637172922911769,8.610037961730745,43,3,
resnet18_no_weights,CIFAR10,QAT,layer2.0.conv2,-2.6365630626678467,3.15761661529541,5.794179677963257,0.0227222740650177,116,0.6344318389892578,1.033907413482666,2.944673776626587,4.641434423149192,9.132863960916948,43,3,
resnet18_no_weights,CIFAR10,QAT,layer2.0.downsample.0,-2.432910680770874,5.255498886108398,7.6884095668792725,0.030150625854730606,81,0.6254557371139526,1.1350698471069336,4.596499919891357,7.349041102574321,12.292491875373925,43,3,
resnet18_no_weights,CIFAR10,QAT,layer2.1.conv1,-2.464460849761963,2.3227124214172363,4.787173271179199,0.01877322793006897,131,0.4676482379436493,0.7876962423324585,2.028183937072754,4.336986162914071,10.23669690755051,43,3,
resnet18_no_weights,CIFAR10,QAT,layer2.1.conv2,-3.072511911392212,4.2278876304626465,7.300399541854858,0.028629017993807793,107,0.4681135416030884,0.7978630661964417,3.7559895515441895,8.023672074688406,15.595360725635317,43,3,
resnet18_no_weights,CIFAR10,QAT,layer3.0.conv1,-1.8534657955169678,2.229480028152466,4.082945823669434,0.01601155288517475,116,0.4960622787475586,0.8126704692840576,1.8760881423950195,3.781960900416988,8.230712147631781,43,3,
resnet18_no_weights,CIFAR10,QAT,layer3.0.conv2,-2.2041921615600586,2.7604377269744873,4.964629888534546,0.019469138234853745,113,0.5680851340293884,0.9592325687408447,2.2729034423828125,4.000990883639687,8.739235708072082,43,3,
resnet18_no_weights,CIFAR10,QAT,layer3.0.downsample.0,-1.622721791267395,2.0416901111602783,3.6644119024276733,0.014370243065059185,113,0.36223143339157104,0.6311519742012024,1.4275312423706055,3.940936955704362,10.116217325806884,43,3,
resnet18_no_weights,CIFAR10,QAT,layer3.1.conv1,-2.0638198852539062,2.3378453254699707,4.401665210723877,0.017261432483792305,120,0.39224955439567566,0.7145615220069885,2.1613481044769287,5.510135270406712,11.22159390978878,43,3,
resnet18_no_weights,CIFAR10,QAT,layer3.1.conv2,-2.116673231124878,2.8651058673858643,4.981779098510742,0.019536389037966728,108,0.4336695969104767,0.8395629525184631,4.029933929443359,9.29263650980649,11.487499086866219,43,3,
resnet18_no_weights,CIFAR10,QAT,layer4.0.conv1,-1.6333496570587158,2.2599117755889893,3.893261432647705,0.01526769157499075,107,0.40810278058052063,0.7406733632087708,1.9769054651260376,4.844136230372938,9.539904205282781,43,3,
resnet18_no_weights,CIFAR10,QAT,layer4.0.conv2,-2.220700263977051,2.8133530616760254,5.034053325653076,0.01974138617515564,112,0.4936663806438446,0.951149046421051,2.726036787033081,5.5220223493399665,10.197278006024257,43,3,
resnet18_no_weights,CIFAR10,QAT,layer4.0.downsample.0,-1.6326534748077393,2.5875322818756104,4.22018575668335,0.016549747437238693,99,0.43886417150497437,0.8164693713188171,2.1191937923431396,4.828814767621374,9.616154679957772,43,3,
resnet18_no_weights,CIFAR10,QAT,layer4.1.conv1,-1.7486515045166016,2.7283220291137695,4.476973533630371,0.01755675859749317,100,0.5044326186180115,0.9786497354507446,3.3098878860473633,6.561605581961426,8.875265731022484,43,3,
resnet18_no_weights,CIFAR10,QAT,layer4.1.conv2,-2.44282865524292,4.93294095993042,7.37576961517334,0.02892458625137806,84,1.268970251083374,2.3043482303619385,5.994668483734131,4.724041780030877,5.812405459368595,43,3,
resnet18_no_weights,CIFAR10,QAT,fc,-6.585628032684326,20.570087432861328,27.155715465545654,0.10649300366640091,62,15.916220664978027,19.790369033813477,20.277694702148438,1.2740269897594079,1.706166057706083,43,3,
resnet18_no_weights,CIFAR10,QAT,conv1,-3.875082015991211,4.925522327423096,8.800604343414307,0.034512173384428024,112,0.9409788846969604,1.5644878149032593,3.9328577518463135,4.179538792852806,9.352605554213383,44,3,
resnet18_no_weights,CIFAR10,QAT,layer1.0.conv1,-4.899887561798096,3.893275260925293,8.793162822723389,0.03448299318552017,142,0.6983599066734314,1.1394686698913574,2.8356881141662598,4.0604967253543816,12.591162148194837,44,3,
resnet18_no_weights,CIFAR10,QAT,layer1.0.conv2,-5.336009502410889,4.227354526519775,9.563364028930664,0.03750338777899742,142,0.784656286239624,1.3806965351104736,3.56723690032959,4.546241408993442,12.18796586051964,44,3,
resnet18_no_weights,CIFAR10,QAT,layer1.1.conv1,-5.10771369934082,4.155684947967529,9.26339864730835,0.0363270565867424,141,0.6778470873832703,1.3284419775009155,3.9470596313476562,5.822935149850247,13.665912002467028,44,3,
resnet18_no_weights,CIFAR10,QAT,layer1.1.conv2,-4.28796911239624,2.919454574584961,7.207423686981201,0.028264407068490982,152,0.6647371053695679,1.1005891561508179,2.6327784061431885,3.9606310297353815,10.84251748362107,44,3,
resnet18_no_weights,CIFAR10,QAT,layer2.0.conv1,-2.066523790359497,2.285728931427002,4.352252721786499,0.01706765778362751,121,0.5181249380111694,0.8360552787780762,2.091172933578491,4.036039920420528,8.400006258128952,44,3,
resnet18_no_weights,CIFAR10,QAT,layer2.0.conv2,-2.6365630626678467,3.15761661529541,5.794179677963257,0.0227222740650177,116,0.6515285968780518,1.0678224563598633,2.8071327209472656,4.308533400373037,8.893208534095654,44,3,
resnet18_no_weights,CIFAR10,QAT,layer2.0.downsample.0,-2.432910680770874,5.255498886108398,7.6884095668792725,0.030150625854730606,81,0.6345144510269165,1.1477701663970947,4.602872848510742,7.2541655135849465,12.116996790910164,44,3,
resnet18_no_weights,CIFAR10,QAT,layer2.1.conv1,-2.464460849761963,2.3227124214172363,4.787173271179199,0.01877322793006897,131,0.4733176827430725,0.7951251864433289,2.0135738849639893,4.254169996976433,10.114080765872812,44,3,
resnet18_no_weights,CIFAR10,QAT,layer2.1.conv2,-3.072511911392212,4.2278876304626465,7.300399541854858,0.028629017993807793,107,0.47886770963668823,0.8212907910346985,3.600743055343628,7.519285562343455,15.245128027934046,44,3,
resnet18_no_weights,CIFAR10,QAT,layer3.0.conv1,-1.8534657955169678,2.229480028152466,4.082945823669434,0.01601155288517475,116,0.5021628141403198,0.8163895010948181,1.9583361148834229,3.8998031310542305,8.130721169904334,44,3,
resnet18_no_weights,CIFAR10,QAT,layer3.0.conv2,-2.2041921615600586,2.7604377269744873,4.964629888534546,0.019469138234853745,113,0.5795339345932007,0.9548395872116089,2.389521360397339,4.1231776394157915,8.566590482780667,44,3,
resnet18_no_weights,CIFAR10,QAT,layer3.0.downsample.0,-1.622721791267395,2.0416901111602783,3.6644119024276733,0.014370243065059185,113,0.37028396129608154,0.6451681852340698,1.8960840702056885,5.120621653632918,9.896220969445622,44,3,
resnet18_no_weights,CIFAR10,QAT,layer3.1.conv1,-2.0638198852539062,2.3378453254699707,4.401665210723877,0.017261432483792305,120,0.3949861228466034,0.701691746711731,1.9239075183868408,4.870823067204334,11.143847735717301,44,3,
resnet18_no_weights,CIFAR10,QAT,layer3.1.conv2,-2.116673231124878,2.8651058673858643,4.981779098510742,0.019536389037966728,108,0.41321733593940735,0.7433109879493713,2.0937187671661377,5.066870591008197,12.0560747703994,44,3,
resnet18_no_weights,CIFAR10,QAT,layer4.0.conv1,-1.6333496570587158,2.2599117755889893,3.893261432647705,0.01526769157499075,107,0.39375850558280945,0.685977041721344,1.8209364414215088,4.6245005900921585,9.887434499694717,44,3,
resnet18_no_weights,CIFAR10,QAT,layer4.0.conv2,-2.220700263977051,2.8133530616760254,5.034053325653076,0.01974138617515564,112,0.458038330078125,0.8403233885765076,2.1861929893493652,4.772947689719501,10.990463013858351,44,3,
resnet18_no_weights,CIFAR10,QAT,layer4.0.downsample.0,-1.6326534748077393,2.5875322818756104,4.22018575668335,0.016549747437238693,99,0.4322398900985718,0.7625120878219604,2.464416265487671,5.7015012310077715,9.763526813133655,44,3,
resnet18_no_weights,CIFAR10,QAT,layer4.1.conv1,-1.7486515045166016,2.7283220291137695,4.476973533630371,0.01755675859749317,100,0.455340176820755,0.8621981143951416,1.858327865600586,4.0811858039316355,9.832151348666812,44,3,
resnet18_no_weights,CIFAR10,QAT,layer4.1.conv2,-2.44282865524292,4.93294095993042,7.37576961517334,0.02892458625137806,84,1.1359106302261353,1.9966230392456055,3.5306739807128906,3.1082321854933337,6.49326577188998,44,3,
resnet18_no_weights,CIFAR10,QAT,fc,-6.585628032684326,20.570087432861328,27.155715465545654,0.10649300366640091,62,14.23866081237793,17.007801055908203,17.60846710205078,1.2366659571484009,1.9071818497100999,44,3,
resnet18_no_weights,CIFAR10,QAT,conv1,-3.875082015991211,4.925522327423096,8.800604343414307,0.034512173384428024,112,0.9321093161900839,1.5270695686340332,3.6450414657592773,3.9084498730634145,9.442283435353458,aggregate,3,0.30008844730991113
resnet18_no_weights,CIFAR10,QAT,fc,-6.585628032684326,20.570087432861328,27.155715465545654,0.10649300366640091,62,14.632439295450846,18.65218989054362,19.565825780232746,1.3416920662307956,1.863132005144492,aggregate,3,0.15071710541746208
resnet18_no_weights,CIFAR10,QAT,layer1.0.conv1,-4.899887561798096,3.893275260925293,8.793162822723389,0.03448299318552017,142,0.6943465073903402,1.1470143000284831,2.8616620699564614,4.120395127421228,12.664466838803705,aggregate,3,0.2887771044406239
resnet18_no_weights,CIFAR10,QAT,layer1.0.conv2,-5.336009502410889,4.227354526519775,9.563364028930664,0.03750338777899742,142,0.7828367153803507,1.3839640617370605,3.6185574531555176,4.620863900972089,12.218604970602758,aggregate,3,0.15669589369609566
resnet18_no_weights,CIFAR10,QAT,layer1.1.conv1,-5.10771369934082,4.155684947967529,9.26339864730835,0.0363270565867424,141,0.6726584235827128,1.323508381843567,3.7499939600626626,5.576974522349715,13.774957679028931,aggregate,3,0.3243504965120706
resnet18_no_weights,CIFAR10,QAT,layer1.1.conv2,-4.28796911239624,2.919454574584961,7.207423686981201,0.028264407068490982,152,0.6633817752202352,1.1052385965983074,2.62239662806193,3.9553053212317497,10.865169962625645,aggregate,3,0.4139021898822958
resnet18_no_weights,CIFAR10,QAT,layer2.0.conv1,-2.066523790359497,2.285728931427002,4.352252721786499,0.01706765778362751,121,0.5115553538004557,0.8303549885749817,1.9259454409281414,3.763167527812493,8.508750788414307,aggregate,3,0.2365449932185387
resnet18_no_weights,CIFAR10,QAT,layer2.0.conv2,-2.6365630626678467,3.15761661529541,5.794179677963257,0.0227222740650177,116,0.6412796576817831,1.045122742652893,2.858900785446167,4.45951579829877,9.036529383085677,aggregate,3,0.1685928834310764
resnet18_no_weights,CIFAR10,QAT,layer2.0.downsample.0,-2.432910680770874,5.255498886108398,7.6884095668792725,0.030150625854730606,81,0.6289953788121542,1.1375988324483235,4.5059003829956055,7.163439176627295,12.223797663032812,aggregate,3,0.24396378011183886
resnet18_no_weights,CIFAR10,QAT,layer2.1.conv1,-2.464460849761963,2.3227124214172363,4.787173271179199,0.01877322793006897,131,0.47037383913993835,0.7911786437034607,2.085551897684733,4.4340484054320415,10.177627287617213,aggregate,3,0.24338595369578037
resnet18_no_weights,CIFAR10,QAT,layer2.1.conv2,-3.072511911392212,4.2278876304626465,7.300399541854858,0.028629017993807793,107,0.47379084428151447,0.8058622678120931,3.869215250015259,8.167910602681768,15.40982404004173,aggregate,3,0.7314888358338784
resnet18_no_weights,CIFAR10,QAT,layer3.0.conv1,-1.8534657955169678,2.229480028152466,4.082945823669434,0.01601155288517475,116,0.4980120162169139,0.8118573029836019,1.9110631545384724,3.83712643322823,8.198772517859986,aggregate,3,0.059279094378199365
resnet18_no_weights,CIFAR10,QAT,layer3.0.conv2,-2.2041921615600586,2.7604377269744873,4.964629888534546,0.019469138234853745,113,0.5728031794230143,0.9532352288564047,2.25764528910319,3.940563943117169,8.667880385146569,aggregate,3,0.21916652158026206
resnet18_no_weights,CIFAR10,QAT,layer3.0.downsample.0,-1.622721791267395,2.0416901111602783,3.6644119024276733,0.014370243065059185,113,0.36553800106048584,0.6359959642092387,1.8416024049123128,5.035717114620609,10.025592502352351,aggregate,3,1.054893630841029
resnet18_no_weights,CIFAR10,QAT,layer3.1.conv1,-2.0638198852539062,2.3378453254699707,4.401665210723877,0.017261432483792305,120,0.3920637170473735,0.7002889513969421,1.9788278341293335,5.046814562276171,11.227357237557474,aggregate,3,0.40509083030669896
resnet18_no_weights,CIFAR10,QAT,layer3.1.conv2,-2.116673231124878,2.8651058673858643,4.981779098510742,0.019536389037966728,108,0.4202531675497691,0.7741688887278239,2.849794864654541,6.740188979969641,11.860187239288345,aggregate,3,2.2458685257315354
resnet18_no_weights,CIFAR10,QAT,layer4.0.conv1,-1.6333496570587158,2.2599117755889893,3.893261432647705,0.01526769157499075,107,0.3989677627881368,0.7008120616277059,1.8197479248046875,4.558090097964057,9.760882933668737,aggregate,3,0.3243905173635462
resnet18_no_weights,CIFAR10,QAT,layer4.0.conv2,-2.220700263977051,2.8133530616760254,5.034053325653076,0.01974138617515564,112,0.47068244218826294,0.8743279178937277,2.300835371017456,4.872812511722606,10.707730099006074,aggregate,3,0.6054858966619692
resnet18_no_weights,CIFAR10,QAT,layer4.0.downsample.0,-1.6326534748077393,2.5875322818756104,4.22018575668335,0.016549747437238693,99,0.4326188266277313,0.7784239053726196,2.2855334281921387,5.2855221236459435,9.75625145035461,aggregate,3,0.4377665000017876
resnet18_no_weights,CIFAR10,QAT,layer4.1.conv1,-1.7486515045166016,2.7283220291137695,4.476973533630371,0.01755675859749317,100,0.47408626476923627,0.902404805024465,2.5036577383677163,5.23612209240265,9.462550967378084,aggregate,3,1.2489737105557868
resnet18_no_weights,CIFAR10,QAT,layer4.1.conv2,-2.44282865524292,4.93294095993042,7.37576961517334,0.02892458625137806,84,1.1960375308990479,2.127992550532023,4.4819581508636475,3.7152280457848255,6.179750433999469,aggregate,3,0.8796609371353924
resnet50_no_weights,CIFAR10,PTQ,conv1,-4.129914283752441,6.346264362335205,10.476178646087646,0.04108305647969246,101,1.3083404302597046,2.0356554985046387,4.356001853942871,3.3294101085588315,8.007226868322133,42,3,
resnet50_no_weights,CIFAR10,PTQ,layer1.0.conv1,-1.6446564197540283,3.922759532928467,5.567415952682495,0.02183300442993641,75,0.5685288310050964,1.1558078527450562,3.5137245655059814,6.18038061375727,9.79267127550931,42,3,
resnet50_no_weights,CIFAR10,PTQ,layer1.0.conv2,-4.314816474914551,5.028055667877197,9.342872142791748,0.036638714373111725,118,0.6749661564826965,1.2697844505310059,5.451565742492676,8.076798651507548,13.841986080425444,42,3,
resnet50_no_weights,CIFAR10,PTQ,layer1.0.conv3,-3.969074249267578,3.157248020172119,7.126322269439697,0.027946362271904945,142,0.5621753931045532,1.1586995124816895,2.7281534671783447,4.8528510864063445,12.676332612292665,42,3,
resnet50_no_weights,CIFAR10,PTQ,layer1.0.downsample.0,-4.229605674743652,4.078453540802002,8.308059215545654,0.032580625265836716,130,0.7079561948776245,1.1538946628570557,3.5915610790252686,5.073140266321275,11.735272995219377,42,3,
resnet50_no_weights,CIFAR10,PTQ,layer1.1.conv1,-4.465834617614746,2.63987398147583,7.105708599090576,0.027865523472428322,160,0.5074641704559326,0.7824985980987549,1.9305140972137451,3.8042372439403342,14.002384823950097,42,3,
resnet50_no_weights,CIFAR10,PTQ,layer1.1.conv2,-1.6478463411331177,3.4764697551727295,5.124316096305847,0.020095357671380043,82,0.49174851179122925,0.8895336985588074,1.8915228843688965,3.8465248780904058,10.420603160831455,42,3,
resnet50_no_weights,CIFAR10,PTQ,layer1.1.conv3,-6.74623966217041,4.373737812042236,11.119977474212646,0.04360775649547577,155,0.3339283764362335,0.7279073596000671,3.391798496246338,10.157263460040303,33.30048674775053,42,3,
resnet50_no_weights,CIFAR10,PTQ,layer1.2.conv1,-2.571638822555542,2.5384724140167236,5.110111236572266,0.020039651542901993,128,0.6196814775466919,1.0717341899871826,2.374018430709839,3.8310301610248803,8.246351426870312,42,3,
resnet50_no_weights,CIFAR10,PTQ,layer1.2.conv2,-2.502774477005005,2.9622864723205566,5.4650609493255615,0.021431611850857735,117,0.6216075420379639,1.1257376670837402,3.568854808807373,5.741331253972157,8.791818920678073,42,3,
resnet50_no_weights,CIFAR10,PTQ,layer1.2.conv3,-4.87325382232666,7.127985000610352,12.001238822937012,0.0470636822283268,104,0.28229454159736633,0.699959933757782,4.3706254959106445,15.482500905541492,42.51318057737811,42,3,
resnet50_no_weights,CIFAR10,PTQ,layer2.0.conv1,-2.5183446407318115,2.955221176147461,5.4735658168792725,0.021464964374899864,117,0.6773518323898315,1.3251591920852661,3.0248005390167236,4.465626863877563,8.080831194576454,42,3,
resnet50_no_weights,CIFAR10,PTQ,layer2.0.conv2,-3.4626734256744385,3.1966981887817383,6.659371614456177,0.026115182787179947,133,0.6168835163116455,1.1938297748565674,3.0994744300842285,5.024407928122356,10.795184890451678,42,3,
resnet50_no_weights,CIFAR10,PTQ,layer2.0.conv3,-10.075788497924805,11.57698917388916,21.652777671813965,0.08491285890340805,119,0.5916721820831299,1.1318280696868896,7.139951705932617,12.067411519660485,36.59590281155343,42,3,
resnet50_no_weights,CIFAR10,PTQ,layer2.0.downsample.0,-2.4615488052368164,3.496164321899414,5.9577131271362305,0.02336358092725277,105,0.5630637407302856,0.9331485629081726,2.911261558532715,5.170394305193316,10.580885779306552,42,3,
resnet50_no_weights,CIFAR10,PTQ,layer2.1.conv1,-3.304333448410034,5.246185302734375,8.55051875114441,0.033531446009874344,99,0.5077983140945435,0.9698022603988647,2.701134204864502,5.319305184541429,16.838415004175157,42,3,
resnet50_no_weights,CIFAR10,PTQ,layer2.1.conv2,-5.011257648468018,10.468344688415527,15.479602336883545,0.06070432439446449,83,0.49709439277648926,1.6051379442214966,5.586968898773193,11.239251498226588,31.140166861314217,42,3,
resnet50_no_weights,CIFAR10,PTQ,layer2.1.conv3,-42.703941345214844,43.509254455566406,86.21319580078125,0.3380909562110901,126,0.5494216680526733,2.275938034057617,26.446697235107422,48.135519170263166,156.9162645265675,42,3,
resnet50_no_weights,CIFAR10,PTQ,layer2.2.conv1,-9.040843963623047,9.03685474395752,18.077698707580566,0.07089293003082275,128,0.44354236125946045,1.4778227806091309,4.940659999847412,11.139093875539112,40.75754716245828,42,3,
resnet50_no_weights,CIFAR10,PTQ,layer2.2.conv2,-9.940485000610352,15.290626525878906,25.231111526489258,0.09894553571939468,100,0.3863864243030548,3.1490325927734375,7.585639953613281,19.632263134751415,65.30020192091355,42,3,
resnet50_no_weights,CIFAR10,PTQ,layer2.2.conv3,-42.623756408691406,38.54410934448242,81.16786575317383,0.3183053433895111,134,0.1689031422138214,2.2718825340270996,22.794189453125,134.95420602814423,480.5586485207013,42,3,
resnet50_no_weights,CIFAR10,PTQ,layer2.3.conv1,-11.200364112854004,13.416670799255371,24.617034912109375,0.09653738886117935,116,0.5606749653816223,2.1334798336029053,7.517427444458008,13.407817200008717,43.90607113223584,42,3,
resnet50_no_weights,CIFAR10,PTQ,layer2.3.conv2,-18.29684829711914,19.528587341308594,37.825435638427734,0.1483350396156311,123,0.4973277449607849,5.357172966003418,12.249235153198242,24.6301061569853,76.05736060715923,42,3,
resnet50_no_weights,CIFAR10,PTQ,layer2.3.conv3,-31.194107055664062,21.6603946685791,52.854501724243164,0.20727254450321198,150,0.11125126481056213,2.8997764587402344,13.121278762817383,117.94273786603868,475.09124336018505,42,3,
resnet50_no_weights,CIFAR10,PTQ,layer3.0.conv1,-16.343652725219727,10.817795753479004,27.16144847869873,0.10651548951864243,153,0.4940159320831299,1.9835693836212158,6.371304512023926,12.896961612468408,54.98091602869231,42,3,
resnet50_no_weights,CIFAR10,PTQ,layer3.0.conv2,-20.18657112121582,19.514982223510742,39.70155334472656,0.15569236874580383,130,0.494016170501709,2.838317394256592,11.330828666687012,22.936149347459093,80.36488624331218,42,3,
resnet50_no_weights,CIFAR10,PTQ,layer3.0.conv3,-20.9580020904541,31.62518310546875,52.58318519592285,0.20620855689048767,102,0.19522367417812347,1.28993558883667,19.262666702270508,98.66972734410845,269.3484046814198,42,3,
resnet50_no_weights,CIFAR10,PTQ,layer3.0.downsample.0,-18.07193374633789,15.606222152709961,33.67815589904785,0.13207119703292847,137,0.430207759141922,2.9388391971588135,9.037115097045898,21.00639726970761,78.28346928521506,42,3,
resnet50_no_weights,CIFAR10,PTQ,layer3.1.conv1,-26.877540588378906,28.762094497680664,55.63963508605957,0.2181946337223053,123,0.40969783067703247,3.9871673583984375,16.960538864135742,41.39767798161921,135.80651621736476,42,3,
resnet50_no_weights,CIFAR10,PTQ,layer3.1.conv2,-29.28882598876953,28.912206649780273,58.201032638549805,0.22823935747146606,128,0.39381885528564453,8.368973731994629,20.49768829345703,52.048519308679765,147.78630290907594,42,3,
resnet50_no_weights,CIFAR10,PTQ,layer3.1.conv3,-51.725738525390625,47.840179443359375,99.56591796875,0.39045459032058716,132,0.09628848731517792,3.6580708026885986,30.352262496948242,315.2221344759232,1034.0376170086065,42,3,
resnet50_no_weights,CIFAR10,PTQ,layer3.2.conv1,-39.264041900634766,36.81121826171875,76.07526016235352,0.2983343303203583,132,0.3664237856864929,4.36732816696167,25.040599822998047,68.33781212124268,207.6155073280162,42,3,
resnet50_no_weights,CIFAR10,PTQ,layer3.2.conv2,-39.593116760253906,36.93125915527344,76.52437591552734,0.3000955879688263,132,0.3451845049858093,8.315313339233398,29.156768798828125,84.46720051940562,221.69122544673112,42,3,
resnet50_no_weights,CIFAR10,PTQ,layer3.2.conv3,-72.50521850585938,52.89249801635742,125.3977165222168,0.49175575375556946,147,0.07385165244340897,2.9739937782287598,32.75966262817383,443.58740182932127,1697.9676469433984,42,3,
resnet50_no_weights,CIFAR10,PTQ,layer3.3.conv1,-52.10789489746094,41.44572067260742,93.55361557006836,0.3668769299983978,142,0.35242652893066406,3.8585526943206787,27.597736358642578,78.30777223945057,265.45565640001513,42,3,
resnet50_no_weights,CIFAR10,PTQ,layer3.3.conv2,-30.944995880126953,41.5314826965332,72.47647857666016,0.28422147035598755,109,0.34653979539871216,7.711867332458496,28.77878761291504,83.04612628920017,209.14330630706402,42,3,
resnet50_no_weights,CIFAR10,PTQ,layer3.3.conv3,-36.499977111816406,31.290647506713867,67.79062461853027,0.2658455967903137,137,0.08215777575969696,2.698716163635254,20.783695220947266,252.97295391415457,825.1273113431268,42,3,
resnet50_no_weights,CIFAR10,PTQ,layer3.4.conv1,-48.78162384033203,42.412010192871094,91.19363403320312,0.35762208700180054,136,0.2643028497695923,6.066589832305908,29.09663200378418,110.08822655203815,345.0346226410414,42,3,
resnet50_no_weights,CIFAR10,PTQ,layer3.4.conv2,-42.26999282836914,49.074974060058594,91.34496688842773,0.3582155704498291,118,0.2585446536540985,11.773018836975098,39.22260284423828,151.7053332563333,353.30441220662897,42,3,
resnet50_no_weights,CIFAR10,PTQ,layer3.4.conv3,-29.101869583129883,27.984045028686523,57.085914611816406,0.2238663285970688,130,0.044776953756809235,4.3867411613464355,19.65148162841797,438.87491174920683,1274.8950033952533,42,3,
resnet50_no_weights,CIFAR10,PTQ,layer3.5.conv1,-52.00236892700195,48.78786849975586,100.79023742675781,0.39525583386421204,132,0.23447638750076294,10.025907516479492,34.63853073120117,147.72715965307367,429.8523979367853,42,3,
resnet50_no_weights,CIFAR10,PTQ,layer3.5.conv2,-61.12300491333008,73.40970611572266,134.53271102905273,0.5275792479515076,116,0.22751258313655853,24.61642837524414,54.44660186767578,239.31248600432627,591.3198697599199,42,3,
resnet50_no_weights,CIFAR10,PTQ,layer3.5.conv3,-46.99320983886719,45.30756759643555,92.30077743530273,0.36196383833885193,130,0.01648685336112976,10.248641014099121,36.38029861450195,2206.624746252307,5598.447163539146,42,3,
resnet50_no_weights,CIFAR10,PTQ,layer4.0.conv1,-64.69898223876953,58.931182861328125,123.63016510009766,0.48482418060302734,133,0.26152467727661133,14.17552375793457,44.473350524902344,170.05412639459428,472.72848737457997,42,3,
resnet50_no_weights,CIFAR10,PTQ,layer4.0.conv2,-86.23670196533203,84.69078826904297,170.927490234375,0.6703038811683655,129,0.2497674822807312,36.27513885498047,69.16365814208984,276.9121805229712,684.346451642002,42,3,
resnet50_no_weights,CIFAR10,PTQ,layer4.0.conv3,-173.0734100341797,204.38475036621094,377.4581604003906,1.480228066444397,117,0.02094699814915657,19.627338409423828,131.7016143798828,6287.374135524319,18019.677937269927,42,3,
resnet50_no_weights,CIFAR10,PTQ,layer4.0.downsample.0,-81.84884643554688,82.09917449951172,163.9480209350586,0.6429334282875061,127,0.2584228515625,22.63904571533203,61.359901428222656,237.43992087860178,634.4176606046292,42,3,
resnet50_no_weights,CIFAR10,PTQ,layer4.1.conv1,-54.29488754272461,71.11144256591797,125.40633010864258,0.4917895197868347,110,0.1657743602991104,7.317341327667236,49.643775939941406,299.4659478725662,756.4880955195309,42,3,
resnet50_no_weights,CIFAR10,PTQ,layer4.1.conv2,-28.255952835083008,37.39591979980469,65.6518726348877,0.25745832920074463,110,0.227594792842865,5.5872087478637695,27.780803680419922,122.06256273885943,288.45946699762493,42,3,
resnet50_no_weights,CIFAR10,PTQ,layer4.1.conv3,-22.94931983947754,21.629844665527344,44.57916450500488,0.17482024431228638,131,0.04123356193304062,0.24639564752578735,15.604389190673828,378.4390302252779,1081.1378502152495,42,3,
resnet50_no_weights,CIFAR10,PTQ,layer4.2.conv1,-104.3327407836914,157.138671875,261.4714126586914,1.0253781080245972,102,0.24547342956066132,6.8445024490356445,111.23712921142578,453.1534407227439,1065.17195415676,42,3,
resnet50_no_weights,CIFAR10,PTQ,layer4.2.conv2,-77.68695831298828,121.63396453857422,199.3209228515625,0.7816506624221802,99,0.22281289100646973,4.308050155639648,84.21122741699219,377.9459394678694,894.5663868513554,42,3,
resnet50_no_weights,CIFAR10,PTQ,layer4.2.conv3,-67.93933868408203,25.90550994873047,93.8448486328125,0.3680190145969391,185,0.0,0.036639872938394547,17.88025665283203,inf,inf,42,3,
resnet50_no_weights,CIFAR10,PTQ,fc,-28.772472381591797,65.03076171875,93.8032341003418,0.36785584688186646,78,2.8222951889038086,11.722516059875488,19.192319869995117,6.800252484379388,33.23650710568492,42,3,
resnet50_no_weights,CIFAR10,PTQ,conv1,-4.129914283752441,6.346264362335205,10.476178646087646,0.04108305647969246,101,1.2130792140960693,1.902280569076538,4.358159065246582,3.592641778545419,8.636021889051996,43,3,
resnet50_no_weights,CIFAR10,PTQ,layer1.0.conv1,-1.6446564197540283,3.922759532928467,5.567415952682495,0.02183300442993641,75,0.5377243161201477,0.9010990262031555,3.2879278659820557,6.114523311323362,10.353662249929807,43,3,
resnet50_no_weights,CIFAR10,PTQ,layer1.0.conv2,-4.314816474914551,5.028055667877197,9.342872142791748,0.036638714373111725,118,0.6130855083465576,1.0527092218399048,4.132630348205566,6.7407079305314825,15.239101260097835,43,3,
resnet50_no_weights,CIFAR10,PTQ,layer1.0.conv3,-3.969074249267578,3.157248020172119,7.126322269439697,0.027946362271904945,142,0.548149585723877,1.141238808631897,2.5340826511383057,4.62297649608152,13.00068896344927,43,3,
resnet50_no_weights,CIFAR10,PTQ,layer1.0.downsample.0,-4.229605674743652,4.078453540802002,8.308059215545654,0.032580625265836716,130,0.6727837920188904,1.0852086544036865,2.6560683250427246,3.9478779907470596,12.348780268048403,43,3,
resnet50_no_weights,CIFAR10,PTQ,layer1.1.conv1,-4.465834617614746,2.63987398147583,7.105708599090576,0.027865523472428322,160,0.4873863458633423,0.763206422328949,1.9305140972137451,3.9609523606864436,14.579211460066093,43,3,
resnet50_no_weights,CIFAR10,PTQ,layer1.1.conv2,-1.6478463411331177,3.4764697551727295,5.124316096305847,0.020095357671380043,82,0.48196735978126526,0.8744673728942871,2.008427143096924,4.167143484588713,10.632081182077252,43,3,
resnet50_no_weights,CIFAR10,PTQ,layer1.1.conv3,-6.74623966217041,4.373737812042236,11.119977474212646,0.04360775649547577,155,0.33620479702949524,0.7367774248123169,3.3967437744140625,10.103198420800839,33.075011339701646,43,3,
resnet50_no_weights,CIFAR10,PTQ,layer1.2.conv1,-2.571638822555542,2.5384724140167236,5.110111236572266,0.020039651542901993,128,0.5981366038322449,1.0346463918685913,2.2724647521972656,3.799240403676428,8.543384912128639,43,3,
resnet50_no_weights,CIFAR10,PTQ,layer1.2.conv2,-2.502774477005005,2.9622864723205566,5.4650609493255615,0.021431611850857735,117,0.5936083793640137,1.0969438552856445,2.4168875217437744,4.0715185394337,9.206509104842448,43,3,
resnet50_no_weights,CIFAR10,PTQ,layer1.2.conv3,-4.87325382232666,7.127985000610352,12.001238822937012,0.0470636822283268,104,0.270071804523468,0.6667241454124451,4.443292140960693,16.45226220042008,44.43721492553718,43,3,
resnet50_no_weights,CIFAR10,PTQ,layer2.0.conv1,-2.5183446407318115,2.955221176147461,5.4735658168792725,0.021464964374899864,117,0.6530987024307251,1.2860841751098633,2.656132698059082,4.0669697982454975,8.380916692235902,43,3,
resnet50_no_weights,CIFAR10,PTQ,layer2.0.conv2,-3.4626734256744385,3.1966981887817383,6.659371614456177,0.026115182787179947,133,0.5913158655166626,1.1590428352355957,2.9958391189575195,5.0663939421613575,11.261953217909259,43,3,
resnet50_no_weights,CIFAR10,PTQ,layer2.0.conv3,-10.075788497924805,11.57698917388916,21.652777671813965,0.08491285890340805,119,0.5844292640686035,1.0926554203033447,7.3085784912109375,12.505497141486426,37.04944122933625,43,3,
resnet50_no_weights,CIFAR10,PTQ,layer2.0.downsample.0,-2.4615488052368164,3.496164321899414,5.9577131271362305,0.02336358092725277,105,0.5377210378646851,0.8942320346832275,2.3637609481811523,4.395887052453361,11.079561162037816,43,3,
resnet50_no_weights,CIFAR10,PTQ,layer2.1.conv1,-3.304333448410034,5.246185302734375,8.55051875114441,0.033531446009874344,99,0.47993743419647217,0.8918426036834717,2.7524988651275635,5.735120182354377,17.81590295297549,43,3,
resnet50_no_weights,CIFAR10,PTQ,layer2.1.conv2,-5.011257648468018,10.468344688415527,15.479602336883545,0.06070432439446449,83,0.46025604009628296,1.0768263339996338,5.7128424644470215,12.412313944325266,33.63258922934569,43,3,
resnet50_no_weights,CIFAR10,PTQ,layer2.1.conv3,-42.703941345214844,43.509254455566406,86.21319580078125,0.3380909562110901,126,0.4749639332294464,1.5610020160675049,26.761127471923828,56.34349389429537,181.51524730433212,43,3,
resnet50_no_weights,CIFAR10,PTQ,layer2.2.conv1,-9.040843963623047,9.03685474395752,18.077698707580566,0.07089293003082275,128,0.41435348987579346,0.9697694182395935,5.002647399902344,12.073380633048213,43.62868697690838,43,3,
resnet50_no_weights,CIFAR10,PTQ,layer2.2.conv2,-9.940485000610352,15.290626525878906,25.231111526489258,0.09894553571939468,100,0.36505091190338135,1.5902364253997803,7.24252986907959,19.839780241383107,69.11669223049967,43,3,
resnet50_no_weights,CIFAR10,PTQ,layer2.2.conv3,-42.623756408691406,38.54410934448242,81.16786575317383,0.3183053433895111,134,0.16001349687576294,1.0903335809707642,21.592540740966797,134.94199653502724,507.2563711059566,43,3,
resnet50_no_weights,CIFAR10,PTQ,layer2.3.conv1,-11.200364112854004,13.416670799255371,24.617034912109375,0.09653738886117935,116,0.5066949129104614,1.1975258588790894,7.185237884521484,14.180600004940636,48.583544623941144,43,3,
resnet50_no_weights,CIFAR10,PTQ,layer2.3.conv2,-18.29684829711914,19.528587341308594,37.825435638427734,0.1483350396156311,123,0.44169193506240845,2.1263792514801025,10.768741607666016,24.38066161689019,85.63759633302615,43,3,
resnet50_no_weights,CIFAR10,PTQ,layer2.3.conv3,-31.194107055664062,21.6603946685791,52.854501724243164,0.20727254450321198,150,0.0967654436826706,1.0218313932418823,11.460041999816895,118.43114198286094,546.2125704458347,43,3,
resnet50_no_weights,CIFAR10,PTQ,layer3.0.conv1,-16.343652725219727,10.817795753479004,27.16144847869873,0.10651548951864243,153,0.4689492881298065,1.0086121559143066,5.595504283905029,11.932002938356476,57.91979893395288,43,3,
resnet50_no_weights,CIFAR10,PTQ,layer3.0.conv2,-20.18657112121582,19.514982223510742,39.70155334472656,0.15569236874580383,130,0.4661729037761688,1.0179671049118042,8.675431251525879,18.609900277883494,85.16486699061582,43,3,
resnet50_no_weights,CIFAR10,PTQ,layer3.0.conv3,-20.9580020904541,31.62518310546875,52.58318519592285,0.20620855689048767,102,0.1836683303117752,0.43104273080825806,15.042560577392578,81.90067689872271,286.2942408561313,43,3,
resnet50_no_weights,CIFAR10,PTQ,layer3.0.downsample.0,-18.07193374633789,15.606222152709961,33.67815589904785,0.13207119703292847,137,0.4071580171585083,1.11165189743042,8.255002975463867,20.274690973971808,82.71519773596108,43,3,
resnet50_no_weights,CIFAR10,PTQ,layer3.1.conv1,-26.877540588378906,28.762094497680664,55.63963508605957,0.2181946337223053,123,0.39012953639030457,0.989328920841217,13.811059951782227,35.40121591297556,142.61836107275656,43,3,
resnet50_no_weights,CIFAR10,PTQ,layer3.1.conv2,-29.28882598876953,28.912206649780273,58.201032638549805,0.22823935747146606,128,0.3725893497467041,2.338352918624878,11.211576461791992,30.09097406947867,156.20691433643066,43,3,
resnet50_no_weights,CIFAR10,PTQ,layer3.1.conv3,-51.725738525390625,47.840179443359375,99.56591796875,0.39045459032058716,132,0.09450535476207733,0.9011441469192505,18.901966094970703,200.0094718712764,1053.5478991578088,43,3,
resnet50_no_weights,CIFAR10,PTQ,layer3.2.conv1,-39.264041900634766,36.81121826171875,76.07526016235352,0.2983343303203583,132,0.35071149468421936,1.0191330909729004,16.985118865966797,48.43045957549865,216.91692834548147,43,3,
resnet50_no_weights,CIFAR10,PTQ,layer3.2.conv2,-39.593116760253906,36.93125915527344,76.52437591552734,0.3000955879688263,132,0.3327922821044922,2.1381664276123047,13.850814819335938,41.620000114626976,229.9463660383198,43,3,
resnet50_no_weights,CIFAR10,PTQ,layer3.2.conv3,-72.50521850585938,52.89249801635742,125.3977165222168,0.49175575375556946,147,0.07267940789461136,0.7209327816963196,15.716331481933594,216.2418756179609,1725.3541292473037,43,3,
resnet50_no_weights,CIFAR10,PTQ,layer3.3.conv1,-52.10789489746094,41.44572067260742,93.55361557006836,0.3668769299983978,142,0.34295934438705444,0.9608777165412903,13.413347244262695,39.110604401916405,272.78339867738475,43,3,
resnet50_no_weights,CIFAR10,PTQ,layer3.3.conv2,-30.944995880126953,41.5314826965332,72.47647857666016,0.28422147035598755,109,0.3297951817512512,1.9660371541976929,11.466302871704102,34.76795146253103,219.76209049447456,43,3,
resnet50_no_weights,CIFAR10,PTQ,layer3.3.conv3,-36.499977111816406,31.290647506713867,67.79062461853027,0.2658455967903137,137,0.07993730902671814,0.6084117293357849,8.65765380859375,108.30554485765873,848.0473691686573,43,3,
resnet50_no_weights,CIFAR10,PTQ,layer3.4.conv1,-48.78162384033203,42.412010192871094,91.19363403320312,0.35762208700180054,136,0.25537538528442383,1.3836619853973389,14.171187400817871,55.491594794990675,357.09641292028357,43,3,
resnet50_no_weights,CIFAR10,PTQ,layer3.4.conv2,-42.26999282836914,49.074974060058594,91.34496688842773,0.3582155704498291,118,0.25155988335609436,2.8664028644561768,14.496391296386719,57.62600579626769,363.1142043388723,43,3,
resnet50_no_weights,CIFAR10,PTQ,layer3.4.conv3,-29.101869583129883,27.984045028686523,57.085914611816406,0.2238663285970688,130,0.04477694630622864,0.9669020771980286,7.182499885559082,160.4062018083616,1274.8952155291472,43,3,
resnet50_no_weights,CIFAR10,PTQ,layer3.5.conv1,-52.00236892700195,48.78786849975586,100.79023742675781,0.39525583386421204,132,0.22033493220806122,2.199500322341919,14.42664909362793,65.47599578992275,457.4410258813708,43,3,
resnet50_no_weights,CIFAR10,PTQ,layer3.5.conv2,-61.12300491333008,73.40970611572266,134.53271102905273,0.5275792479515076,116,0.2147182673215866,6.157156467437744,17.139814376831055,79.82466788054185,626.5545670949421,43,3,
resnet50_no_weights,CIFAR10,PTQ,layer3.5.conv3,-46.99320983886719,45.30756759643555,92.30077743530273,0.36196383833885193,130,0.01648685336112976,2.5060019493103027,10.368167877197266,628.8748768544143,5598.447163539146,43,3,
resnet50_no_weights,CIFAR10,PTQ,layer4.0.conv1,-64.69898223876953,58.931182861328125,123.63016510009766,0.48482418060302734,133,0.24831438064575195,3.2272114753723145,14.806533813476562,59.628176890003516,497.8775887992964,43,3,
resnet50_no_weights,CIFAR10,PTQ,layer4.0.conv2,-86.23670196533203,84.69078826904297,170.927490234375,0.6703038811683655,129,0.23943525552749634,8.70461368560791,16.134126663208008,67.38408939678973,713.8777030049611,43,3,
resnet50_no_weights,CIFAR10,PTQ,layer4.0.conv3,-173.0734100341797,204.38475036621094,377.4581604003906,1.480228066444397,117,0.02094699814915657,4.663326263427734,32.334312438964844,1543.6251155761324,18019.677937269927,43,3,
resnet50_no_weights,CIFAR10,PTQ,layer4.0.downsample.0,-81.84884643554688,82.09917449951172,163.9480209350586,0.6429334282875061,127,0.25341111421585083,5.392793655395508,15.3131742477417,60.42818719741797,646.9646031208038,43,3,
resnet50_no_weights,CIFAR10,PTQ,layer4.1.conv1,-54.29488754272461,71.11144256591797,125.40633010864258,0.4917895197868347,110,0.1631709635257721,1.5768492221832275,11.145366668701172,68.30484068901642,768.5578818613474,43,3,
resnet50_no_weights,CIFAR10,PTQ,layer4.1.conv2,-28.255952835083008,37.39591979980469,65.6518726348877,0.25745832920074463,110,0.227594792842865,1.222032070159912,6.514746189117432,28.62432003712543,288.45946699762493,43,3,
resnet50_no_weights,CIFAR10,PTQ,layer4.1.conv3,-22.94931983947754,21.629844665527344,44.57916450500488,0.17482024431228638,131,0.04123356193304062,0.10056965053081512,3.3570151329040527,81.41462865506323,1081.1378502152495,43,3,
resnet50_no_weights,CIFAR10,PTQ,layer4.2.conv1,-104.3327407836914,157.138671875,261.4714126586914,1.0253781080245972,102,0.23877806961536407,1.6368049383163452,24.027000427246094,100.62482063763233,1095.0394777873987,43,3,
resnet50_no_weights,CIFAR10,PTQ,layer4.2.conv2,-77.68695831298828,121.63396453857422,199.3209228515625,0.7816506624221802,99,0.22281289100646973,1.1746470928192139,18.975557327270508,85.16364220021508,894.5663868513554,43,3,
resnet50_no_weights,CIFAR10,PTQ,layer4.2.conv3,-67.93933868408203,25.90550994873047,93.8448486328125,0.3680190145969391,185,0.0,0.012213294394314289,4.204426288604736,inf,inf,43,3,
resnet50_no_weights,CIFAR10,PTQ,fc,-28.772472381591797,65.03076171875,93.8032341003418,0.36785584688186646,78,2.833071708679199,3.3813610076904297,4.0142998695373535,1.4169425564624527,33.11008112254018,43,3,
resnet50_no_weights,CIFAR10,PTQ,conv1,-4.129914283752441,6.346264362335205,10.476178646087646,0.04108305647969246,101,1.2421622276306152,2.0076069831848145,4.354922771453857,3.5059211064248292,8.433824836286178,44,3,
resnet50_no_weights,CIFAR10,PTQ,layer1.0.conv1,-1.6446564197540283,3.922759532928467,5.567415952682495,0.02183300442993641,75,0.5474954843521118,1.041475534439087,4.005277156829834,7.315635053263585,10.168880131076866,44,3,
resnet50_no_weights,CIFAR10,PTQ,layer1.0.conv2,-4.314816474914551,5.028055667877197,9.342872142791748,0.036638714373111725,118,0.638707160949707,1.2057087421417236,5.687208652496338,8.904250649139284,14.627786744866984,44,3,
resnet50_no_weights,CIFAR10,PTQ,layer1.0.conv3,-3.969074249267578,3.157248020172119,7.126322269439697,0.027946362271904945,142,0.5525862574577332,1.1368021965026855,2.7377424240112305,4.9544164138404,12.896307451121844,44,3,
resnet50_no_weights,CIFAR10,PTQ,layer1.0.downsample.0,-4.229605674743652,4.078453540802002,8.308059215545654,0.032580625265836716,130,0.6896443963050842,1.157884120941162,3.7918407917022705,5.498255060169937,12.046874099257298,44,3,
resnet50_no_weights,CIFAR10,PTQ,layer1.1.conv1,-4.465834617614746,2.63987398147583,7.105708599090576,0.027865523472428322,160,0.5000444650650024,0.7760930061340332,1.9305140972137451,3.8606848632206963,14.21015348738413,44,3,
resnet50_no_weights,CIFAR10,PTQ,layer1.1.conv2,-1.6478463411331177,3.4764697551727295,5.124316096305847,0.020095357671380043,82,0.4961252212524414,0.8930927515029907,1.7922515869140625,3.6124984381757894,10.328674852227401,44,3,
resnet50_no_weights,CIFAR10,PTQ,layer1.1.conv3,-6.74623966217041,4.373737812042236,11.119977474212646,0.04360775649547577,155,0.343034029006958,0.768961489200592,3.384183883666992,9.865446566522262,32.4165433569481,44,3,
resnet50_no_weights,CIFAR10,PTQ,layer1.2.conv1,-2.571638822555542,2.5384724140167236,5.110111236572266,0.020039651542901993,128,0.6121960878372192,1.054301142692566,2.3580126762390137,3.851727776584552,8.34718048366723,44,3,
resnet50_no_weights,CIFAR10,PTQ,layer1.2.conv2,-2.502774477005005,2.9622864723205566,5.4650609493255615,0.021431611850857735,117,0.6127025485038757,1.1157255172729492,2.384871244430542,3.892380161065147,8.919598853751122,44,3,
resnet50_no_weights,CIFAR10,PTQ,layer1.2.conv3,-4.87325382232666,7.127985000610352,12.001238822937012,0.0470636822283268,104,0.2832154333591461,0.7059036493301392,4.380589008331299,15.467338613486731,42.37494645187014,44,3,
resnet50_no_weights,CIFAR10,PTQ,layer2.0.conv1,-2.5183446407318115,2.955221176147461,5.4735658168792725,0.021464964374899864,117,0.6697106957435608,1.3110990524291992,2.6777336597442627,3.9983438770844937,8.173030312442789,44,3,
resnet50_no_weights,CIFAR10,PTQ,layer2.0.conv2,-3.4626734256744385,3.1966981887817383,6.659371614456177,0.026115182787179947,133,0.6120286583900452,1.1827619075775146,2.8604252338409424,4.67367858453778,10.880816646680893,44,3,
resnet50_no_weights,CIFAR10,PTQ,layer2.0.conv3,-10.075788497924805,11.57698917388916,21.652777671813965,0.08491285890340805,119,0.5935083627700806,1.1370306015014648,7.01988410949707,11.82777623677142,36.482683362293315,44,3,
resnet50_no_weights,CIFAR10,PTQ,layer2.0.downsample.0,-2.4615488052368164,3.496164321899414,5.9577131271362305,0.02336358092725277,105,0.5484697222709656,0.9154105186462402,3.2632176876068115,5.949676992369423,10.862428471836202,44,3,
resnet50_no_weights,CIFAR10,PTQ,layer2.1.conv1,-3.304333448410034,5.246185302734375,8.55051875114441,0.033531446009874344,99,0.4941878914833069,0.9515135288238525,2.671360731124878,5.405556828004786,17.30216158368428,44,3,
resnet50_no_weights,CIFAR10,PTQ,layer2.1.conv2,-5.011257648468018,10.468344688415527,15.479602336883545,0.06070432439446449,83,0.4917581081390381,1.3182158470153809,5.482837200164795,11.149459682349752,31.47808257897985,44,3,
resnet50_no_weights,CIFAR10,PTQ,layer2.1.conv3,-42.703941345214844,43.509254455566406,86.21319580078125,0.3380909562110901,126,0.523337721824646,1.9840354919433594,25.8287410736084,49.35386844188311,164.7372092731901,44,3,
resnet50_no_weights,CIFAR10,PTQ,layer2.2.conv1,-9.040843963623047,9.03685474395752,18.077698707580566,0.07089293003082275,128,0.43564289808273315,1.1918245553970337,4.7981109619140625,11.013862461733167,41.49659913461374,44,3,
resnet50_no_weights,CIFAR10,PTQ,layer2.2.conv2,-9.940485000610352,15.290626525878906,25.231111526489258,0.09894553571939468,100,0.384869247674942,2.272303581237793,7.730195999145508,20.085252448318187,65.55761905871806,44,3,
resnet50_no_weights,CIFAR10,PTQ,layer2.2.conv3,-42.623756408691406,38.54410934448242,81.16786575317383,0.3183053433895111,134,0.1669706106185913,1.6298964023590088,23.14629364013672,138.62495653806695,486.1206738866427,44,3,
resnet50_no_weights,CIFAR10,PTQ,layer2.3.conv1,-11.200364112854004,13.416670799255371,24.617034912109375,0.09653738886117935,116,0.5386927127838135,1.5275896787643433,7.640061378479004,14.182596491787129,45.6977314300307,44,3,
resnet50_no_weights,CIFAR10,PTQ,layer2.3.conv2,-18.29684829711914,19.528587341308594,37.825435638427734,0.1483350396156311,123,0.47670572996139526,3.4718000888824463,12.336345672607422,25.87832471324909,79.3475581707208,44,3,
resnet50_no_weights,CIFAR10,PTQ,layer2.3.conv3,-31.194107055664062,21.6603946685791,52.854501724243164,0.20727254450321198,150,0.1048775240778923,1.8026187419891357,13.116644859313965,125.06630924631918,503.96404938953594,44,3,
resnet50_no_weights,CIFAR10,PTQ,layer3.0.conv1,-16.343652725219727,10.817795753479004,27.16144847869873,0.10651548951864243,153,0.4840172529220581,1.3307428359985352,6.369080066680908,13.158787270970544,56.116694838298606,44,3,
resnet50_no_weights,CIFAR10,PTQ,layer3.0.conv2,-20.18657112121582,19.514982223510742,39.70155334472656,0.15569236874580383,130,0.48845160007476807,1.5938632488250732,10.658864974975586,21.821742365761555,81.28042438319248,44,3,
resnet50_no_weights,CIFAR10,PTQ,layer3.0.conv3,-20.9580020904541,31.62518310546875,52.58318519592285,0.20620855689048767,102,0.19157461822032928,0.7182528376579285,18.515228271484375,96.64760626165037,274.47887243312744,44,3,
resnet50_no_weights,CIFAR10,PTQ,layer3.0.downsample.0,-18.07193374633789,15.606222152709961,33.67815589904785,0.13207119703292847,137,0.42048341035842896,1.9857368469238281,8.756428718566895,20.82467108774334,80.09389923454978,44,3,
resnet50_no_weights,CIFAR10,PTQ,layer3.1.conv1,-26.877540588378906,28.762094497680664,55.63963508605957,0.2181946337223053,123,0.40518853068351746,2.2587523460388184,16.35173797607422,40.3558756919656,137.3178924689709,44,3,
resnet50_no_weights,CIFAR10,PTQ,layer3.1.conv2,-29.28882598876953,28.912206649780273,58.201032638549805,0.22823935747146606,128,0.3913145661354065,4.54951810836792,16.347930908203125,41.77695471358011,148.73208838949918,44,3,
resnet50_no_weights,CIFAR10,PTQ,layer3.1.conv3,-51.725738525390625,47.840179443359375,99.56591796875,0.39045459032058716,132,0.09539692103862762,1.8687095642089844,27.06597900390625,283.71962857110276,1043.7015878996167,44,3,
resnet50_no_weights,CIFAR10,PTQ,layer3.2.conv1,-39.264041900634766,36.81121826171875,76.07526016235352,0.2983343303203583,132,0.36249446868896484,1.9794518947601318,23.26372718811035,64.17677839953907,209.8659889556252,44,3,
resnet50_no_weights,CIFAR10,PTQ,layer3.2.conv2,-39.593116760253906,36.93125915527344,76.52437591552734,0.3000955879688263,132,0.33482736349105835,3.9173741340637207,23.690021514892578,70.75294345088741,228.54875156453855,44,3,
resnet50_no_weights,CIFAR10,PTQ,layer3.2.conv3,-72.50521850585938,52.89249801635742,125.3977165222168,0.49175575375556946,147,0.07150715589523315,1.3000234365463257,29.029560089111328,405.9672032214962,1753.63870863414,44,3,
resnet50_no_weights,CIFAR10,PTQ,layer3.3.conv1,-52.10789489746094,41.44572067260742,93.55361557006836,0.3668769299983978,142,0.3494902551174164,1.6418925523757935,24.844717025756836,71.08843998356947,267.685905973652,44,3,
resnet50_no_weights,CIFAR10,PTQ,layer3.3.conv2,-30.944995880126953,41.5314826965332,72.47647857666016,0.28422147035598755,109,0.3342731297016144,3.3577322959899902,23.31097984313965,69.73632569254958,216.818141025441,44,3,
resnet50_no_weights,CIFAR10,PTQ,layer3.3.conv3,-36.499977111816406,31.290647506713867,67.79062461853027,0.2658455967903137,137,0.07882706075906754,1.0688836574554443,17.20761489868164,218.29578234911207,859.991784112441,44,3,
resnet50_no_weights,CIFAR10,PTQ,layer3.4.conv1,-48.78162384033203,42.412010192871094,91.19363403320312,0.35762208700180054,136,0.2616736888885498,2.584480047225952,25.240076065063477,96.45630086949075,348.5013507492672,44,3,
resnet50_no_weights,CIFAR10,PTQ,layer3.4.conv2,-42.26999282836914,49.074974060058594,91.34496688842773,0.3582155704498291,118,0.25227418541908264,4.671672344207764,30.22338104248047,119.80370085140822,362.08606416341706,44,3,
resnet50_no_weights,CIFAR10,PTQ,layer3.4.conv3,-29.101869583129883,27.984045028686523,57.085914611816406,0.2238663285970688,130,0.043377675116062164,1.6231646537780762,15.015670776367188,346.16126235882774,1316.020613347216,44,3,
resnet50_no_weights,CIFAR10,PTQ,layer3.5.conv1,-52.00236892700195,48.78786849975586,100.79023742675781,0.39525583386421204,132,0.2237834930419922,3.98075270652771,28.16317367553711,125.85009418122002,450.3917427361136,44,3,
resnet50_no_weights,CIFAR10,PTQ,layer3.5.conv2,-61.12300491333008,73.40970611572266,134.53271102905273,0.5275792479515076,116,0.21340544521808624,10.501604080200195,36.99203872680664,173.3415878353208,630.4089892906397,44,3,
resnet50_no_weights,CIFAR10,PTQ,layer3.5.conv3,-46.99320983886719,45.30756759643555,92.30077743530273,0.36196383833885193,130,0.01648685336112976,4.057311058044434,23.94096565246582,1452.1246188135724,5598.447163539146,44,3,
resnet50_no_weights,CIFAR10,PTQ,layer4.0.conv1,-64.69898223876953,58.931182861328125,123.63016510009766,0.48482418060302734,133,0.25245365500450134,5.192770004272461,30.23432159423828,119.7618691387106,489.7143006223985,44,3,
resnet50_no_weights,CIFAR10,PTQ,layer4.0.conv2,-86.23670196533203,84.69078826904297,170.927490234375,0.6703038811683655,129,0.23304978013038635,14.44813060760498,37.77130126953125,162.07396225990436,733.4376807338962,44,3,
resnet50_no_weights,CIFAR10,PTQ,layer4.0.conv3,-173.0734100341797,204.38475036621094,377.4581604003906,1.480228066444397,117,0.02094699814915657,7.4856061935424805,81.48905944824219,3890.249995153761,18019.677937269927,44,3,
resnet50_no_weights,CIFAR10,PTQ,layer4.0.downsample.0,-81.84884643554688,82.09917449951172,163.9480209350586,0.6429334282875061,127,0.24607671797275543,7.837813377380371,34.12211608886719,138.6645448215261,666.2475925626179,44,3,
resnet50_no_weights,CIFAR10,PTQ,layer4.1.conv1,-54.29488754272461,71.11144256591797,125.40633010864258,0.4917895197868347,110,0.16333869099617004,2.3889646530151367,25.981094360351562,159.06270707753356,767.768673446655,44,3,
resnet50_no_weights,CIFAR10,PTQ,layer4.1.conv2,-28.255952835083008,37.39591979980469,65.6518726348877,0.25745832920074463,110,0.227594792842865,1.91159987449646,13.62840747833252,59.880137449988965,288.45946699762493,44,3,
resnet50_no_weights,CIFAR10,PTQ,layer4.1.conv3,-22.94931983947754,21.629844665527344,44.57916450500488,0.17482024431228638,131,0.04123356193304062,0.10056965053081512,7.49043083190918,181.6585926792579,1081.1378502152495,44,3,
resnet50_no_weights,CIFAR10,PTQ,layer4.2.conv1,-104.3327407836914,157.138671875,261.4714126586914,1.0253781080245972,102,0.23931187391281128,2.4014089107513428,54.0503044128418,225.8571776197532,1092.5969045478853,44,3,
resnet50_no_weights,CIFAR10,PTQ,layer4.2.conv2,-77.68695831298828,121.63396453857422,199.3209228515625,0.7816506624221802,99,0.20866228640079498,1.7439277172088623,40.905033111572266,196.03462521733599,955.2321422794641,44,3,
resnet50_no_weights,CIFAR10,PTQ,layer4.2.conv3,-67.93933868408203,25.90550994873047,93.8448486328125,0.3680190145969391,185,0.0,0.003053323132917285,8.677544593811035,inf,inf,44,3,
resnet50_no_weights,CIFAR10,PTQ,fc,-28.772472381591797,65.03076171875,93.8032341003418,0.36785584688186646,78,2.8502724170684814,4.103034019470215,6.176041603088379,2.1668250256024533,32.91026974776638,44,3,
resnet50_no_weights,CIFAR10,PTQ,conv1,-4.129914283752441,6.346264362335205,10.476178646087646,0.04108305647969246,101,1.2545272906621296,1.9818476835886638,4.3563612302144366,3.475990997843027,8.359024531220102,aggregate,3,0.13414390247331717
resnet50_no_weights,CIFAR10,PTQ,fc,-28.772472381591797,65.03076171875,93.8032341003418,0.36785584688186646,78,2.8352131048838296,6.402303695678711,9.794220447540283,3.461340022148098,33.08561932533049,aggregate,3,2.915790330633092
resnet50_no_weights,CIFAR10,PTQ,layer1.0.conv1,-1.6446564197540283,3.922759532928467,5.567415952682495,0.02183300442993641,75,0.5512495438257853,1.0327941377957661,3.6023098627726235,6.536846326114739,10.105071218838662,aggregate,3,0.6752541797142447
resnet50_no_weights,CIFAR10,PTQ,layer1.0.conv2,-4.314816474914551,5.028055667877197,9.342872142791748,0.036638714373111725,118,0.6422529419263204,1.1760674715042114,5.090468247731526,7.907252410392772,14.569624695130088,aggregate,3,1.0916907619455802
resnet50_no_weights,CIFAR10,PTQ,layer1.0.conv3,-3.969074249267578,3.157248020172119,7.126322269439697,0.027946362271904945,142,0.5543037454287211,1.1455801725387573,2.6666595141092935,4.810081332109422,12.857776342287927,aggregate,3,0.16980884453693115
resnet50_no_weights,CIFAR10,PTQ,layer1.0.downsample.0,-4.229605674743652,4.078453540802002,8.308059215545654,0.032580625265836716,130,0.6901281277338663,1.1323291460673015,3.3464900652567544,4.839757772412757,12.043642454175027,aggregate,3,0.8011041166385845
resnet50_no_weights,CIFAR10,PTQ,layer1.1.conv1,-4.465834617614746,2.63987398147583,7.105708599090576,0.027865523472428322,160,0.49829832712809247,0.773932675520579,1.9305140972137451,3.8752914892824912,14.263916590466772,aggregate,3,0.0793720485931194
resnet50_no_weights,CIFAR10,PTQ,layer1.1.conv2,-1.6478463411331177,3.4764697551727295,5.124316096305847,0.020095357671380043,82,0.4899470309416453,0.8856979409853617,1.8974005381266277,3.8753889336183027,10.46045306504537,aggregate,3,0.27844682105159113
resnet50_no_weights,CIFAR10,PTQ,layer1.1.conv3,-6.74623966217041,4.373737812042236,11.119977474212646,0.04360775649547577,155,0.33772240082422894,0.7445487578709921,3.390908718109131,10.041969482454467,32.93068048146676,aggregate,3,0.15524500637346636
resnet50_no_weights,CIFAR10,PTQ,layer1.2.conv1,-2.571638822555542,2.5384724140167236,5.110111236572266,0.020039651542901993,128,0.610004723072052,1.0535605748494465,2.334831953048706,3.82733278042862,8.378972274222061,aggregate,3,0.026438306416151563
resnet50_no_weights,CIFAR10,PTQ,layer1.2.conv2,-2.502774477005005,2.9622864723205566,5.4650609493255615,0.021431611850857735,117,0.6093061566352844,1.1128023465474446,2.7902045249938965,4.568409984823668,8.972642293090548,aggregate,3,1.0197209752509777
resnet50_no_weights,CIFAR10,PTQ,layer1.2.conv3,-4.87325382232666,7.127985000610352,12.001238822937012,0.0470636822283268,104,0.27852725982666016,0.6908625761667887,4.398168881734212,15.800700573149435,43.10844731826181,aggregate,3,0.5643198466949102
resnet50_no_weights,CIFAR10,PTQ,layer2.0.conv1,-2.5183446407318115,2.955221176147461,5.4735658168792725,0.021464964374899864,117,0.6667204101880392,1.3074474732081096,2.786222298940023,4.1769801797358515,8.211592733085048,aggregate,3,0.25231936204600464
resnet50_no_weights,CIFAR10,PTQ,layer2.0.conv2,-3.4626734256744385,3.1966981887817383,6.659371614456177,0.026115182787179947,133,0.6067426800727844,1.1785448392232258,2.985246260960897,4.921493484940497,10.97931825168061,aggregate,3,0.21563829666811873
resnet50_no_weights,CIFAR10,PTQ,layer2.0.conv3,-10.075788497924805,11.57698917388916,21.652777671813965,0.08491285890340805,119,0.5898699363072714,1.1205046971638997,7.156138102213542,12.133561632639443,36.709342467727666,aggregate,3,0.3436688584339266
resnet50_no_weights,CIFAR10,PTQ,layer2.0.downsample.0,-2.4615488052368164,3.496164321899414,5.9577131271362305,0.02336358092725277,105,0.5497515002886454,0.9142637054125468,2.8460800647735596,5.171986116672033,10.84095847106019,aggregate,3,0.7768961930296274
resnet50_no_weights,CIFAR10,PTQ,layer2.1.conv1,-3.304333448410034,5.246185302734375,8.55051875114441,0.033531446009874344,99,0.49397454659144086,0.937719464302063,2.708331267038981,5.486660731633531,17.318826513611643,aggregate,3,0.2194513852528869
resnet50_no_weights,CIFAR10,PTQ,layer2.1.conv2,-5.011257648468018,10.468344688415527,15.479602336883545,0.06070432439446449,83,0.4830361803372701,1.3333933750788372,5.594216187795003,11.600341708300535,32.083612889879916,aggregate,3,0.7046203421743269
resnet50_no_weights,CIFAR10,PTQ,layer2.1.conv3,-42.703941345214844,43.509254455566406,86.21319580078125,0.3380909562110901,126,0.5159077743689219,1.940325180689494,26.345521926879883,51.27762716881388,167.72290703469656,aggregate,3,4.42926043456124
resnet50_no_weights,CIFAR10,PTQ,layer2.2.conv1,-9.040843963623047,9.03685474395752,18.077698707580566,0.07089293003082275,128,0.43117958307266235,1.2131389180819194,4.913806120554606,11.40877899010683,41.960944424660134,aggregate,3,0.5789578867251465
resnet50_no_weights,CIFAR10,PTQ,layer2.2.conv2,-9.940485000610352,15.290626525878906,25.231111526489258,0.09894553571939468,100,0.3787688612937927,2.337190866470337,7.519455273946126,19.852431941484237,66.65817107004376,aggregate,3,0.22675951730414834
resnet50_no_weights,CIFAR10,PTQ,layer2.2.conv3,-42.623756408691406,38.54410934448242,81.16786575317383,0.3183053433895111,134,0.16529574990272522,1.6640375057856243,22.51100794474284,136.17371970041282,491.3118978377669,aggregate,3,2.122842149957237
resnet50_no_weights,CIFAR10,PTQ,layer2.3.conv1,-11.200364112854004,13.416670799255371,24.617034912109375,0.09653738886117935,116,0.5353541970252991,1.619531790415446,7.447575569152832,13.923671232245495,46.06244906206923,aggregate,3,0.44674381184425876
resnet50_no_weights,CIFAR10,PTQ,layer2.3.conv2,-18.29684829711914,19.528587341308594,37.825435638427734,0.1483350396156311,123,0.47190846999486286,3.651784102121989,11.78477414449056,24.963030829041525,80.34750503696873,aggregate,3,0.8024199745124998
resnet50_no_weights,CIFAR10,PTQ,layer2.3.conv3,-31.194107055664062,21.6603946685791,52.854501724243164,0.20727254450321198,150,0.10429807752370834,1.9080755313237507,12.565988540649414,120.4800630317396,508.42262106518524,aggregate,3,3.9793058943603934
resnet50_no_weights,CIFAR10,PTQ,layer3.0.conv1,-16.343652725219727,10.817795753479004,27.16144847869873,0.10651548951864243,153,0.48232749104499817,1.4409747918446858,6.111962954203288,12.662583940598475,56.3391366003146,aggregate,3,0.6461034123808768
resnet50_no_weights,CIFAR10,PTQ,layer3.0.conv2,-20.18657112121582,19.514982223510742,39.70155334472656,0.15569236874580383,130,0.4828802247842153,1.816715915997823,10.221708297729492,21.12259733036805,82.27005920570683,aggregate,3,2.246265921120533
resnet50_no_weights,CIFAR10,PTQ,layer3.0.conv3,-20.9580020904541,31.62518310546875,52.58318519592285,0.20620855689048767,102,0.19015554090340933,0.8130770524342855,17.606818517049152,92.40600350149384,276.70717265689285,aggregate,3,9.153887627188709
resnet50_no_weights,CIFAR10,PTQ,layer3.0.downsample.0,-18.07193374633789,15.606222152709961,33.67815589904785,0.13207119703292847,137,0.41928306221961975,2.012075980504354,8.682848930358887,20.70191977714092,80.36418875190864,aggregate,3,0.38098482777639714
resnet50_no_weights,CIFAR10,PTQ,layer3.1.conv1,-26.877540588378906,28.762094497680664,55.63963508605957,0.2181946337223053,123,0.4016719659169515,2.411749541759491,15.707778930664062,39.05158986218679,138.58092325303073,aggregate,3,3.2039445187911535
resnet50_no_weights,CIFAR10,PTQ,layer3.1.conv2,-29.28882598876953,28.912206649780273,58.201032638549805,0.22823935747146606,128,0.3859075903892517,5.085614919662476,16.019065221150715,41.305482697246184,150.9084352116686,aggregate,3,10.986362575007716
resnet50_no_weights,CIFAR10,PTQ,layer3.1.conv3,-51.725738525390625,47.840179443359375,99.56591796875,0.39045459032058716,132,0.09539692103862762,2.1426415046056113,25.4400691986084,266.31707830610077,1043.7623680220106,aggregate,3,59.54515910556866
resnet50_no_weights,CIFAR10,PTQ,layer3.2.conv1,-39.264041900634766,36.81121826171875,76.07526016235352,0.2983343303203583,132,0.3598765830198924,2.4553043842315674,21.76314862569173,60.31501669876013,211.46614154304095,aggregate,3,10.500503507943682
resnet50_no_weights,CIFAR10,PTQ,layer3.2.conv2,-39.593116760253906,36.93125915527344,76.52437591552734,0.3000955879688263,132,0.33760138352711994,4.790284633636475,22.232535044352215,65.61338136164001,226.72878101652984,aggregate,3,21.881087027013482
resnet50_no_weights,CIFAR10,PTQ,layer3.2.conv3,-72.50521850585938,52.89249801635742,125.3977165222168,0.49175575375556946,147,0.07267940541108449,1.664983332157135,25.835184733072918,355.26549355625946,1725.653494941614,aggregate,3,121.85850234724518
resnet50_no_weights,CIFAR10,PTQ,layer3.3.conv1,-52.10789489746094,41.44572067260742,93.55361557006836,0.3668769299983978,142,0.3482920428117116,2.153774321079254,21.95193354288737,62.835605541645485,268.64165368368396,aggregate,3,20.861122905186836
resnet50_no_weights,CIFAR10,PTQ,layer3.3.conv2,-30.944995880126953,41.5314826965332,72.47647857666016,0.28422147035598755,109,0.33686936895052594,4.34521226088206,21.185356775919598,62.5168011480936,215.24117927565987,aggregate,3,24.93565102688537
resnet50_no_weights,CIFAR10,PTQ,layer3.3.conv3,-36.499977111816406,31.290647506713867,67.79062461853027,0.2658455967903137,137,0.08030738184849422,1.4586705168088276,15.549654642740885,193.19142704030847,844.3888215414083,aggregate,3,75.5303667565759
resnet50_no_weights,CIFAR10,PTQ,layer3.4.conv1,-48.78162384033203,42.412010192871094,91.19363403320312,0.35762208700180054,136,0.26045064131418866,3.3449106216430664,22.835965156555176,87.34537407217319,350.21079543686403,aggregate,3,28.415748980683592
resnet50_no_weights,CIFAR10,PTQ,layer3.4.conv2,-42.26999282836914,49.074974060058594,91.34496688842773,0.3582155704498291,118,0.2541262408097585,6.437031348546346,27.980791727701824,109.71167996800307,359.5015602363061,aggregate,3,47.8447136888484
resnet50_no_weights,CIFAR10,PTQ,layer3.4.conv3,-29.101869583129883,27.984045028686523,57.085914611816406,0.2238663285970688,130,0.04431052505970001,2.32560263077418,13.949884096781412,315.14745863879875,1288.6036107572056,aggregate,3,141.80126099551447
resnet50_no_weights,CIFAR10,PTQ,layer3.5.conv1,-52.00236892700195,48.78786849975586,100.79023742675781,0.39525583386421204,132,0.22619827091693878,5.402053515116374,25.74278450012207,113.01774987473881,445.8950555180899,aggregate,3,42.60064887429282
resnet50_no_weights,CIFAR10,PTQ,layer3.5.conv2,-61.12300491333008,73.40970611572266,134.53271102905273,0.5275792479515076,116,0.21854543189207712,13.75839630762736,36.19281832377116,164.1595805733963,616.094475381834,aggregate,3,80.13939714952852
resnet50_no_weights,CIFAR10,PTQ,layer3.5.conv3,-46.99320983886719,45.30756759643555,92.30077743530273,0.36196383833885193,130,0.01648685336112976,5.603984673817952,23.563144048055012,1429.208080640098,5598.447163539146,aggregate,3,789.1245392127018
resnet50_no_weights,CIFAR10,PTQ,layer4.0.conv1,-64.69898223876953,58.931182861328125,123.63016510009766,0.48482418060302734,133,0.2540975709756215,7.531835079193115,29.83806864420573,116.48139080776946,486.7734589320916,aggregate,3,55.286017532079825
resnet50_no_weights,CIFAR10,PTQ,layer4.0.conv2,-86.23670196533203,84.69078826904297,170.927490234375,0.6703038811683655,129,0.2407508393128713,19.80929438273112,41.0230286916097,168.79007739322176,710.5539451269531,aggregate,3,104.92537774346268
resnet50_no_weights,CIFAR10,PTQ,layer4.0.conv3,-173.0734100341797,204.38475036621094,377.4581604003906,1.480228066444397,117,0.02094699814915657,10.592090288798014,81.84166208902995,3907.0830820847377,18019.677937269927,aggregate,3,2371.919308424417
resnet50_no_weights,CIFAR10,PTQ,layer4.0.downsample.0,-81.84884643554688,82.09917449951172,163.9480209350586,0.6429334282875061,127,0.2526368945837021,11.95655091603597,36.93173058827718,145.51088429918195,649.209952096017,aggregate,3,88.70424306867777
resnet50_no_weights,CIFAR10,PTQ,layer4.1.conv1,-54.29488754272461,71.11144256591797,125.40633010864258,0.4917895197868347,110,0.16409467160701752,3.7610517342885337,28.923412322998047,175.6111652130387,764.2715502758444,aggregate,3,116.4656729194404
resnet50_no_weights,CIFAR10,PTQ,layer4.1.conv2,-28.255952835083008,37.39591979980469,65.6518726348877,0.25745832920074463,110,0.227594792842865,2.906946897506714,15.974652449289957,70.18900674199128,288.45946699762493,aggregate,3,47.56449189633721
resnet50_no_weights,CIFAR10,PTQ,layer4.1.conv3,-22.94931983947754,21.629844665527344,44.57916450500488,0.17482024431228638,131,0.04123356193304062,0.14917831619580588,8.817278385162354,213.837417186533,1081.1378502152495,aggregate,3,151.10420689722224
resnet50_no_weights,CIFAR10,PTQ,layer4.2.conv1,-104.3327407836914,157.138671875,261.4714126586914,1.0253781080245972,102,0.24118779102961221,3.6275720993677774,63.104811350504555,259.8784796600431,1084.269445497348,aggregate,3,178.70980314231704
resnet50_no_weights,CIFAR10,PTQ,layer4.2.conv2,-77.68695831298828,121.63396453857422,199.3209228515625,0.7816506624221802,99,0.21809602280457815,2.408874988555908,48.030605951944985,219.71473562847348,914.7883053273916,aggregate,3,147.82059775330373
