model,dataset,variant,layer,per_param_residual,matched_count_ratio
resnet50_no_weights,CIFAR10,fp32_unfused,conv1,1.1641377085505558,1.0
resnet50_no_weights,CIFAR10,fp32_unfused,layer1.0.conv1,-0.17094772735212382,1.0
resnet50_no_weights,CIFAR10,fp32_unfused,layer1.0.conv2,-0.6178872285067052,1.0
resnet50_no_weights,CIFAR10,fp32_unfused,layer1.0.conv3,-0.5636263286041556,1.0
resnet50_no_weights,CIFAR10,fp32_unfused,layer1.0.downsample.0,0.5511429531091321,1.0
resnet50_no_weights,CIFAR10,fp32_unfused,layer1.1.conv1,-0.5468493744642116,1.0
resnet50_no_weights,CIFAR10,fp32_unfused,layer1.1.conv2,-0.7061529936975401,1.0
resnet50_no_weights,CIFAR10,fp32_unfused,layer1.1.conv3,-0.3957454659602595,1.0
resnet50_no_weights,CIFAR10,fp32_unfused,layer1.2.conv1,-0.160208885715301,1.0
resnet50_no_weights,CIFAR10,fp32_unfused,layer1.2.conv2,-0.08451879964452447,1.0
resnet50_no_weights,CIFAR10,fp32_unfused,layer1.2.conv3,-0.2400041787961742,1.0
resnet50_no_weights,CIFAR10,fp32_unfused,layer2.0.conv1,0.06946182288907155,1.0
resnet50_no_weights,CIFAR10,fp32_unfused,layer2.0.conv2,0.5884651207193077,1.0
resnet50_no_weights,CIFAR10,fp32_unfused,layer2.0.conv3,0.6013249023803144,1.0
resnet50_no_weights,CIFAR10,fp32_unfused,layer2.0.downsample.0,0.28748772353130336,1.0
resnet50_no_weights,CIFAR10,fp32_unfused,layer2.1.conv1,-0.2197263641367453,1.0
resnet50_no_weights,CIFAR10,fp32_unfused,layer2.1.conv2,-0.16188125047991164,1.0
resnet50_no_weights,CIFAR10,fp32_unfused,layer2.1.conv3,0.017684805311418916,1.0
resnet50_no_weights,CIFAR10,fp32_unfused,layer2.2.conv1,0.0908742754932117,1.0
resnet50_no_weights,CIFAR10,fp32_unfused,layer2.2.conv2,0.07784036495449076,1.0
resnet50_no_weights,CIFAR10,fp32_unfused,layer2.2.conv3,-0.17090302110043876,1.0
resnet50_no_weights,CIFAR10,fp32_unfused,layer2.3.conv1,-0.1844571271895905,1.0
resnet50_no_weights,CIFAR10,fp32_unfused,layer2.3.conv2,-0.5511391379864419,1.0
resnet50_no_weights,CIFAR10,fp32_unfused,layer2.3.conv3,-0.5512697954935977,1.0
resnet50_no_weights,CIFAR10,fp32_unfused,layer3.0.conv1,0.3932846667878218,1.0
resnet50_no_weights,CIFAR10,fp32_unfused,layer3.0.conv2,0.08929523485023161,1.0
resnet50_no_weights,CIFAR10,fp32_unfused,layer3.0.conv3,0.032854583570771645,1.0
resnet50_no_weights,CIFAR10,fp32_unfused,layer3.0.downsample.0,0.32609463617759005,1.0
resnet50_no_weights,CIFAR10,fp32_unfused,layer3.1.conv1,-0.42272060648080156,1.0
resnet50_no_weights,CIFAR10,fp32_unfused,layer3.1.conv2,-0.14993281545120407,1.0
resnet50_no_weights,CIFAR10,fp32_unfused,layer3.1.conv3,0.036727879986996115,1.0
resnet50_no_weights,CIFAR10,fp32_unfused,layer3.2.conv1,0.04573205199301089,1.0
resnet50_no_weights,CIFAR10,fp32_unfused,layer3.2.conv2,0.3241222430821171,1.0
resnet50_no_weights,CIFAR10,fp32_unfused,layer3.2.conv3,0.2224478933407612,1.0
resnet50_no_weights,CIFAR10,fp32_unfused,layer3.3.conv1,0.288411046692425,1.0
resnet50_no_weights,CIFAR10,fp32_unfused,layer3.3.conv2,0.41847403559475005,1.0
resnet50_no_weights,CIFAR10,fp32_unfused,layer3.3.conv3,0.33141544823006397,1.0
resnet50_no_weights,CIFAR10,fp32_unfused,layer3.4.conv1,0.32531663587198034,1.0
resnet50_no_weights,CIFAR10,fp32_unfused,layer3.4.conv2,0.31260258845492483,1.0
resnet50_no_weights,CIFAR10,fp32_unfused,layer3.4.conv3,0.07751898233216536,1.0
resnet50_no_weights,CIFAR10,fp32_unfused,layer3.5.conv1,0.15226756648727857,1.0
resnet50_no_weights,CIFAR10,fp32_unfused,layer3.5.conv2,-0.011754585118317173,1.0
resnet50_no_weights,CIFAR10,fp32_unfused,layer3.5.conv3,-0.16700743504030502,1.0
resnet50_no_weights,CIFAR10,fp32_unfused,layer4.0.conv1,0.2641223367958352,1.0
resnet50_no_weights,CIFAR10,fp32_unfused,layer4.0.conv2,-0.2562480619093135,1.0
resnet50_no_weights,CIFAR10,fp32_unfused,layer4.0.conv3,-0.22513260776684962,1.0
resnet50_no_weights,CIFAR10,fp32_unfused,layer4.0.downsample.0,0.019922569572514703,1.0
resnet50_no_weights,CIFAR10,fp32_unfused,layer4.1.conv1,0.2416877656440075,1.0
resnet50_no_weights,CIFAR10,fp32_unfused,layer4.1.conv2,0.4200583804276521,1.0
resnet50_no_weights,CIFAR10,fp32_unfused,layer4.1.conv3,-0.03403035117994424,1.0
resnet50_no_weights,CIFAR10,fp32_unfused,layer4.2.conv1,-0.18903179443696505,1.0
resnet50_no_weights,CIFAR10,fp32_unfused,layer4.2.conv2,-0.5114178004218015,1.0
resnet50_no_weights,CIFAR10,fp32_unfused,layer4.2.conv3,-0.708887626621034,1.0
resnet50_no_weights,CIFAR10,fp32_unfused,fc,0.23070514072255666,1.0
resnet50_no_weights,CIFAR10,fp32_fused,conv1,1.8714496552338677,1.0
resnet50_no_weights,CIFAR10,fp32_fused,layer1.0.conv1,-0.40785824538380977,1.0
resnet50_no_weights,CIFAR10,fp32_fused,layer1.0.conv2,-0.29650562110175205,1.0
resnet50_no_weights,CIFAR10,fp32_fused,layer1.0.conv3,-0.7896465751545847,1.0
resnet50_no_weights,CIFAR10,fp32_fused,layer1.0.downsample.0,0.2374831661408452,1.0
resnet50_no_weights,CIFAR10,fp32_fused,layer1.1.conv1,-0.45260025778452473,1.0
resnet50_no_weights,CIFAR10,fp32_fused,layer1.1.conv2,-0.3407579158094127,1.0
resnet50_no_weights,CIFAR10,fp32_fused,layer1.1.conv3,-0.6711623849109989,1.0
resnet50_no_weights,CIFAR10,fp32_fused,layer1.2.conv1,-0.027591979255059407,1.0
resnet50_no_weights,CIFAR10,fp32_fused,layer1.2.conv2,-0.1831591824694363,1.0
resnet50_no_weights,CIFAR10,fp32_fused,layer1.2.conv3,-0.4420339714851105,1.0
resnet50_no_weights,CIFAR10,fp32_fused,layer2.0.conv1,0.2225633185538034,1.0
resnet50_no_weights,CIFAR10,fp32_fused,layer2.0.conv2,0.5621728264843195,1.0
resnet50_no_weights,CIFAR10,fp32_fused,layer2.0.conv3,0.4714400747963001,1.0
resnet50_no_weights,CIFAR10,fp32_fused,layer2.0.downsample.0,0.5371569016636113,1.0
resnet50_no_weights,CIFAR10,fp32_fused,layer2.1.conv1,-0.010055232011110249,1.0
resnet50_no_weights,CIFAR10,fp32_fused,layer2.1.conv2,-0.20691367280754314,1.0
resnet50_no_weights,CIFAR10,fp32_fused,layer2.1.conv3,-0.15576381327884503,1.0
resnet50_no_weights,CIFAR10,fp32_fused,layer2.2.conv1,0.17597981162334886,1.0
resnet50_no_weights,CIFAR10,fp32_fused,layer2.2.conv2,-0.23563498928693516,1.0
resnet50_no_weights,CIFAR10,fp32_fused,layer2.2.conv3,-0.292731386262147,1.0
resnet50_no_weights,CIFAR10,fp32_fused,layer2.3.conv1,-0.24243910498613586,1.0
resnet50_no_weights,CIFAR10,fp32_fused,layer2.3.conv2,-1.0028792636382482,1.0
resnet50_no_weights,CIFAR10,fp32_fused,layer2.3.conv3,-0.7000228850371557,1.0
resnet50_no_weights,CIFAR10,fp32_fused,layer3.0.conv1,0.424838488457437,1.0
resnet50_no_weights,CIFAR10,fp32_fused,layer3.0.conv2,0.1629451829459443,1.0
resnet50_no_weights,CIFAR10,fp32_fused,layer3.0.conv3,-0.043901662185482415,1.0
resnet50_no_weights,CIFAR10,fp32_fused,layer3.0.downsample.0,0.37588417326362755,1.0
resnet50_no_weights,CIFAR10,fp32_fused,layer3.1.conv1,-0.10972594156601012,1.0
resnet50_no_weights,CIFAR10,fp32_fused,layer3.1.conv2,-0.08547433369154689,1.0
resnet50_no_weights,CIFAR10,fp32_fused,layer3.1.conv3,-0.03335542994011309,1.0
resnet50_no_weights,CIFAR10,fp32_fused,layer3.2.conv1,0.18046840328572866,1.0
resnet50_no_weights,CIFAR10,fp32_fused,layer3.2.conv2,0.24422699752455745,1.0
resnet50_no_weights,CIFAR10,fp32_fused,layer3.2.conv3,0.16701847646691448,1.0
resnet50_no_weights,CIFAR10,fp32_fused,layer3.3.conv1,0.44327572469238685,1.0
resnet50_no_weights,CIFAR10,fp32_fused,layer3.3.conv2,0.37736631839947776,1.0
resnet50_no_weights,CIFAR10,fp32_fused,layer3.3.conv3,0.2575888211731048,1.0
resnet50_no_weights,CIFAR10,fp32_fused,layer3.4.conv1,0.45250773405573863,1.0
resnet50_no_weights,CIFAR10,fp32_fused,layer3.4.conv2,0.009173325638626828,1.0
resnet50_no_weights,CIFAR10,fp32_fused,layer3.4.conv3,0.05015823153535948,1.0
resnet50_no_weights,CIFAR10,fp32_fused,layer3.5.conv1,0.2569412318366946,1.0
resnet50_no_weights,CIFAR10,fp32_fused,layer3.5.conv2,-0.4999170760369731,1.0
resnet50_no_weights,CIFAR10,fp32_fused,layer3.5.conv3,-0.21393777084872845,1.0
resnet50_no_weights,CIFAR10,fp32_fused,layer4.0.conv1,0.4548185758198864,1.0
resnet50_no_weights,CIFAR10,fp32_fused,layer4.0.conv2,-0.3034800174778729,1.0
resnet50_no_weights,CIFAR10,fp32_fused,layer4.0.conv3,-0.18142785116648064,1.0
resnet50_no_weights,CIFAR10,fp32_fused,layer4.0.downsample.0,0.05427317790145292,1.0
resnet50_no_weights,CIFAR10,fp32_fused,layer4.1.conv1,0.32108591181566304,1.0
resnet50_no_weights,CIFAR10,fp32_fused,layer4.1.conv2,0.5482854518233831,1.0
resnet50_no_weights,CIFAR10,fp32_fused,layer4.1.conv3,0.008896570392550984,1.0
resnet50_no_weights,CIFAR10,fp32_fused,layer4.2.conv1,0.33227404878807665,1.0
resnet50_no_weights,CIFAR10,fp32_fused,layer4.2.conv2,-0.6199472635256855,1.0
resnet50_no_weights,CIFAR10,fp32_fused,layer4.2.conv3,-0.6707302847605225,1.0
resnet50_no_weights,CIFAR10,fp32_fused,fc,0.019381511549487307,1.0
resnet50_no_weights,CIFAR10,ptq,conv1,1.9148944016003122,1.0
resnet50_no_weights,CIFAR10,ptq,layer1.0.conv1,-0.322396046245498,1.0
resnet50_no_weights,CIFAR10,ptq,layer1.0.conv2,-0.32426300601601854,1.0
resnet50_no_weights,CIFAR10,ptq,layer1.0.conv3,-0.6965202997304876,1.0
resnet50_no_weights,CIFAR10,ptq,layer1.0.downsample.0,0.28403294999599016,1.0
resnet50_no_weights,CIFAR10,ptq,layer1.1.conv1,-0.48239157992460724,1.0
resnet50_no_weights,CIFAR10,ptq,layer1.1.conv2,-0.33874335086142215,1.0
resnet50_no_weights,CIFAR10,ptq,layer1.1.conv3,-0.5565022095339143,1.0
resnet50_no_weights,CIFAR10,ptq,layer1.2.conv1,0.03447637195858899,1.0
resnet50_no_weights,CIFAR10,ptq,layer1.2.conv2,-0.21276442006061513,1.0
resnet50_no_weights,CIFAR10,ptq,layer1.2.conv3,-0.45919792929652603,1.0
resnet50_no_weights,CIFAR10,ptq,layer2.0.conv1,0.08143620783313033,1.0
resnet50_no_weights,CIFAR10,ptq,layer2.0.conv2,0.46927056966300507,1.0
resnet50_no_weights,CIFAR10,ptq,layer2.0.conv3,0.3944357462275061,1.0
resnet50_no_weights,CIFAR10,ptq,layer2.0.downsample.0,0.48549036854191563,1.0
resnet50_no_weights,CIFAR10,ptq,layer2.1.conv1,-0.051158582336720215,1.0
resnet50_no_weights,CIFAR10,ptq,layer2.1.conv2,-0.19245654980511873,1.0
resnet50_no_weights,CIFAR10,ptq,layer2.1.conv3,-0.23758110324208115,1.0
resnet50_no_weights,CIFAR10,ptq,layer2.2.conv1,0.11702955775187895,1.0
resnet50_no_weights,CIFAR10,ptq,layer2.2.conv2,-0.2704389398884377,1.0
resnet50_no_weights,CIFAR10,ptq,layer2.2.conv3,-0.3036242732063297,1.0
resnet50_no_weights,CIFAR10,ptq,layer2.3.conv1,-0.4146027712851188,1.0
resnet50_no_weights,CIFAR10,ptq,layer2.3.conv2,-1.029867860102967,1.0
resnet50_no_weights,CIFAR10,ptq,layer2.3.conv3,-0.6906030822888933,1.0
resnet50_no_weights,CIFAR10,ptq,layer3.0.conv1,0.3871746783645724,1.0
resnet50_no_weights,CIFAR10,ptq,layer3.0.conv2,0.135036644659297,1.0
resnet50_no_weights,CIFAR10,ptq,layer3.0.conv3,-0.08145174802128263,1.0
resnet50_no_weights,CIFAR10,ptq,layer3.0.downsample.0,0.37651390397920625,1.0
resnet50_no_weights,CIFAR10,ptq,layer3.1.conv1,-0.28067278898191894,1.0
resnet50_no_weights,CIFAR10,ptq,layer3.1.conv2,-0.17863189946300828,1.0
resnet50_no_weights,CIFAR10,ptq,layer3.1.conv3,-0.02043414992473025,1.0
resnet50_no_weights,CIFAR10,ptq,layer3.2.conv1,0.1401648551127188,1.0
resnet50_no_weights,CIFAR10,ptq,layer3.2.conv2,0.17438727348832916,1.0
resnet50_no_weights,CIFAR10,ptq,layer3.2.conv3,0.22213634847701247,1.0
resnet50_no_weights,CIFAR10,ptq,layer3.3.conv1,0.3917253004477619,1.0
resnet50_no_weights,CIFAR10,ptq,layer3.3.conv2,0.32831952270914844,1.0
resnet50_no_weights,CIFAR10,ptq,layer3.3.conv3,0.24934947442364486,1.0
resnet50_no_weights,CIFAR10,ptq,layer3.4.conv1,0.4015956323292049,1.0
resnet50_no_weights,CIFAR10,ptq,layer3.4.conv2,0.03053907871203787,1.0
resnet50_no_weights,CIFAR10,ptq,layer3.4.conv3,0.11509926838187834,1.0
resnet50_no_weights,CIFAR10,ptq,layer3.5.conv1,0.20141605926417938,1.0
resnet50_no_weights,CIFAR10,ptq,layer3.5.conv2,-0.45581806141922154,1.0
resnet50_no_weights,CIFAR10,ptq,layer3.5.conv3,-0.0951985693788,1.0
resnet50_no_weights,CIFAR10,ptq,layer4.0.conv1,0.41740619890357333,1.0
resnet50_no_weights,CIFAR10,ptq,layer4.0.conv2,-0.3334987180186806,1.0
resnet50_no_weights,CIFAR10,ptq,layer4.0.conv3,-0.10064490568547146,1.0
resnet50_no_weights,CIFAR10,ptq,layer4.0.downsample.0,0.10824150598234183,1.0
resnet50_no_weights,CIFAR10,ptq,layer4.1.conv1,0.39639772078693003,1.0
resnet50_no_weights,CIFAR10,ptq,layer4.1.conv2,0.5712867473841179,1.0
resnet50_no_weights,CIFAR10,ptq,layer4.1.conv3,0.10422380322810199,1.0
resnet50_no_weights,CIFAR10,ptq,layer4.2.conv1,0.40969852236128546,1.0
resnet50_no_weights,CIFAR10,ptq,layer4.2.conv2,-0.524714281525017,1.0
resnet50_no_weights,CIFAR10,ptq,layer4.2.conv3,-0.5414392281826466,1.0
resnet50_no_weights,CIFAR10,ptq,fc,0.2538376418578472,1.0
resnet18_no_weights,CIFAR10,fp32_unfused,conv1,0.016931846150842755,1.0
resnet18_no_weights,CIFAR10,fp32_unfused,layer1.0.conv1,-0.14431163899449606,1.0
resnet18_no_weights,CIFAR10,fp32_unfused,layer1.0.conv2,0.08047932726359663,1.0
resnet18_no_weights,CIFAR10,fp32_unfused,layer1.1.conv1,0.271077110107774,1.0
resnet18_no_weights,CIFAR10,fp32_unfused,layer1.1.conv2,0.09153652211821228,1.0
resnet18_no_weights,CIFAR10,fp32_unfused,layer2.0.conv1,0.20574862444342346,1.0
resnet18_no_weights,CIFAR10,fp32_unfused,layer2.0.conv2,0.22867853436112373,1.0
resnet18_no_weights,CIFAR10,fp32_unfused,layer2.0.downsample.0,0.1674011603659622,1.0
resnet18_no_weights,CIFAR10,fp32_unfused,layer2.1.conv1,0.21886211210802253,1.0
resnet18_no_weights,CIFAR10,fp32_unfused,layer2.1.conv2,0.04341376037753086,1.0
resnet18_no_weights,CIFAR10,fp32_unfused,layer3.0.conv1,0.24095348885472,1.0
resnet18_no_weights,CIFAR10,fp32_unfused,layer3.0.conv2,0.2855719647564854,1.0
resnet18_no_weights,CIFAR10,fp32_unfused,layer3.0.downsample.0,-0.07040442985599649,1.0
resnet18_no_weights,CIFAR10,fp32_unfused,layer3.1.conv1,0.1417373805924962,1.0
resnet18_no_weights,CIFAR10,fp32_unfused,layer3.1.conv2,-0.04412945349217523,1.0
resnet18_no_weights,CIFAR10,fp32_unfused,layer4.0.conv1,-0.051207632636268485,1.0
resnet18_no_weights,CIFAR10,fp32_unfused,layer4.0.conv2,-0.05768424846261411,1.0
resnet18_no_weights,CIFAR10,fp32_unfused,layer4.0.downsample.0,-0.17554546346740052,1.0
resnet18_no_weights,CIFAR10,fp32_unfused,layer4.1.conv1,-0.10643234152050329,1.0
resnet18_no_weights,CIFAR10,fp32_unfused,layer4.1.conv2,-0.5966478180335395,1.0
resnet18_no_weights,CIFAR10,fp32_unfused,fc,-0.7460288050371826,1.0
resnet18_no_weights,CIFAR10,fp32_fused,conv1,0.596706521837503,1.0
resnet18_no_weights,CIFAR10,fp32_fused,layer1.0.conv1,-0.015621080282555155,1.0
resnet18_no_weights,CIFAR10,fp32_fused,layer1.0.conv2,0.03343378963678978,1.0
resnet18_no_weights,CIFAR10,fp32_fused,layer1.1.conv1,0.8525280797781871,1.0
resnet18_no_weights,CIFAR10,fp32_fused,layer1.1.conv2,-0.2339093954362088,1.0
resnet18_no_weights,CIFAR10,fp32_fused,layer2.0.conv1,0.6757620198550058,1.0
resnet18_no_weights,CIFAR10,fp32_fused,layer2.0.conv2,0.06703671775330156,1.0
resnet18_no_weights,CIFAR10,fp32_fused,layer2.0.downsample.0,-0.25999412678611655,1.0
resnet18_no_weights,CIFAR10,fp32_fused,layer2.1.conv1,0.5705716353987271,1.0
resnet18_no_weights,CIFAR10,fp32_fused,layer2.1.conv2,-0.2534752197114605,1.0
resnet18_no_weights,CIFAR10,fp32_fused,layer3.0.conv1,0.788891883118815,1.0
resnet18_no_weights,CIFAR10,fp32_fused,layer3.0.conv2,0.08330914188195582,1.0
resnet18_no_weights,CIFAR10,fp32_fused,layer3.0.downsample.0,-0.39069919109470597,1.0
resnet18_no_weights,CIFAR10,fp32_fused,layer3.1.conv1,0.43021125334177013,1.0
resnet18_no_weights,CIFAR10,fp32_fused,layer3.1.conv2,-0.4665553026401117,1.0
resnet18_no_weights,CIFAR10,fp32_fused,layer4.0.conv1,0.23042635069108997,1.0
resnet18_no_weights,CIFAR10,fp32_fused,layer4.0.conv2,-0.17839792856470638,1.0
resnet18_no_weights,CIFAR10,fp32_fused,layer4.0.downsample.0,-0.7742584061000808,1.0
resnet18_no_weights,CIFAR10,fp32_fused,layer4.1.conv1,0.4351805758697207,1.0
resnet18_no_weights,CIFAR10,fp32_fused,layer4.1.conv2,-1.0749209707388392,1.0
resnet18_no_weights,CIFAR10,fp32_fused,fc,-1.116226347808075,1.0
resnet18_no_weights,CIFAR10,ptq,conv1,0.5458649648694012,1.0
resnet18_no_weights,CIFAR10,ptq,layer1.0.conv1,-0.002759867718277409,1.0
resnet18_no_weights,CIFAR10,ptq,layer1.0.conv2,0.02552196715382582,1.0
resnet18_no_weights,CIFAR10,ptq,layer1.1.conv1,0.7530615388269362,1.0
resnet18_no_weights,CIFAR10,ptq,layer1.1.conv2,-0.22524899206732707,1.0
resnet18_no_weights,CIFAR10,ptq,layer2.0.conv1,0.6660424952924138,1.0
resnet18_no_weights,CIFAR10,ptq,layer2.0.conv2,0.09411594865102124,1.0
resnet18_no_weights,CIFAR10,ptq,layer2.0.downsample.0,-0.2782143664198946,1.0
resnet18_no_weights,CIFAR10,ptq,layer2.1.conv1,0.5674765918039144,1.0
resnet18_no_weights,CIFAR10,ptq,layer2.1.conv2,-0.24181647737339595,1.0
resnet18_no_weights,CIFAR10,ptq,layer3.0.conv1,0.7929512992338923,1.0
resnet18_no_weights,CIFAR10,ptq,layer3.0.conv2,0.09780211973753783,1.0
resnet18_no_weights,CIFAR10,ptq,layer3.0.downsample.0,-0.3588951966197125,1.0
resnet18_no_weights,CIFAR10,ptq,layer3.1.conv1,0.42806061956859676,1.0
resnet18_no_weights,CIFAR10,ptq,layer3.1.conv2,-0.4140947025044941,1.0
resnet18_no_weights,CIFAR10,ptq,layer4.0.conv1,0.2462080185935891,1.0
resnet18_no_weights,CIFAR10,ptq,layer4.0.conv2,-0.15362311329611167,1.0
resnet18_no_weights,CIFAR10,ptq,layer4.0.downsample.0,-0.7476638742027784,1.0
resnet18_no_weights,CIFAR10,ptq,layer4.1.conv1,0.31108309981758087,1.0
resnet18_no_weights,CIFAR10,ptq,layer4.1.conv2,-1.0613964099952389,1.0
resnet18_no_weights,CIFAR10,ptq,fc,-1.0444756633514816,1.0
cnn,CIFAR10,fp32_unfused,conv1,0.05822695004049283,1.0
cnn,CIFAR10,fp32_unfused,conv2,0.5056665872924491,1.0
cnn,CIFAR10,fp32_unfused,conv3,0.6944421402847953,1.0
cnn,CIFAR10,fp32_unfused,conv4,0.2116998546183364,1.0
cnn,CIFAR10,fp32_unfused,fc1,-0.48295303806753065,1.0
cnn,CIFAR10,fp32_unfused,fc2,-0.9870824941685434,1.0
cnn,CIFAR10,fp32_fused,conv1,0.1329397109995617,1.0
cnn,CIFAR10,fp32_fused,conv2,0.945733153231739,1.0
cnn,CIFAR10,fp32_fused,conv3,0.7477021950373022,1.0
cnn,CIFAR10,fp32_fused,conv4,-0.1951188041041445,1.0
cnn,CIFAR10,fp32_fused,fc1,-0.22630718029144248,1.0
cnn,CIFAR10,fp32_fused,fc2,-1.4049490748730178,1.0
cnn,CIFAR10,ptq,conv1,0.13047145906984542,1.0
cnn,CIFAR10,ptq,conv2,0.954055865584915,1.0
cnn,CIFAR10,ptq,conv3,0.7346548458501494,1.0
cnn,CIFAR10,ptq,conv4,-0.1636976137958075,1.0
cnn,CIFAR10,ptq,fc1,-0.245928564174271,1.0
cnn,CIFAR10,ptq,fc2,-1.4095559925348335,1.0
