model,dataset,stage,layer,mse,sqnr
cnn,CIFAR10,PTQ,conv1.weight,0.04265599325299263,4.809991478606889
cnn,CIFAR10,PTQ,conv2.weight,0.0032933491747826338,4.5583420340066665
cnn,CIFAR10,PTQ,conv3.weight,0.00036955715040676296,10.350953368434428
cnn,CIFAR10,PTQ,conv4.weight,0.0006691560847684741,0.9267498139631534
cnn,CIFAR10,PTQ,fc1.weight,8.763245205045678e-06,10.730001344355458
cnn,CIFAR10,PTQ,fc2.weight,0.00020843453239649534,13.798301291485757
cnn,CIFAR10,QAT,conv1.weight,0.043337803333997726,4.741123124714316
cnn,CIFAR10,QAT,conv2.weight,0.0032790754921734333,4.577205670042429
cnn,CIFAR10,QAT,conv3.weight,0.0003702688845805824,10.342597287274483
cnn,CIFAR10,QAT,conv4.weight,0.0006680081132799387,0.9342067561407409
cnn,CIFAR10,QAT,fc1.weight,8.773653462412767e-06,10.724846214754468
cnn,CIFAR10,QAT,fc2.weight,0.00021033702068962157,13.758840834067312
resnet18_no_weights,CIFAR10,PTQ,conv1.weight,0.009178224951028824,3.6202427195429743
resnet18_no_weights,CIFAR10,PTQ,layer1.0.conv1.weight,0.00011746189557015896,8.893785335077922
resnet18_no_weights,CIFAR10,PTQ,layer1.0.conv2.weight,0.00010412527626613155,9.803611145029302
resnet18_no_weights,CIFAR10,PTQ,layer1.1.conv1.weight,0.0003146073722746223,5.150621135785759
resnet18_no_weights,CIFAR10,PTQ,layer1.1.conv2.weight,0.0001924072566907853,6.618198533571102
resnet18_no_weights,CIFAR10,PTQ,layer2.0.conv1.weight,0.00014478321827482432,5.9205671313786565
resnet18_no_weights,CIFAR10,PTQ,layer2.0.conv2.weight,0.0001021540374495089,6.267619664305729
resnet18_no_weights,CIFAR10,PTQ,layer2.0.downsample.0.weight,0.0007364543271251023,6.292751673122943
resnet18_no_weights,CIFAR10,PTQ,layer2.1.conv1.weight,8.417585922870785e-05,7.177875407215943
resnet18_no_weights,CIFAR10,PTQ,layer2.1.conv2.weight,0.00015110692766029388,3.733097810167589
resnet18_no_weights,CIFAR10,PTQ,layer3.0.conv1.weight,7.20151438144967e-05,6.3012002925449035
resnet18_no_weights,CIFAR10,PTQ,layer3.0.conv2.weight,4.90450365759898e-05,6.670814626680038
resnet18_no_weights,CIFAR10,PTQ,layer3.0.downsample.0.weight,0.00012122278712922707,9.491688214704011
resnet18_no_weights,CIFAR10,PTQ,layer3.1.conv1.weight,1.6155227058334276e-05,11.125902228698038
resnet18_no_weights,CIFAR10,PTQ,layer3.1.conv2.weight,0.00011135067325085402,1.0901196183852915
resnet18_no_weights,CIFAR10,PTQ,layer4.0.conv1.weight,8.044033165788278e-06,9.54698973759458
resnet18_no_weights,CIFAR10,PTQ,layer4.0.conv2.weight,3.112038757535629e-05,0.8463280951470854
resnet18_no_weights,CIFAR10,PTQ,layer4.0.downsample.0.weight,0.0003051654784940183,0.33002632088862816
resnet18_no_weights,CIFAR10,PTQ,layer4.1.conv1.weight,5.687286829925142e-06,7.971056323515617
resnet18_no_weights,CIFAR10,PTQ,layer4.1.conv2.weight,5.5280994274653494e-05,-4.54443419941628
resnet18_no_weights,CIFAR10,PTQ,fc.weight,0.00038372486596927047,13.867804613183115
resnet18_no_weights,CIFAR10,QAT,conv1.weight,0.009123265743255615,3.646326444429717
resnet18_no_weights,CIFAR10,QAT,layer1.0.conv1.weight,0.00011844185792142525,8.857703273354776
resnet18_no_weights,CIFAR10,QAT,layer1.0.conv2.weight,0.00010410157847218215,9.80459966509343
resnet18_no_weights,CIFAR10,QAT,layer1.1.conv1.weight,0.00031541971839033067,5.1394216925813385
resnet18_no_weights,CIFAR10,QAT,layer1.1.conv2.weight,0.00019149540457874537,6.638829444749756
resnet18_no_weights,CIFAR10,QAT,layer2.0.conv1.weight,0.0001447517133783549,5.921512261050264
resnet18_no_weights,CIFAR10,QAT,layer2.0.conv2.weight,0.0001021129937726073,6.269364932989436
resnet18_no_weights,CIFAR10,QAT,layer2.0.downsample.0.weight,0.0007323847385123372,6.31681699711764
resnet18_no_weights,CIFAR10,QAT,layer2.1.conv1.weight,8.426835847785696e-05,7.173105648055243
resnet18_no_weights,CIFAR10,QAT,layer2.1.conv2.weight,0.00015089036605786532,3.7393264438013696
resnet18_no_weights,CIFAR10,QAT,layer3.0.conv1.weight,7.205440488178283e-05,6.298833260031458
resnet18_no_weights,CIFAR10,QAT,layer3.0.conv2.weight,4.898868064628914e-05,6.675807821405501
resnet18_no_weights,CIFAR10,QAT,layer3.0.downsample.0.weight,0.00012105801579309627,9.497595351565597
resnet18_no_weights,CIFAR10,QAT,layer3.1.conv1.weight,1.618208989384584e-05,11.118686797725982
resnet18_no_weights,CIFAR10,QAT,layer3.1.conv2.weight,0.00011126598838018253,1.093423789199632
resnet18_no_weights,CIFAR10,QAT,layer4.0.conv1.weight,8.053661986195948e-06,9.5417942806928
resnet18_no_weights,CIFAR10,QAT,layer4.0.conv2.weight,3.1099254556465894e-05,0.8492782740708226
resnet18_no_weights,CIFAR10,QAT,layer4.0.downsample.0.weight,0.00030507947667501867,0.33125042328738075
resnet18_no_weights,CIFAR10,QAT,layer4.1.conv1.weight,5.685777068720199e-06,7.9722093654223425
resnet18_no_weights,CIFAR10,QAT,layer4.1.conv2.weight,5.5272499594138935e-05,-4.543766795293413
resnet18_no_weights,CIFAR10,QAT,fc.weight,0.00038101462996564806,13.898587526192607
resnet50_no_weights,CIFAR10,PTQ,conv1.weight,0.01988871395587921,0.9875035867877586
resnet50_no_weights,CIFAR10,PTQ,layer1.0.conv1.weight,0.0023173994850367308,4.006245748698584
resnet50_no_weights,CIFAR10,PTQ,layer1.0.conv2.weight,0.0007333533139899373,2.41231226994095
resnet50_no_weights,CIFAR10,PTQ,layer1.0.conv3.weight,0.00017909133748617023,13.624566273132825
resnet50_no_weights,CIFAR10,PTQ,layer1.0.downsample.0.weight,0.0013682025019079447,3.274711120989454
resnet50_no_weights,CIFAR10,PTQ,layer1.1.conv1.weight,0.0006592682329937816,3.997936508867419
resnet50_no_weights,CIFAR10,PTQ,layer1.1.conv2.weight,0.000798767083324492,2.3422665262298503
resnet50_no_weights,CIFAR10,PTQ,layer1.1.conv3.weight,0.00019348364730831236,13.879687508955602
resnet50_no_weights,CIFAR10,PTQ,layer1.2.conv1.weight,0.0007339261937886477,4.058588758496761
resnet50_no_weights,CIFAR10,PTQ,layer1.2.conv2.weight,0.0004936683690175414,3.488340083271294
resnet50_no_weights,CIFAR10,PTQ,layer1.2.conv3.weight,0.00011288664973108098,13.807814441417168
resnet50_no_weights,CIFAR10,PTQ,layer2.0.conv1.weight,0.0005066313315182924,3.4826911043051414
resnet50_no_weights,CIFAR10,PTQ,layer2.0.conv2.weight,0.00022567894484382123,3.96317889378295
resnet50_no_weights,CIFAR10,PTQ,layer2.0.conv3.weight,5.557804979616776e-05,13.816271493460015
resnet50_no_weights,CIFAR10,PTQ,layer2.0.downsample.0.weight,0.00026440693181939423,3.886978073090419
resnet50_no_weights,CIFAR10,PTQ,layer2.1.conv1.weight,0.00027515238616615534,3.9389365805202914
resnet50_no_weights,CIFAR10,PTQ,layer2.1.conv2.weight,0.000237172469496727,2.673461372183011
resnet50_no_weights,CIFAR10,PTQ,layer2.1.conv3.weight,4.36790578532964e-05,14.289754266531583
resnet50_no_weights,CIFAR10,PTQ,layer2.2.conv1.weight,0.00041991614853031933,2.62859038247296
resnet50_no_weights,CIFAR10,PTQ,layer2.2.conv2.weight,0.0001535930496174842,2.8559134158640918
resnet50_no_weights,CIFAR10,PTQ,layer2.2.conv3.weight,1.5564242858090438e-05,13.583229641270801
resnet50_no_weights,CIFAR10,PTQ,layer2.3.conv1.weight,0.00013082035002298653,5.701216109153165
resnet50_no_weights,CIFAR10,PTQ,layer2.3.conv2.weight,4.123160761082545e-05,6.971248621244928
resnet50_no_weights,CIFAR10,PTQ,layer2.3.conv3.weight,1.2168522516731173e-05,13.305586281593538
resnet50_no_weights,CIFAR10,PTQ,layer3.0.conv1.weight,4.243205694365315e-05,8.962296932667925
resnet50_no_weights,CIFAR10,PTQ,layer3.0.conv2.weight,1.398145923303673e-05,9.145294450665492
resnet50_no_weights,CIFAR10,PTQ,layer3.0.conv3.weight,9.444725947105326e-06,13.006153175078762
resnet50_no_weights,CIFAR10,PTQ,layer3.0.downsample.0.weight,1.7728634702507406e-05,7.4185525925003395
resnet50_no_weights,CIFAR10,PTQ,layer3.1.conv1.weight,2.2807340428698808e-05,8.976395376206096
resnet50_no_weights,CIFAR10,PTQ,layer3.1.conv2.weight,1.0684180779207963e-05,8.519751255619529
resnet50_no_weights,CIFAR10,PTQ,layer3.1.conv3.weight,6.652420779573731e-06,12.648710973286683
resnet50_no_weights,CIFAR10,PTQ,layer3.2.conv1.weight,2.550724457250908e-05,8.77966051307781
resnet50_no_weights,CIFAR10,PTQ,layer3.2.conv2.weight,1.3937487892690115e-05,7.834253095658959
resnet50_no_weights,CIFAR10,PTQ,layer3.2.conv3.weight,6.599606876989128e-06,12.637072908975115
resnet50_no_weights,CIFAR10,PTQ,layer3.3.conv1.weight,3.650193684734404e-05,7.701621284693641
resnet50_no_weights,CIFAR10,PTQ,layer3.3.conv2.weight,1.1180854016856756e-05,9.439783595310864
resnet50_no_weights,CIFAR10,PTQ,layer3.3.conv3.weight,6.95091375746415e-06,12.738751614901505
resnet50_no_weights,CIFAR10,PTQ,layer3.4.conv1.weight,3.5360710171516985e-05,7.442849412619333
resnet50_no_weights,CIFAR10,PTQ,layer3.4.conv2.weight,1.5359773897216655e-05,6.53070648092198
resnet50_no_weights,CIFAR10,PTQ,layer3.4.conv3.weight,5.439067535917275e-06,12.166343457739163
resnet50_no_weights,CIFAR10,PTQ,layer3.5.conv1.weight,3.43923456966877e-05,7.2839422717232125
resnet50_no_weights,CIFAR10,PTQ,layer3.5.conv2.weight,2.0550296540022828e-05,3.915441330772136
resnet50_no_weights,CIFAR10,PTQ,layer3.5.conv3.weight,4.714059286925476e-06,11.565497273401844
resnet50_no_weights,CIFAR10,PTQ,layer4.0.conv1.weight,1.2214248272357509e-05,9.004528896049898
resnet50_no_weights,CIFAR10,PTQ,layer4.0.conv2.weight,8.12997586763231e-06,3.1511173442742524
resnet50_no_weights,CIFAR10,PTQ,layer4.0.conv3.weight,4.239973804942565e-06,8.708101248756265
resnet50_no_weights,CIFAR10,PTQ,layer4.0.downsample.0.weight,7.4100053097936325e-06,7.113984940980826
resnet50_no_weights,CIFAR10,PTQ,layer4.1.conv1.weight,1.0248689250147436e-05,9.898749861376006
resnet50_no_weights,CIFAR10,PTQ,layer4.1.conv2.weight,7.597092462674482e-06,8.643850190812898
resnet50_no_weights,CIFAR10,PTQ,layer4.1.conv3.weight,4.900342446489958e-06,10.944990448034472
resnet50_no_weights,CIFAR10,PTQ,layer4.2.conv1.weight,1.0088545423059259e-05,9.31433996281402
resnet50_no_weights,CIFAR10,PTQ,layer4.2.conv2.weight,7.663007636438124e-06,3.558201554592327
resnet50_no_weights,CIFAR10,PTQ,layer4.2.conv3.weight,4.2998635763069615e-06,8.606418451845437
resnet50_no_weights,CIFAR10,PTQ,fc.weight,9.572100680088624e-05,13.620415271266417
resnet50_no_weights,CIFAR10,QAT,conv1.weight,0.02000964619219303,0.9611765079024192
resnet50_no_weights,CIFAR10,QAT,layer1.0.conv1.weight,0.002315365942195058,4.010058402308809
resnet50_no_weights,CIFAR10,QAT,layer1.0.conv2.weight,0.0007333788671530783,2.4121609458220536
resnet50_no_weights,CIFAR10,QAT,layer1.0.conv3.weight,0.00017904050764627755,13.62579906599555
resnet50_no_weights,CIFAR10,QAT,layer1.0.downsample.0.weight,0.0013654341455549002,3.28350733244053
resnet50_no_weights,CIFAR10,QAT,layer1.1.conv1.weight,0.0006579604814760387,4.0065599081027905
resnet50_no_weights,CIFAR10,QAT,layer1.1.conv2.weight,0.0007979832589626312,2.3465303189276225
resnet50_no_weights,CIFAR10,QAT,layer1.1.conv3.weight,0.00019344016618561,13.880663598360158
resnet50_no_weights,CIFAR10,QAT,layer1.2.conv1.weight,0.0007364846533164382,4.043475622211341
resnet50_no_weights,CIFAR10,QAT,layer1.2.conv2.weight,0.0004934273893013597,3.4904605698033353
resnet50_no_weights,CIFAR10,QAT,layer1.2.conv3.weight,0.00011279538739472628,13.811326881463321
resnet50_no_weights,CIFAR10,QAT,layer2.0.conv1.weight,0.0005054390639998019,3.4929235040681963
resnet50_no_weights,CIFAR10,QAT,layer2.0.conv2.weight,0.00022534963500220329,3.9695207301478974
resnet50_no_weights,CIFAR10,QAT,layer2.0.conv3.weight,5.556218820856884e-05,13.817511116505434
resnet50_no_weights,CIFAR10,QAT,layer2.0.downsample.0.weight,0.0002645691274665296,3.88431478897725
resnet50_no_weights,CIFAR10,QAT,layer2.1.conv1.weight,0.00027527110069058836,3.937063220646901
resnet50_no_weights,CIFAR10,QAT,layer2.1.conv2.weight,0.000237255881074816,2.671934263256215
resnet50_no_weights,CIFAR10,QAT,layer2.1.conv3.weight,4.369131420389749e-05,14.288535806464647
resnet50_no_weights,CIFAR10,QAT,layer2.2.conv1.weight,0.0004219601978547871,2.607501273827726
resnet50_no_weights,CIFAR10,QAT,layer2.2.conv2.weight,0.00015354088100139052,2.857388768474613
resnet50_no_weights,CIFAR10,QAT,layer2.2.conv3.weight,1.555320886836853e-05,13.586309585665074
resnet50_no_weights,CIFAR10,QAT,layer2.3.conv1.weight,0.00013094648602418602,5.697030691752142
resnet50_no_weights,CIFAR10,QAT,layer2.3.conv2.weight,4.1254264942836016e-05,6.968862769168764
resnet50_no_weights,CIFAR10,QAT,layer2.3.conv3.weight,1.2190736015327275e-05,13.297665512966274
resnet50_no_weights,CIFAR10,QAT,layer3.0.conv1.weight,4.2562984162941575e-05,8.948917090008377
resnet50_no_weights,CIFAR10,QAT,layer3.0.conv2.weight,1.3986906196805649e-05,9.143602834940712
resnet50_no_weights,CIFAR10,QAT,layer3.0.conv3.weight,9.460951332584955e-06,12.998698697774003
resnet50_no_weights,CIFAR10,QAT,layer3.0.downsample.0.weight,1.7731163097778335e-05,7.417933261210139
resnet50_no_weights,CIFAR10,QAT,layer3.1.conv1.weight,2.2815183911006898e-05,8.974902087016963
resnet50_no_weights,CIFAR10,QAT,layer3.1.conv2.weight,1.0694690899981651e-05,8.515481163266328
resnet50_no_weights,CIFAR10,QAT,layer3.1.conv3.weight,6.664668489975156e-06,12.640722569161213
resnet50_no_weights,CIFAR10,QAT,layer3.2.conv1.weight,2.550276622059755e-05,8.78042307850289
resnet50_no_weights,CIFAR10,QAT,layer3.2.conv2.weight,1.3942665646027308e-05,7.832639998567705
resnet50_no_weights,CIFAR10,QAT,layer3.2.conv3.weight,6.609515367017593e-06,12.630557406626082
resnet50_no_weights,CIFAR10,QAT,layer3.3.conv1.weight,3.649789505288936e-05,7.702102197864194
resnet50_no_weights,CIFAR10,QAT,layer3.3.conv2.weight,1.1174804058100563e-05,9.44213419824001
resnet50_no_weights,CIFAR10,QAT,layer3.3.conv3.weight,6.96090182827902e-06,12.732515527658485
resnet50_no_weights,CIFAR10,QAT,layer3.4.conv1.weight,3.535142604960129e-05,7.4439898230653885
resnet50_no_weights,CIFAR10,QAT,layer3.4.conv2.weight,1.5342922779382206e-05,6.53547371573613
resnet50_no_weights,CIFAR10,QAT,layer3.4.conv3.weight,5.444063390314113e-06,12.162356237215867
resnet50_no_weights,CIFAR10,QAT,layer3.5.conv1.weight,3.438255953369662e-05,7.285178209919122
resnet50_no_weights,CIFAR10,QAT,layer3.5.conv2.weight,2.055694676528219e-05,3.914036149628122
resnet50_no_weights,CIFAR10,QAT,layer3.5.conv3.weight,4.7183589231281076e-06,11.561537931555998
resnet50_no_weights,CIFAR10,QAT,layer4.0.conv1.weight,1.2208931366330944e-05,9.00641980707686
resnet50_no_weights,CIFAR10,QAT,layer4.0.conv2.weight,8.125878594000824e-06,3.1533066150639044
resnet50_no_weights,CIFAR10,QAT,layer4.0.conv3.weight,4.244227966410108e-06,8.703745956284184
resnet50_no_weights,CIFAR10,QAT,layer4.0.downsample.0.weight,7.4074778240174055e-06,7.115466532863115
resnet50_no_weights,CIFAR10,QAT,layer4.1.conv1.weight,1.0249529623251874e-05,9.898393762727185
resnet50_no_weights,CIFAR10,QAT,layer4.1.conv2.weight,7.602944151585689e-06,8.64050630896051
resnet50_no_weights,CIFAR10,QAT,layer4.1.conv3.weight,4.904436536889989e-06,10.941363561644685
resnet50_no_weights,CIFAR10,QAT,layer4.2.conv1.weight,1.0092651791637763e-05,9.312572601621376
resnet50_no_weights,CIFAR10,QAT,layer4.2.conv2.weight,7.662202733627055e-06,3.5586577504176327
resnet50_no_weights,CIFAR10,QAT,layer4.2.conv3.weight,4.302618435758632e-06,8.603636881834596
resnet50_no_weights,CIFAR10,QAT,fc.weight,9.620431228540838e-05,13.598542456394862
