model,dataset,variant,layer,layer_type,numel,trace_raw,trace_per_param,elev_raw,elev_per_param,raw_vs_numel_slope,raw_vs_numel_r2
resnet50_no_weights,CIFAR10,fp32_unfused,conv1,conv,1728,11.782139253616332,0.006818367623620563,0.848180572555914,102.59380181307141,0.3034779138507241,0.37797555323256643
resnet50_no_weights,CIFAR10,fp32_unfused,layer1.0.conv1,conv,4096,4.254737708303663,0.001038754323316324,0.30629292251800383,15.629804824486328,0.3034779138507241,0.37797555323256643
resnet50_no_weights,CIFAR10,fp32_unfused,layer1.0.conv2,conv,36864,3.4980310834183985,9.4890166108355e-05,0.25181861657606375,1.427782048888796,0.3034779138507241,0.37797555323256643
resnet50_no_weights,CIFAR10,fp32_unfused,layer1.0.conv3,conv,16384,2.910423657350373,0.00017763816268007648,0.20951753759946706,2.6728647474658502,0.3034779138507241,0.37797555323256643
resnet50_no_weights,CIFAR10,fp32_unfused,layer1.0.downsample.0,conv,16384,16.554158392406645,0.0010103856440677884,1.1917118989357667,15.202950360605513,0.3034779138507241,0.37797555323256643
resnet50_no_weights,CIFAR10,fp32_unfused,layer1.1.conv1,conv,16384,2.7746197793443326,0.00016934935176662186,0.19974119660374148,2.5481456547060155,0.3034779138507241,0.37797555323256643
resnet50_no_weights,CIFAR10,fp32_unfused,layer1.1.conv2,conv,36864,3.3938041596577087,9.206282985182586e-05,0.24431545862077567,1.3852400224723271,0.3034779138507241,0.37797555323256643
resnet50_no_weights,CIFAR10,fp32_unfused,layer1.1.conv3,conv,16384,2.26840587788158,0.00013845250719492065,0.1632995294721418,2.0832506939741675,0.3034779138507241,0.37797555323256643
resnet50_no_weights,CIFAR10,fp32_unfused,layer1.2.conv1,conv,16384,4.794189149683172,0.00029261408384296703,0.34512731604929286,4.402870743064738,0.3034779138507241,0.37797555323256643
resnet50_no_weights,CIFAR10,fp32_unfused,layer1.2.conv2,conv,36864,11.007249448034498,0.0002985907510860053,0.7923972835607165,4.492799747847462,0.3034779138507241,0.37797555323256643
resnet50_no_weights,CIFAR10,fp32_unfused,layer1.2.conv3,conv,16384,6.685262417793274,0.00040803603624226523,0.48126317158151266,6.1395880283441535,0.3034779138507241,0.37797555323256643
resnet50_no_weights,CIFAR10,fp32_unfused,layer2.0.conv1,conv,32768,16.051422584624518,0.0004898505427436682,1.1555206151535686,7.370624799720544,0.3034779138507241,0.37797555323256643
resnet50_no_weights,CIFAR10,fp32_unfused,layer2.0.conv2,conv,147456,29.682979403601752,0.00020130058731826275,2.136838304468759,3.0289057000447244,0.3034779138507241,0.37797555323256643
resnet50_no_weights,CIFAR10,fp32_unfused,layer2.0.conv3,conv,65536,27.461915518108167,0.0004190355761430079,1.9769468622161996,6.305094595150908,0.3034779138507241,0.37797555323256643
resnet50_no_weights,CIFAR10,fp32_unfused,layer2.0.downsample.0,conv,131072,35.836299896240234,0.0002734092704486102,2.579807682628521,4.113902044396737,0.3034779138507241,0.37797555323256643
resnet50_no_weights,CIFAR10,fp32_unfused,layer2.1.conv1,conv,65536,3.247159231792797,4.954771777027583e-05,0.23375868482940287,0.745528698042603,0.3034779138507241,0.37797555323256643
resnet50_no_weights,CIFAR10,fp32_unfused,layer2.1.conv2,conv,147456,8.33104121685028,5.649848915507189e-05,0.5997406037385044,0.8501147369985187,0.3034779138507241,0.37797555323256643
resnet50_no_weights,CIFAR10,fp32_unfused,layer2.1.conv3,conv,65536,9.973119537035624,0.00015217772731072424,0.7179516433312478,2.2897697011810303,0.3034779138507241,0.37797555323256643
resnet50_no_weights,CIFAR10,fp32_unfused,layer2.2.conv1,conv,65536,4.260987505768284,6.501750954846625e-05,0.3067428371453728,0.9782977183405134,0.3034779138507241,0.37797555323256643
resnet50_no_weights,CIFAR10,fp32_unfused,layer2.2.conv2,conv,147456,8.420691633224488,5.7106469951880476e-05,0.6061944182668644,0.859262830034431,0.3034779138507241,0.37797555323256643
resnet50_no_weights,CIFAR10,fp32_unfused,layer2.2.conv3,conv,65536,7.813945063522884,0.00011923133947025885,0.5625155377335278,1.7940359169169227,0.3034779138507241,0.37797555323256643
resnet50_no_weights,CIFAR10,fp32_unfused,layer2.3.conv1,conv,65536,5.744938674180404,8.76608074063172e-05,0.41357051288197433,1.3190041954707616,0.3034779138507241,0.37797555323256643
resnet50_no_weights,CIFAR10,fp32_unfused,layer2.3.conv2,conv,147456,16.144821848188126,0.00010948908045917512,1.1622443042171966,1.6474472544440713,0.3034779138507241,0.37797555323256643
resnet50_no_weights,CIFAR10,fp32_unfused,layer2.3.conv3,conv,65536,10.055952571687245,0.00015344165911388008,0.7239146835945677,2.308787679687937,0.3034779138507241,0.37797555323256643
resnet50_no_weights,CIFAR10,fp32_unfused,layer3.0.conv1,conv,131072,40.228747407595314,0.0003069209854705453,2.896014151157523,4.618142126358013,0.3034779138507241,0.37797555323256643
resnet50_no_weights,CIFAR10,fp32_unfused,layer3.0.conv2,conv,589824,40.050329440977514,6.790216986927883e-05,2.883170078462176,1.0217022816594867,0.3034779138507241,0.37797555323256643
resnet50_no_weights,CIFAR10,fp32_unfused,layer3.0.conv3,conv,262144,28.273650429465555,0.00010785541698251936,2.0353825814908135,1.622866041431641,0.3034779138507241,0.37797555323256643
resnet50_no_weights,CIFAR10,fp32_unfused,layer3.0.downsample.0,conv,524288,40.26693051656087,7.680307486831831e-05,2.898762902511351,1.1556313587988525,0.3034779138507241,0.37797555323256643
resnet50_no_weights,CIFAR10,fp32_unfused,layer3.1.conv1,conv,262144,7.833485970130334,2.9882377510567985e-05,0.5639222616737054,0.44963059859108595,0.3034779138507241,0.37797555323256643
resnet50_no_weights,CIFAR10,fp32_unfused,layer3.1.conv2,conv,589824,19.310064951578777,3.2738689764368314e-05,1.390105955647646,0.4926086175919203,0.3034779138507241,0.37797555323256643
resnet50_no_weights,CIFAR10,fp32_unfused,layer3.1.conv3,conv,262144,13.877839830186632,5.293975765299466e-05,0.9990472765286728,0.7965676397189246,0.3034779138507241,0.37797555323256643
resnet50_no_weights,CIFAR10,fp32_unfused,layer3.2.conv1,conv,262144,12.293230152130127,4.68949514470296e-05,0.8849733282345138,0.705613369704968,0.3034779138507241,0.37797555323256643
resnet50_no_weights,CIFAR10,fp32_unfused,layer3.2.conv2,conv,589824,25.189337253570557,4.27065315307118e-05,1.8133469681645311,0.642591551797113,0.3034779138507241,0.37797555323256643
resnet50_no_weights,CIFAR10,fp32_unfused,layer3.2.conv3,conv,262144,13.73276142279307,5.238632744900921e-05,0.9886032744676037,0.7882403520455002,0.3034779138507241,0.37797555323256643
resnet50_no_weights,CIFAR10,fp32_unfused,layer3.3.conv1,conv,262144,17.979613939921062,6.858678413361001e-05,1.2943285525347883,1.0320034540265903,0.3034779138507241,0.37797555323256643
resnet50_no_weights,CIFAR10,fp32_unfused,layer3.3.conv2,conv,589824,32.020370960235596,5.428800957613728e-05,2.3051040214254273,0.8168543561637527,0.3034779138507241,0.37797555323256643
resnet50_no_weights,CIFAR10,fp32_unfused,layer3.3.conv3,conv,262144,14.970376551151276,5.710745449505339e-05,1.0776975455145639,0.8592776441413749,0.3034779138507241,0.37797555323256643
resnet50_no_weights,CIFAR10,fp32_unfused,layer3.4.conv1,conv,262144,18.296778893470766,6.979667241466814e-05,1.3171608367325742,1.0502082569024032,0.3034779138507241,0.37797555323256643
resnet50_no_weights,CIFAR10,fp32_unfused,layer3.4.conv2,conv,589824,32.090012369929134,5.440608108508493e-05,2.3101174141104046,0.8186309404809111,0.3034779138507241,0.37797555323256643
resnet50_no_weights,CIFAR10,fp32_unfused,layer3.4.conv3,conv,262144,16.449838383992514,6.275115350338941e-05,1.1842020399397803,0.9441965821505283,0.3034779138507241,0.37797555323256643
resnet50_no_weights,CIFAR10,fp32_unfused,layer3.5.conv1,conv,262144,15.315138101577759,5.842261543875793e-05,1.1025164721068843,0.8790664511783103,0.3034779138507241,0.37797555323256643
resnet50_no_weights,CIFAR10,fp32_unfused,layer3.5.conv2,conv,589824,13.904308535018057,2.3573656777306548e-05,1.0009527234713271,0.35470529090306263,0.3034779138507241,0.37797555323256643
resnet50_no_weights,CIFAR10,fp32_unfused,layer3.5.conv3,conv,262144,5.904531534980325,2.252400030128603e-05,0.4250593911862743,0.3389114448658387,0.3034779138507241,0.37797555323256643
resnet50_no_weights,CIFAR10,fp32_unfused,layer4.0.conv1,conv,524288,25.318306159973144,4.829083663935307e-05,1.8226312686230308,0.7266168087508362,0.3034779138507241,0.37797555323256643
resnet50_no_weights,CIFAR10,fp32_unfused,layer4.0.conv2,conv,2359296,18.403953647613527,7.800612406248952e-06,1.324876205085944,0.11737332561167091,0.3034779138507241,0.37797555323256643
resnet50_no_weights,CIFAR10,fp32_unfused,layer4.0.conv3,conv,1048576,11.645325330587534,1.1105847673976454e-05,0.838331519759108,0.16710614594656925,0.3034779138507241,0.37797555323256643
resnet50_no_weights,CIFAR10,fp32_unfused,layer4.0.downsample.0,conv,2097152,42.82855560302735,2.0422246743692087e-05,3.0831708937720084,0.3072870297784614,0.3034779138507241,0.37797555323256643
resnet50_no_weights,CIFAR10,fp32_unfused,layer4.1.conv1,conv,1048576,24.140172958374023,2.302186294400599e-05,1.737819022564,0.34640262517714915,0.3034779138507241,0.37797555323256643
resnet50_no_weights,CIFAR10,fp32_unfused,layer4.1.conv2,conv,2359296,62.41973104232397,2.6456930814244576e-05,4.493513620458565,0.39808899525095476,0.3034779138507241,0.37797555323256643
resnet50_no_weights,CIFAR10,fp32_unfused,layer4.1.conv3,conv,1048576,22.20318295405461,2.1174605325750934e-05,1.5983776821134994,0.3186075292764222,0.3034779138507241,0.37797555323256643
resnet50_no_weights,CIFAR10,fp32_unfused,layer4.2.conv1,conv,1048576,18.447313261032104,1.7592728863746742e-05,1.3279976061272603,0.26471217717063006,0.3034779138507241,0.37797555323256643
resnet50_no_weights,CIFAR10,fp32_unfused,layer4.2.conv2,conv,2359296,12.44849427541097,5.276359674839855e-06,0.8961505864680998,0.07939170028024382,0.3034779138507241,0.37797555323256643
resnet50_no_weights,CIFAR10,fp32_unfused,layer4.2.conv3,conv,1048576,5.955266650985269,5.679384852395314e-06,0.42871174487311053,0.08545589151695025,0.3034779138507241,0.37797555323256643
resnet50_no_weights,CIFAR10,fp32_unfused,fc,linear,20480,5.078143247338229,0.000247956213248937,0.3655687947947372,3.7309180150766186,0.3034779138507241,0.37797555323256643
resnet50_no_weights,CIFAR10,fp32_fused,conv1,conv,1728,199.67421889305115,0.11555221000755275,12.26335362126219,982.7461210575219,0.20632861938722824,0.12181014028750507
resnet50_no_weights,CIFAR10,fp32_fused,layer1.0.conv1,conv,4096,4.124195125867736,0.0010068835756513028,0.2532949096382422,8.563323265415425,0.20632861938722824,0.12181014028750507
resnet50_no_weights,CIFAR10,fp32_fused,layer1.0.conv2,conv,36864,5.685314379240337,0.0001542240228743581,0.34917387466037736,1.3116413804959286,0.20632861938722824,0.12181014028750507
resnet50_no_weights,CIFAR10,fp32_fused,layer1.0.conv3,conv,16384,2.8326670651634536,0.00017289227692648032,0.17397337575167196,1.4704107736164957,0.20632861938722824,0.12181014028750507
resnet50_no_weights,CIFAR10,fp32_fused,layer1.0.downsample.0,conv,16384,7.346483958394904,0.00044839379628875146,0.4511976115603678,3.813490576945476,0.20632861938722824,0.12181014028750507
resnet50_no_weights,CIFAR10,fp32_fused,layer1.1.conv1,conv,16384,7.241980243474245,0.0004420153957198636,0.4447793267266405,3.7592436835522998,0.20632861938722824,0.12181014028750507
resnet50_no_weights,CIFAR10,fp32_fused,layer1.1.conv2,conv,36864,5.321009906133016,0.00014434163156827842,0.32679945594828713,1.2275938168691698,0.20632861938722824,0.12181014028750507
resnet50_no_weights,CIFAR10,fp32_fused,layer1.1.conv3,conv,16384,2.380211517214775,0.00014527658186125336,0.1461849991993213,1.2355453633929676,0.20632861938722824,0.12181014028750507
resnet50_no_weights,CIFAR10,fp32_fused,layer1.2.conv1,conv,16384,13.25002933370656,0.0008087176106998633,0.8137745379055313,6.877965336138964,0.20632861938722824,0.12181014028750507
resnet50_no_weights,CIFAR10,fp32_fused,layer1.2.conv2,conv,36864,20.2799285252889,0.0005501282694577067,1.2455285229023376,4.678719886519793,0.20632861938722824,0.12181014028750507
resnet50_no_weights,CIFAR10,fp32_fused,layer1.2.conv3,conv,16384,5.278411375624793,0.00032216866306303667,0.32418319008149404,2.7399735922903825,0.20632861938722824,0.12181014028750507
resnet50_no_weights,CIFAR10,fp32_fused,layer2.0.conv1,conv,32768,47.471972158220076,0.001448729619086306,2.915577108063128,12.321126645047723,0.20632861938722824,0.12181014028750507
resnet50_no_weights,CIFAR10,fp32_fused,layer2.0.conv2,conv,147456,63.627446321340706,0.0004315012364457242,3.907794799860534,3.6698230723656673,0.20632861938722824,0.12181014028750507
resnet50_no_weights,CIFAR10,fp32_fused,layer2.0.conv3,conv,65536,27.817297243302868,0.0004244582709244212,1.7084496675311984,3.6099242002770247,0.20632861938722824,0.12181014028750507
resnet50_no_weights,CIFAR10,fp32_fused,layer2.0.downsample.0,conv,131072,39.70364952087402,0.00030291480652522296,2.4384715103852592,2.576223778879651,0.20632861938722824,0.12181014028750507
resnet50_no_weights,CIFAR10,fp32_fused,layer2.1.conv1,conv,65536,7.715695471763611,0.00011773216967412736,0.47387340503326963,1.0012861983632524,0.20632861938722824,0.12181014028750507
resnet50_no_weights,CIFAR10,fp32_fused,layer2.1.conv2,conv,147456,9.30705860333565,6.311753067583312e-05,0.5716098525851687,0.5368007105909081,0.20632861938722824,0.12181014028750507
resnet50_no_weights,CIFAR10,fp32_fused,layer2.1.conv3,conv,65536,10.145448782227255,0.0001548072629124032,0.6231011031499096,1.3166017086886719,0.20632861938722824,0.12181014028750507
resnet50_no_weights,CIFAR10,fp32_fused,layer2.2.conv1,conv,65536,8.839882188373142,0.00013488589764973667,0.5429173673361473,1.1471748804456123,0.20632861938722824,0.12181014028750507
resnet50_no_weights,CIFAR10,fp32_fused,layer2.2.conv2,conv,147456,7.424307321247301,5.034930637781644e-05,0.45597727427268786,0.4282097723401542,0.20632861938722824,0.12181014028750507
resnet50_no_weights,CIFAR10,fp32_fused,layer2.2.conv3,conv,65536,7.931567837210262,0.00012102612056290073,0.4871315971484399,1.0293005259012928,0.20632861938722824,0.12181014028750507
resnet50_no_weights,CIFAR10,fp32_fused,layer2.3.conv1,conv,65536,12.12306850606745,0.0001849833451243202,0.7445601985518308,1.5732426482305117,0.20632861938722824,0.12181014028750507
resnet50_no_weights,CIFAR10,fp32_fused,layer2.3.conv2,conv,147456,13.641056257135729,9.250933334103548e-05,0.8377901642794827,0.7867715251536739,0.20632861938722824,0.12181014028750507
resnet50_no_weights,CIFAR10,fp32_fused,layer2.3.conv3,conv,65536,6.007522988319397,9.166752606688533e-05,0.36896289967751267,0.7796121395106387,0.20632861938722824,0.12181014028750507
resnet50_no_weights,CIFAR10,fp32_fused,layer3.0.conv1,conv,131072,81.69339100519817,0.0006232711105743268,5.017347497191836,5.300783656531519,0.20632861938722824,0.12181014028750507
resnet50_no_weights,CIFAR10,fp32_fused,layer3.0.conv2,conv,589824,69.26285823698967,0.00011742970485600733,4.253903824381591,0.9987138016367476,0.20632861938722824,0.12181014028750507
resnet50_no_weights,CIFAR10,fp32_fused,layer3.0.conv3,conv,262144,31.99162197113037,0.0001220383528561797,1.9648233774228425,1.0379093388332483,0.20632861938722824,0.12181014028750507
resnet50_no_weights,CIFAR10,fp32_fused,layer3.0.downsample.0,conv,524288,36.995194307963054,7.056273328392611e-05,2.2721268303989635,0.6001205205981116,0.20632861938722824,0.12181014028750507
resnet50_no_weights,CIFAR10,fp32_fused,layer3.1.conv1,conv,262144,16.464745896203176,6.28080211494567e-05,1.011212175155737,0.534168400170736,0.20632861938722824,0.12181014028750507
resnet50_no_weights,CIFAR10,fp32_fused,layer3.1.conv2,conv,589824,17.205279077802384,2.91701915788479e-05,1.056693361082367,0.2480860610346079,0.20632861938722824,0.12181014028750507
resnet50_no_weights,CIFAR10,fp32_fused,layer3.1.conv3,conv,262144,13.700943207740783,5.226495059105218e-05,0.8414682297635511,0.4445019048728047,0.20632861938722824,0.12181014028750507
resnet50_no_weights,CIFAR10,fp32_fused,layer3.2.conv1,conv,262144,26.640560150146484,0.00010162567195948213,1.6361782287213529,0.8643039792273758,0.20632861938722824,0.12181014028750507
resnet50_no_weights,CIFAR10,fp32_fused,layer3.2.conv2,conv,589824,20.665000298443964,3.503587561449511e-05,1.2691784029416648,0.2979724131260525,0.20632861938722824,0.12181014028750507
resnet50_no_weights,CIFAR10,fp32_fused,layer3.2.conv3,conv,262144,13.261215673910606,5.058752317013018e-05,0.814461567239666,0.43023575374372747,0.20632861938722824,0.12181014028750507
resnet50_no_weights,CIFAR10,fp32_fused,layer3.3.conv1,conv,262144,50.588735379670794,0.00019298071052425687,3.106998763549192,1.6412584812894702,0.20632861938722824,0.12181014028750507
resnet50_no_weights,CIFAR10,fp32_fused,layer3.3.conv2,conv,589824,30.981848776340485,5.252727724938369e-05,1.9028063286840031,0.4467329353819436,0.20632861938722824,0.12181014028750507
resnet50_no_weights,CIFAR10,fp32_fused,layer3.3.conv3,conv,262144,16.432009713990347,6.268314252468241e-05,1.0092016232632015,0.5331063349441869,0.20632861938722824,0.12181014028750507
resnet50_no_weights,CIFAR10,fp32_fused,layer3.4.conv1,conv,262144,52.04556680494739,0.00019853808137873608,3.1964727028177533,1.6885226976135075,0.20632861938722824,0.12181014028750507
resnet50_no_weights,CIFAR10,fp32_fused,layer3.4.conv2,conv,589824,23.916339673494036,4.0548264691660624e-05,1.468865296522698,0.3448540693314178,0.20632861938722824,0.12181014028750507
resnet50_no_weights,CIFAR10,fp32_fused,layer3.4.conv3,conv,262144,16.950459365844726,6.466087099397555e-05,1.0410431471752892,0.5499264804141508,0.20632861938722824,0.12181014028750507
resnet50_no_weights,CIFAR10,fp32_fused,layer3.5.conv1,conv,262144,32.631351947784424,0.00012447872904886026,2.0041135520348816,1.0586642013938277,0.20632861938722824,0.12181014028750507
resnet50_no_weights,CIFAR10,fp32_fused,layer3.5.conv2,conv,589824,6.641809940338135,1.1260664096981702e-05,0.40791878107812873,0.09576947045077845,0.20632861938722824,0.12181014028750507
resnet50_no_weights,CIFAR10,fp32_fused,layer3.5.conv3,conv,262144,6.876856546401978,2.6233125863655006e-05,0.42235459389171137,0.22310696337210373,0.20632861938722824,0.12181014028750507
resnet50_no_weights,CIFAR10,fp32_fused,layer4.0.conv1,conv,524288,64.79492782592773,0.00012358651700196787,3.9794977899431068,1.0510761342492272,0.20632861938722824,0.12181014028750507
resnet50_no_weights,CIFAR10,fp32_fused,layer4.0.conv2,conv,2359296,16.132364609662226,6.837787462727112e-06,0.9907983767367986,0.05815387784596766,0.20632861938722824,0.12181014028750507
resnet50_no_weights,CIFAR10,fp32_fused,layer4.0.conv3,conv,1048576,11.831232303228134,1.1283142379024634e-05,0.7266365498467275,0.09596064329363697,0.20632861938722824,0.12181014028750507
resnet50_no_weights,CIFAR10,fp32_fused,layer4.0.downsample.0,conv,2097152,80.91361999511719,3.858262061839923e-05,4.969456448997208,0.32813669899076336,0.20632861938722824,0.12181014028750507
resnet50_no_weights,CIFAR10,fp32_fused,layer4.1.conv1,conv,1048576,34.54759852091471,3.294715740291091e-05,2.1218033042828437,0.28020832431907594,0.20632861938722824,0.12181014028750507
resnet50_no_weights,CIFAR10,fp32_fused,layer4.1.conv2,conv,2359296,107.02592152186803,4.536349890894064e-05,6.5731907180621985,0.385806576849068,0.20632861938722824,0.12181014028750507
resnet50_no_weights,CIFAR10,fp32_fused,layer4.1.conv3,conv,1048576,22.895113481057656,2.183448169809118e-05,1.4061448412001691,0.18569746258161599,0.20632861938722824,0.12181014028750507
resnet50_no_weights,CIFAR10,fp32_fused,layer4.2.conv1,conv,1048576,36.295894963400706,3.461446281757422e-05,2.229178095219094,0.2943883900120772,0.20632861938722824,0.12181014028750507
resnet50_no_weights,CIFAR10,fp32_fused,layer4.2.conv2,conv,2359296,10.988515281677246,4.6575399109214135e-06,0.6748795584072332,0.039611352139690276,0.20632861938722824,0.12181014028750507
resnet50_no_weights,CIFAR10,fp32_fused,layer4.2.conv3,conv,1048576,5.429238906273475,5.177725702546572e-06,0.3334465359176295,0.04403541784051458,0.20632861938722824,0.12181014028750507
resnet50_no_weights,CIFAR10,fp32_fused,fc,linear,20480,5.872937798500061,0.0002867645409423858,0.3606971066067346,2.4388693236550854,0.20632861938722824,0.12181014028750507
resnet50_no_weights,CIFAR10,ptq,conv1,conv,1728,1144.1614617479258,0.6621304755485682,1608.9476957935124,200972.99688482308,-0.597001421005521,0.2259306748246671
resnet50_no_weights,CIFAR10,ptq,layer1.0.conv1,conv,4096,11.570839674992335,0.0028249120300274256,16.271196379079424,857.4307596100931,-0.597001421005521,0.2259306748246671
resnet50_no_weights,CIFAR10,ptq,layer1.0.conv2,conv,36864,24.445176489078083,0.0006631178518087588,34.37540216158152,201.27269003200684,-0.597001421005521,0.2259306748246671
resnet50_no_weights,CIFAR10,ptq,layer1.0.conv3,conv,16384,5.726280877686804,0.00034950444810100123,8.052435544844846,106.08325542067887,-0.597001421005521,0.2259306748246671
resnet50_no_weights,CIFAR10,ptq,layer1.0.downsample.0,conv,16384,2.2230717404931783,0.0001356855310359606,3.126137589869454,41.183918899992456,-0.597001421005521,0.2259306748246671
resnet50_no_weights,CIFAR10,ptq,layer1.1.conv1,conv,16384,15.435183883373496,0.0009420888600691831,21.70533126099496,285.9472997116601,-0.597001421005521,0.2259306748246671
resnet50_no_weights,CIFAR10,ptq,layer1.1.conv2,conv,36864,4.784410607879576,0.00012978544400714997,6.727954646818742,39.39309637203231,-0.597001421005521,0.2259306748246671
resnet50_no_weights,CIFAR10,ptq,layer1.1.conv3,conv,16384,1.267412007500728,7.735668991093311e-05,1.7822656130840642,23.479671114080624,-0.597001421005521,0.2259306748246671
resnet50_no_weights,CIFAR10,ptq,layer1.2.conv1,conv,16384,15.502956990003586,0.0009462254022218986,21.800635453099687,287.2028426958172,-0.597001421005521,0.2259306748246671
resnet50_no_weights,CIFAR10,ptq,layer1.2.conv2,conv,36864,1.1585172986662067,3.142679304107548e-05,1.6291352230814609,9.538809967493725,-0.597001421005521,0.2259306748246671
resnet50_no_weights,CIFAR10,ptq,layer1.2.conv3,conv,16384,0.8062367925109962,4.9208788605407484e-05,1.1337498010051912,14.936085989558196,-0.597001421005521,0.2259306748246671
resnet50_no_weights,CIFAR10,ptq,layer2.0.conv1,conv,32768,9.380168679222631,0.0002862600304938547,13.190621505057074,86.88700843897476,-0.597001421005521,0.2259306748246671
resnet50_no_weights,CIFAR10,ptq,layer2.0.conv2,conv,147456,2.3896925735104944,1.6206139957075294e-05,3.3604438607211713,4.918964819448783,-0.597001421005521,0.2259306748246671
resnet50_no_weights,CIFAR10,ptq,layer2.0.conv3,conv,65536,0.6040314613896258,9.216788656457914e-06,0.8494037428117284,2.7975236095389757,-0.597001421005521,0.2259306748246671
resnet50_no_weights,CIFAR10,ptq,layer2.0.downsample.0,conv,131072,0.7204647933443388,5.49671015429946e-06,1.0131351281320364,1.6683876569819207,-0.597001421005521,0.2259306748246671
resnet50_no_weights,CIFAR10,ptq,layer2.1.conv1,conv,65536,0.7165603386591884,1.093384305815412e-05,1.0076445889214203,3.3186921430327208,-0.597001421005521,0.2259306748246671
resnet50_no_weights,CIFAR10,ptq,layer2.1.conv2,conv,147456,0.21097152258476448,1.430742205029056e-06,0.29667328999374165,0.4342656913292883,-0.597001421005521,0.2259306748246671
resnet50_no_weights,CIFAR10,ptq,layer2.1.conv3,conv,65536,0.7056878360195292,1.0767941833794086e-05,0.9923554110785797,3.2683370129220366,-0.597001421005521,0.2259306748246671
resnet50_no_weights,CIFAR10,ptq,layer2.2.conv1,conv,65536,1.366345900684022,2.0848783884949065e-05,1.9213888616769377,6.328122225896355,-0.597001421005521,0.2259306748246671
resnet50_no_weights,CIFAR10,ptq,layer2.2.conv2,conv,147456,0.13430774880525392,9.108327148793804e-07,0.18886682534937155,0.27646028559309455,-0.597001421005521,0.2259306748246671
resnet50_no_weights,CIFAR10,ptq,layer2.2.conv3,conv,65536,0.3326840453216287,5.076355672021922e-06,0.46782840188461655,1.5407996615988444,-0.597001421005521,0.2259306748246671
resnet50_no_weights,CIFAR10,ptq,layer2.3.conv1,conv,65536,0.5248352615710568,8.008350548874767e-06,0.7380361190333266,2.430732717110109,-0.597001421005521,0.2259306748246671
resnet50_no_weights,CIFAR10,ptq,layer2.3.conv2,conv,147456,0.1700866762548685,1.1534740956954515e-06,0.23918002396915106,0.35010795364594566,-0.597001421005521,0.2259306748246671
resnet50_no_weights,CIFAR10,ptq,layer2.3.conv3,conv,65536,0.1984006106973656,3.0273530685022825e-06,0.2789957677283485,0.9188766282073065,-0.597001421005521,0.2259306748246671
resnet50_no_weights,CIFAR10,ptq,layer3.0.conv1,conv,131072,0.4718301464210857,3.599778338783918e-06,0.663499035993027,1.092621873758486,-0.597001421005521,0.2259306748246671
resnet50_no_weights,CIFAR10,ptq,layer3.0.conv2,conv,589824,0.5058516781581076,8.576315615473558e-07,0.7113409419876784,0.26031241803873106,-0.597001421005521,0.2259306748246671
resnet50_no_weights,CIFAR10,ptq,layer3.0.conv3,conv,262144,0.6760532997548581,2.5789386739916155e-06,0.9506826048942926,0.7827717545622153,-0.597001421005521,0.2259306748246671
resnet50_no_weights,CIFAR10,ptq,layer3.0.downsample.0,conv,524288,1.8674588567680783,3.5618950972901885e-06,2.6260660973461016,1.0811233717926934,-0.597001421005521,0.2259306748246671
resnet50_no_weights,CIFAR10,ptq,layer3.1.conv1,conv,262144,0.12453847600424543,4.7507658387849973e-07,0.1751290361576711,0.1441975084031043,-0.597001421005521,0.2259306748246671
resnet50_no_weights,CIFAR10,ptq,layer3.1.conv2,conv,589824,0.1756244214872519,2.9775733352195213e-07,0.24696733610071256,0.09037672463688175,-0.597001421005521,0.2259306748246671
resnet50_no_weights,CIFAR10,ptq,layer3.1.conv3,conv,262144,0.6795259045832085,2.59218561013492e-06,0.95556586632528,0.7867925277399732,-0.597001421005521,0.2259306748246671
resnet50_no_weights,CIFAR10,ptq,layer3.2.conv1,conv,262144,0.15691017698157916,5.985648230803649e-07,0.22065090998204273,0.181679247167458,-0.597001421005521,0.2259306748246671
resnet50_no_weights,CIFAR10,ptq,layer3.2.conv2,conv,589824,0.14034887584971217,2.3795043241663983e-07,0.19736200523711922,0.07222384904303332,-0.597001421005521,0.2259306748246671
resnet50_no_weights,CIFAR10,ptq,layer3.2.conv3,conv,262144,0.7586416123168809,2.893988084094547e-06,1.0668203001747654,0.8783970526769482,-0.597001421005521,0.2259306748246671
resnet50_no_weights,CIFAR10,ptq,layer3.3.conv1,conv,262144,0.1311262886111553,5.002070946165287e-07,0.1843929785893751,0.15182524076519438,-0.597001421005521,0.2259306748246671
resnet50_no_weights,CIFAR10,ptq,layer3.3.conv2,conv,589824,0.23688208037301114,4.0161485523310536e-07,0.3331093470048182,0.12190005449121045,-0.597001421005521,0.2259306748246671
resnet50_no_weights,CIFAR10,ptq,layer3.3.conv3,conv,262144,1.490889385342598,5.687291661615745e-06,2.0965249411262366,1.7262338641731063,-0.597001421005521,0.2259306748246671
resnet50_no_weights,CIFAR10,ptq,layer3.4.conv1,conv,262144,0.06489836790219501,2.475676265800286e-07,0.09126166453594556,0.07514290563990446,-0.597001421005521,0.2259306748246671
resnet50_no_weights,CIFAR10,ptq,layer3.4.conv2,conv,589824,0.10467321060451806,1.7746516012321993e-07,0.14719401644254312,0.053865070993839755,-0.597001421005521,0.2259306748246671
resnet50_no_weights,CIFAR10,ptq,layer3.4.conv3,conv,262144,1.0245273934220367,3.908261846244952e-06,1.4407153570838294,1.1862542578178692,-0.597001421005521,0.2259306748246671
resnet50_no_weights,CIFAR10,ptq,layer3.5.conv1,conv,262144,0.04881594574756243,1.8621805476212474e-07,0.06864617106446957,0.056521791280789865,-0.597001421005521,0.2259306748246671
resnet50_no_weights,CIFAR10,ptq,layer3.5.conv2,conv,589824,0.03738222785759717,6.337861439615406e-08,0.0525677986769668,0.019236979030530014,-0.597001421005521,0.2259306748246671
resnet50_no_weights,CIFAR10,ptq,layer3.5.conv3,conv,262144,0.30635226517915726,1.168641148296956e-06,0.43080001174670024,0.3547115297201458,-0.597001421005521,0.2259306748246671
resnet50_no_weights,CIFAR10,ptq,layer4.0.conv1,conv,524288,1.178737411275506,2.248263189841282e-06,1.657569237579482,0.6824035559968591,-0.597001421005521,0.2259306748246671
resnet50_no_weights,CIFAR10,ptq,layer4.0.conv2,conv,2359296,0.13688314977017316,5.8018641904268545e-08,0.19248841687013551,0.01761009464037717,-0.597001421005521,0.2259306748246671
resnet50_no_weights,CIFAR10,ptq,layer4.0.conv3,conv,1048576,0.9754663588745254,9.302772129769567e-07,1.3717245361835402,0.2823621723056093,-0.597001421005521,0.2259306748246671
resnet50_no_weights,CIFAR10,ptq,layer4.0.downsample.0,conv,2097152,64.03252461491799,3.0533087069949145e-05,90.04409463120989,9.267548072770762,-0.597001421005521,0.2259306748246671
resnet50_no_weights,CIFAR10,ptq,layer4.1.conv1,conv,1048576,1.6594202942275382,1.5825465147281058e-06,2.3335172071532413,0.4803420587325162,-0.597001421005521,0.2259306748246671
resnet50_no_weights,CIFAR10,ptq,layer4.1.conv2,conv,2359296,1.9136067181825638,8.11092257259184e-07,2.6909603432816396,0.24618658664880808,-0.597001421005521,0.2259306748246671
resnet50_no_weights,CIFAR10,ptq,layer4.1.conv3,conv,1048576,136.24257910592215,0.00012993104849426474,191.58763081091527,39.43729093974359,-0.597001421005521,0.2259306748246671
resnet50_no_weights,CIFAR10,ptq,layer4.2.conv1,conv,1048576,0.09588913086336107,9.144700132690531e-08,0.13484162971068278,0.027756429573147584,-0.597001421005521,0.2259306748246671
resnet50_no_weights,CIFAR10,ptq,layer4.2.conv2,conv,2359296,0.225921149945484,9.575786588265483e-08,0.3176958198543922,0.029064883723692106,-0.597001421005521,0.2259306748246671
resnet50_no_weights,CIFAR10,ptq,layer4.2.conv3,conv,1048576,0.15877568450472926,1.514202923819821e-07,0.2232742320665608,0.04595980863737015,-0.597001421005521,0.2259306748246671
resnet50_no_weights,CIFAR10,ptq,fc,linear,20480,19.432838659537467,0.0009488690751727278,27.326930708035253,288.0052629065337,-0.597001421005521,0.2259306748246671
resnet18_no_weights,CIFAR10,fp32_unfused,conv1,conv,1728,23.163068470201996,0.013404553512848376,0.4194466199788598,33.91972468101613,0.1497150296895537,0.196795173711162
resnet18_no_weights,CIFAR10,fp32_unfused,layer1.0.conv1,conv,36864,44.141142284168915,0.0011974051183856584,0.7993264345317164,3.0299891681099718,0.1497150296895537,0.196795173711162
resnet18_no_weights,CIFAR10,fp32_unfused,layer1.0.conv2,conv,36864,60.93810072812167,0.0016530517775640644,1.1034928472980086,4.182986111748727,0.1497150296895537,0.196795173711162
resnet18_no_weights,CIFAR10,fp32_unfused,layer1.1.conv1,conv,36864,69.25918344350961,0.001878775592543121,1.2541745250741634,4.754171839844737,0.1497150296895537,0.196795173711162
resnet18_no_weights,CIFAR10,fp32_unfused,layer1.1.conv2,conv,36864,35.54911634271795,0.0009643314980120972,0.6437384024646998,2.4402050305106777,0.1497150296895537,0.196795173711162
resnet18_no_weights,CIFAR10,fp32_unfused,layer2.0.conv1,conv,73728,56.44635560777452,0.0007656026965030181,1.022154430889152,1.937329181127472,0.1497150296895537,0.196795173711162
resnet18_no_weights,CIFAR10,fp32_unfused,layer2.0.conv2,conv,147456,70.44087092081706,0.0004777077292264612,1.275573020651966,1.208821661819886,0.1497150296895537,0.196795173711162
resnet18_no_weights,CIFAR10,fp32_unfused,layer2.0.downsample.0,conv,8192,45.21985471248627,0.005520001795957796,0.8188602144611316,13.96815947492282,0.1497150296895537,0.196795173711162
resnet18_no_weights,CIFAR10,fp32_unfused,layer2.1.conv1,conv,147456,58.272343345310375,0.00039518462012607406,1.0552201875101952,1.0,0.1497150296895537,0.196795173711162
resnet18_no_weights,CIFAR10,fp32_unfused,layer2.1.conv2,conv,147456,36.89793627970928,0.0002502301451260666,0.6681634031617761,0.6331980861153876,0.1497150296895537,0.196795173711162
resnet18_no_weights,CIFAR10,fp32_unfused,layer3.0.conv1,conv,294912,71.88807278587704,0.00024376109749985433,1.3017795628252282,0.6168284014243476,0.1497150296895537,0.196795173711162
resnet18_no_weights,CIFAR10,fp32_unfused,layer3.0.conv2,conv,589824,96.42519569396973,0.00016348130237828527,1.7461081404938317,0.4136833622880631,0.1497150296895537,0.196795173711162
resnet18_no_weights,CIFAR10,fp32_unfused,layer3.0.downsample.0,conv,32768,33.33256648835682,0.001017229201915186,0.6036001821929577,2.5740607050716293,0.1497150296895537,0.196795173711162
resnet18_no_weights,CIFAR10,fp32_unfused,layer3.1.conv1,conv,589824,90.9582172575451,0.00015421247229265866,1.6471097875940173,0.3902289320962463,0.1497150296895537,0.196795173711162
resnet18_no_weights,CIFAR10,fp32_unfused,layer3.1.conv2,conv,589824,57.297394661676314,9.71432065525925e-05,1.0375654052636538,0.24581727528161726,0.1497150296895537,0.196795173711162
resnet18_no_weights,CIFAR10,fp32_unfused,layer4.0.conv1,conv,1179648,55.00519943237305,4.6628485304406946e-05,0.9960573666158478,0.11799164980036739,0.1497150296895537,0.196795173711162
resnet18_no_weights,CIFAR10,fp32_unfused,layer4.0.conv2,conv,2359296,59.894605944233554,2.538664328012829e-05,1.084596803337749,0.06423995769883276,0.1497150296895537,0.196795173711162
resnet18_no_weights,CIFAR10,fp32_unfused,layer4.0.downsample.0,conv,131072,27.647567075841568,0.00021093419705079321,0.500653813440954,0.5337611493673509,0.1497150296895537,0.196795173711162
resnet18_no_weights,CIFAR10,fp32_unfused,layer4.1.conv1,conv,2359296,55.22292317284478,2.340652600303005e-05,1.0,0.059229344491095744,0.1497150296895537,0.196795173711162
resnet18_no_weights,CIFAR10,fp32_unfused,layer4.1.conv2,conv,2359296,17.91887903213501,7.595010982994508e-06,0.32448262429082,0.019218893135495768,0.1497150296895537,0.196795173711162
resnet18_no_weights,CIFAR10,fp32_unfused,fc,linear,5120,4.181825692837055,0.0008167628306322373,0.0757262646120374,2.0667879999268925,0.1497150296895537,0.196795173711162
resnet18_no_weights,CIFAR10,fp32_fused,conv1,conv,1728,235.23335435655383,0.13613041340078347,3.83048724840151,181.63513894622506,-0.07480024821006634,0.012859200786868002
resnet18_no_weights,CIFAR10,fp32_fused,layer1.0.conv1,conv,36864,98.01250110973011,0.0026587592531936337,1.596013612575091,3.5475107605572576,-0.07480024821006634,0.012859200786868002
resnet18_no_weights,CIFAR10,fp32_fused,layer1.0.conv2,conv,36864,63.06606425661029,0.001710776482655444,1.0269536631087262,2.282642918435943,-0.07480024821006634,0.012859200786868002
resnet18_no_weights,CIFAR10,fp32_fused,layer1.1.conv1,conv,36864,404.1383695602417,0.010962954903435376,6.580898680056393,14.627575039269098,-0.07480024821006634,0.012859200786868002
resnet18_no_weights,CIFAR10,fp32_fused,layer1.1.conv2,conv,36864,42.117038669008195,0.0011424977937556477,0.6858244231706013,1.5244039912198513,-0.07480024821006634,0.012859200786868002
resnet18_no_weights,CIFAR10,fp32_fused,layer2.0.conv1,conv,73728,217.59389630485984,0.002951306102225204,3.5432502648515,3.9378481307648157,-0.07480024821006634,0.012859200786868002
resnet18_no_weights,CIFAR10,fp32_fused,layer2.0.conv2,conv,147456,47.969253026522125,0.00032531231707439595,0.7811205708308142,0.4340554504801516,-0.07480024821006634,0.012859200786868002
resnet18_no_weights,CIFAR10,fp32_fused,layer2.0.downsample.0,conv,8192,33.555938720703125,0.004096183925867081,0.5464173893595403,5.465427731668659,-0.07480024821006634,0.012859200786868002
resnet18_no_weights,CIFAR10,fp32_fused,layer2.1.conv1,conv,147456,161.87845109638414,0.0010978085062417545,2.6359924357317697,1.464776280231448,-0.07480024821006634,0.012859200786868002
resnet18_no_weights,CIFAR10,fp32_fused,layer2.1.conv2,conv,147456,22.71290464401245,0.00015403174264873895,0.3698518513712857,0.20552039973436134,-0.07480024821006634,0.012859200786868002
resnet18_no_weights,CIFAR10,fp32_fused,layer3.0.conv1,conv,294912,297.2974407196045,0.0010080886526136763,4.841124927941669,1.3450654994231002,-0.07480024821006634,0.012859200786868002
resnet18_no_weights,CIFAR10,fp32_fused,layer3.0.conv2,conv,589824,61.41081776338465,0.00010411719048967938,1.0,0.13892075906363666,-0.07480024821006634,0.012859200786868002
resnet18_no_weights,CIFAR10,fp32_fused,layer3.0.downsample.0,conv,32768,29.4948626686545,0.0009001117757768096,0.4802877366378339,1.2009948649683102,-0.07480024821006634,0.012859200786868002
resnet18_no_weights,CIFAR10,fp32_fused,layer3.1.conv1,conv,589824,115.8140053127123,0.00019635349750554793,1.8858893193531905,0.26198917575455033,-0.07480024821006634,0.012859200786868002
resnet18_no_weights,CIFAR10,fp32_fused,layer3.1.conv2,conv,589824,19.09822430330164,3.237953067915453e-05,0.3109912064171973,0.04320313445759317,-0.07480024821006634,0.012859200786868002
resnet18_no_weights,CIFAR10,fp32_fused,layer4.0.conv1,conv,1179648,110.55589763934796,9.371939564967512e-05,1.8002674718535565,0.1250472618537351,-0.07480024821006634,0.012859200786868002
resnet18_no_weights,CIFAR10,fp32_fused,layer4.0.conv2,conv,2359296,22.44846417563302,9.514899434252006e-06,0.36554576202073646,0.01269547368310405,-0.07480024821006634,0.012859200786868002
resnet18_no_weights,CIFAR10,fp32_fused,layer4.0.downsample.0,conv,131072,8.6509644644601,6.600162097518998e-05,0.14087036746184023,0.0880641826981752,-0.07480024821006634,0.012859200786868002
resnet18_no_weights,CIFAR10,fp32_fused,layer4.1.conv1,conv,2359296,95.62105892866086,4.052948800348106e-05,1.5570719037985778,0.05407740269809007,-0.07480024821006634,0.012859200786868002
resnet18_no_weights,CIFAR10,fp32_fused,layer4.1.conv2,conv,2359296,2.954489074255291,1.2522757103200663e-06,0.04811023825865521,0.0016708777044061988,-0.07480024821006634,0.012859200786868002
resnet18_no_weights,CIFAR10,fp32_fused,fc,linear,5120,3.837295584189586,0.0007494717937870285,0.06248566171150257,1.0,-0.07480024821006634,0.012859200786868002
resnet18_no_weights,CIFAR10,ptq,conv1,conv,1728,181.13496289934432,0.10482347390008352,3.1876067671414114,129.99667222422613,-0.05654641725661936,0.00830928518535837
resnet18_no_weights,CIFAR10,ptq,layer1.0.conv1,conv,36864,83.44380207061768,0.002263557998877433,1.4684411220163849,2.8071480203096035,-0.05654641725661936,0.00830928518535837
resnet18_no_weights,CIFAR10,ptq,layer1.0.conv2,conv,36864,56.82475164958409,0.0015414700425776934,1.0,1.9116517361315637,-0.05654641725661936,0.00830928518535837
resnet18_no_weights,CIFAR10,ptq,layer1.1.conv1,conv,36864,308.62564677576864,0.008372006477207266,5.431183380772902,10.382531139103413,-0.05654641725661936,0.00830928518535837
resnet18_no_weights,CIFAR10,ptq,layer1.1.conv2,conv,36864,35.9549367181186,0.0009753400802441027,0.6327337238504546,1.209566521707711,-0.05654641725661936,0.00830928518535837
resnet18_no_weights,CIFAR10,ptq,layer2.0.conv1,conv,73728,193.31502806834686,0.0026220028763610415,3.401951129684555,3.251672891648107,-0.05654641725661936,0.00830928518535837
resnet18_no_weights,CIFAR10,ptq,layer2.0.conv2,conv,147456,38.53166027069092,0.0002613095450215042,0.6780788151666818,0.3240626360618552,-0.05654641725661936,0.00830928518535837
resnet18_no_weights,CIFAR10,ptq,layer2.0.downsample.0,conv,8192,25.41041158593219,0.0031018568830483632,0.4471715379000372,3.8467631104885234,-0.05654641725661936,0.00830928518535837
resnet18_no_weights,CIFAR10,ptq,layer2.1.conv1,conv,147456,132.9081802368164,0.000901341283073028,2.338913525859452,1.1177970255927043,-0.05654641725661936,0.00830928518535837
resnet18_no_weights,CIFAR10,ptq,layer2.1.conv2,conv,147456,19.897753385397102,0.00013494027632240873,0.3501599709242678,0.1673459790852886,-0.05654641725661936,0.00830928518535837
resnet18_no_weights,CIFAR10,ptq,layer3.0.conv1,conv,294912,240.82840372721355,0.0008166110694960312,4.23808985936811,1.0127189796928275,-0.05654641725661936,0.00830928518535837
resnet18_no_weights,CIFAR10,ptq,layer3.0.conv2,conv,589824,58.084185943603515,9.847714902005262e-05,1.0221634808328923,0.12212628704653006,-0.05654641725661936,0.00830928518535837
resnet18_no_weights,CIFAR10,ptq,layer3.0.downsample.0,conv,32768,27.136493942954324,0.0008281400739426979,0.47754707508964434,1.0270166570771275,-0.05654641725661936,0.00830928518535837
resnet18_no_weights,CIFAR10,ptq,layer3.1.conv1,conv,589824,105.92802549663342,0.00017959259965113903,1.8641177026139935,0.22272149015972642,-0.05654641725661936,0.00830928518535837
resnet18_no_weights,CIFAR10,ptq,layer3.1.conv2,conv,589824,18.720828533172607,3.173968596254579e-05,0.32944848837380936,0.03936192342285699,-0.05654641725661936,0.00830928518535837
resnet18_no_weights,CIFAR10,ptq,layer4.0.conv1,conv,1179648,98.99110488891601,8.391579936465455e-05,1.742042015411792,0.1040680513492525,-0.05654641725661936,0.00830928518535837
resnet18_no_weights,CIFAR10,ptq,layer4.0.conv2,conv,2359296,20.998636627197264,8.90038241373582e-06,0.3695332758634407,0.011037795755667663,-0.05654641725661936,0.00830928518535837
resnet18_no_weights,CIFAR10,ptq,layer4.0.downsample.0,conv,131072,10.155955397564432,7.7483790569797e-05,0.17872414929663427,0.09609140539449779,-0.05654641725661936,0.00830928518535837
resnet18_no_weights,CIFAR10,ptq,layer4.1.conv1,conv,2359296,87.2209602355957,3.696906205732375e-05,1.5349114198237608,0.045847126258035234,-0.05654641725661936,0.00830928518535837
resnet18_no_weights,CIFAR10,ptq,layer4.1.conv2,conv,2359296,3.022899036822112,1.281271632225084e-06,0.053196871945224544,0.0015889670720446402,-0.05654641725661936,0.00830928518535837
resnet18_no_weights,CIFAR10,ptq,fc,linear,5120,4.128537886282977,0.000806355055914644,0.07265386590234565,1.0,-0.05654641725661936,0.00830928518535837
cnn,CIFAR10,fp32_unfused,conv1,conv,864,54.07831072807312,0.06259063741675129,0.8938669882442097,41.56482798141229,-0.0342102639304432,0.004069576715515021
cnn,CIFAR10,fp32_unfused,conv2,conv,18432,125.85598815114875,0.006828124357158678,2.080288965512491,4.534381275769451,-0.0342102639304432,0.004069576715515021
cnn,CIFAR10,fp32_unfused,conv3,conv,73728,182.93697320847284,0.002481241498595823,3.0237875236639398,1.6477284834596595,-0.0342102639304432,0.004069576715515021
cnn,CIFAR10,fp32_unfused,conv4,conv,294912,66.9202526807785,0.0002269160043700443,1.1061330117557904,0.1506890659232375,-0.0342102639304432,0.004069576715515021
cnn,CIFAR10,fp32_unfused,fc1,linear,1048576,12.726255397001902,1.2136702916147138e-05,0.21035382633428712,0.008059671378840293,-0.0342102639304432,0.004069576715515021
cnn,CIFAR10,fp32_unfused,fc2,linear,10240,5.432013899939401,0.0005304701074159571,0.08978641972111254,0.3522715165403405,-0.0342102639304432,0.004069576715515021
cnn,CIFAR10,fp32_fused,conv1,conv,864,333.6462240508108,0.3861646111699199,1.8718328317287323,136.40168047830068,-0.3309388155076689,0.15619084782608234
cnn,CIFAR10,fp32_fused,conv2,conv,18432,706.2593449183872,0.03831702175121458,3.962279007635757,13.5343995969882,-0.3309388155076689,0.15619084782608234
cnn,CIFAR10,fp32_fused,conv3,conv,73728,386.57933044433594,0.005243317741486762,2.1687998563509,1.8520530637277421,-0.3309388155076689,0.15619084782608234
cnn,CIFAR10,fp32_fused,conv4,conv,294912,22.84525146484375,7.746463848484887e-05,0.12816716827126795,0.027362183279731063,-0.3309388155076689,0.15619084782608234
cnn,CIFAR10,fp32_fused,fc1,linear,1048576,13.043013572692871,1.2438787052815314e-05,0.0731743363783189,0.004393648221610783,-0.3309388155076689,0.15619084782608234
cnn,CIFAR10,fp32_fused,fc2,linear,10240,4.289026045799256,0.00041885019978508357,0.024062432570626294,0.14794693627225786,-0.3309388155076689,0.15619084782608234
cnn,CIFAR10,ptq,conv1,conv,864,301.94979467147436,0.34947892901791017,1.8375038323972877,117.21096598689573,-0.28241179578695524,0.12128341021618153
cnn,CIFAR10,ptq,conv2,conv,18432,896.7506974017034,0.048651839051741724,5.457141790652256,16.317232825219573,-0.28241179578695524,0.12128341021618153
cnn,CIFAR10,ptq,conv3,conv,73728,403.57933840544325,0.005473895106410634,2.4559665019915373,1.8358775876311872,-0.28241179578695524,0.12128341021618153
cnn,CIFAR10,ptq,conv4,conv,294912,26.70235761006673,9.054347605409997e-05,0.1624961676027124,0.03036717641872062,-0.28241179578695524,0.12128341021618153
cnn,CIFAR10,ptq,fc1,linear,1048576,18.975862329656426,1.8096792535454203e-05,0.11547687850466705,0.006069443271746796,-0.28241179578695524,0.12128341021618153
cnn,CIFAR10,ptq,fc2,linear,10240,5.0109561170850485,0.0004893511833090867,0.030493980229847357,0.1641224123688129,-0.28241179578695524,0.12128341021618153
