model,dataset,variant,canonical_layer,weight_shape,trace_raw,trace_per_param,probe_seed
resnet50_no_weights,CIFAR10,fp32_unfused,conv1,"(64, 3, 3, 3)",11.782139253616332,0.006818367623620563,20260811
resnet50_no_weights,CIFAR10,fp32_unfused,layer1.0.conv1,"(64, 64, 1, 1)",4.254737708303663,0.001038754323316324,20260811
resnet50_no_weights,CIFAR10,fp32_unfused,layer1.0.conv2,"(64, 64, 3, 3)",3.4980310834183985,9.4890166108355e-05,20260811
resnet50_no_weights,CIFAR10,fp32_unfused,layer1.0.conv3,"(256, 64, 1, 1)",2.910423657350373,0.00017763816268007648,20260811
resnet50_no_weights,CIFAR10,fp32_unfused,layer1.0.downsample.0,"(256, 64, 1, 1)",16.554158392406645,0.0010103856440677884,20260811
resnet50_no_weights,CIFAR10,fp32_unfused,layer1.1.conv1,"(64, 256, 1, 1)",2.7746197793443326,0.00016934935176662186,20260811
resnet50_no_weights,CIFAR10,fp32_unfused,layer1.1.conv2,"(64, 64, 3, 3)",3.3938041596577087,9.206282985182586e-05,20260811
resnet50_no_weights,CIFAR10,fp32_unfused,layer1.1.conv3,"(256, 64, 1, 1)",2.26840587788158,0.00013845250719492065,20260811
resnet50_no_weights,CIFAR10,fp32_unfused,layer1.2.conv1,"(64, 256, 1, 1)",4.794189149683172,0.00029261408384296703,20260811
resnet50_no_weights,CIFAR10,fp32_unfused,layer1.2.conv2,"(64, 64, 3, 3)",11.007249448034498,0.0002985907510860053,20260811
resnet50_no_weights,CIFAR10,fp32_unfused,layer1.2.conv3,"(256, 64, 1, 1)",6.685262417793274,0.00040803603624226523,20260811
resnet50_no_weights,CIFAR10,fp32_unfused,layer2.0.conv1,"(128, 256, 1, 1)",16.051422584624518,0.0004898505427436682,20260811
resnet50_no_weights,CIFAR10,fp32_unfused,layer2.0.conv2,"(128, 128, 3, 3)",29.682979403601752,0.00020130058731826275,20260811
resnet50_no_weights,CIFAR10,fp32_unfused,layer2.0.conv3,"(512, 128, 1, 1)",27.461915518108167,0.0004190355761430079,20260811
resnet50_no_weights,CIFAR10,fp32_unfused,layer2.0.downsample.0,"(512, 256, 1, 1)",35.836299896240234,0.0002734092704486102,20260811
resnet50_no_weights,CIFAR10,fp32_unfused,layer2.1.conv1,"(128, 512, 1, 1)",3.247159231792797,4.954771777027583e-05,20260811
resnet50_no_weights,CIFAR10,fp32_unfused,layer2.1.conv2,"(128, 128, 3, 3)",8.33104121685028,5.649848915507189e-05,20260811
resnet50_no_weights,CIFAR10,fp32_unfused,layer2.1.conv3,"(512, 128, 1, 1)",9.973119537035624,0.00015217772731072424,20260811
resnet50_no_weights,CIFAR10,fp32_unfused,layer2.2.conv1,"(128, 512, 1, 1)",4.260987505768284,6.501750954846625e-05,20260811
resnet50_no_weights,CIFAR10,fp32_unfused,layer2.2.conv2,"(128, 128, 3, 3)",8.420691633224488,5.7106469951880476e-05,20260811
resnet50_no_weights,CIFAR10,fp32_unfused,layer2.2.conv3,"(512, 128, 1, 1)",7.813945063522884,0.00011923133947025885,20260811
resnet50_no_weights,CIFAR10,fp32_unfused,layer2.3.conv1,"(128, 512, 1, 1)",5.744938674180404,8.76608074063172e-05,20260811
resnet50_no_weights,CIFAR10,fp32_unfused,layer2.3.conv2,"(128, 128, 3, 3)",16.144821848188126,0.00010948908045917512,20260811
resnet50_no_weights,CIFAR10,fp32_unfused,layer2.3.conv3,"(512, 128, 1, 1)",10.055952571687245,0.00015344165911388008,20260811
resnet50_no_weights,CIFAR10,fp32_unfused,layer3.0.conv1,"(256, 512, 1, 1)",40.228747407595314,0.0003069209854705453,20260811
resnet50_no_weights,CIFAR10,fp32_unfused,layer3.0.conv2,"(256, 256, 3, 3)",40.050329440977514,6.790216986927883e-05,20260811
resnet50_no_weights,CIFAR10,fp32_unfused,layer3.0.conv3,"(1024, 256, 1, 1)",28.273650429465555,0.00010785541698251936,20260811
resnet50_no_weights,CIFAR10,fp32_unfused,layer3.0.downsample.0,"(1024, 512, 1, 1)",40.26693051656087,7.680307486831831e-05,20260811
resnet50_no_weights,CIFAR10,fp32_unfused,layer3.1.conv1,"(256, 1024, 1, 1)",7.833485970130334,2.9882377510567985e-05,20260811
resnet50_no_weights,CIFAR10,fp32_unfused,layer3.1.conv2,"(256, 256, 3, 3)",19.310064951578777,3.2738689764368314e-05,20260811
resnet50_no_weights,CIFAR10,fp32_unfused,layer3.1.conv3,"(1024, 256, 1, 1)",13.877839830186632,5.293975765299466e-05,20260811
resnet50_no_weights,CIFAR10,fp32_unfused,layer3.2.conv1,"(256, 1024, 1, 1)",12.293230152130127,4.68949514470296e-05,20260811
resnet50_no_weights,CIFAR10,fp32_unfused,layer3.2.conv2,"(256, 256, 3, 3)",25.189337253570557,4.27065315307118e-05,20260811
resnet50_no_weights,CIFAR10,fp32_unfused,layer3.2.conv3,"(1024, 256, 1, 1)",13.73276142279307,5.238632744900921e-05,20260811
resnet50_no_weights,CIFAR10,fp32_unfused,layer3.3.conv1,"(256, 1024, 1, 1)",17.979613939921062,6.858678413361001e-05,20260811
resnet50_no_weights,CIFAR10,fp32_unfused,layer3.3.conv2,"(256, 256, 3, 3)",32.020370960235596,5.428800957613728e-05,20260811
resnet50_no_weights,CIFAR10,fp32_unfused,layer3.3.conv3,"(1024, 256, 1, 1)",14.970376551151276,5.710745449505339e-05,20260811
resnet50_no_weights,CIFAR10,fp32_unfused,layer3.4.conv1,"(256, 1024, 1, 1)",18.296778893470766,6.979667241466814e-05,20260811
resnet50_no_weights,CIFAR10,fp32_unfused,layer3.4.conv2,"(256, 256, 3, 3)",32.090012369929134,5.440608108508493e-05,20260811
resnet50_no_weights,CIFAR10,fp32_unfused,layer3.4.conv3,"(1024, 256, 1, 1)",16.449838383992514,6.275115350338941e-05,20260811
resnet50_no_weights,CIFAR10,fp32_unfused,layer3.5.conv1,"(256, 1024, 1, 1)",15.315138101577759,5.842261543875793e-05,20260811
resnet50_no_weights,CIFAR10,fp32_unfused,layer3.5.conv2,"(256, 256, 3, 3)",13.904308535018057,2.3573656777306548e-05,20260811
resnet50_no_weights,CIFAR10,fp32_unfused,layer3.5.conv3,"(1024, 256, 1, 1)",5.904531534980325,2.252400030128603e-05,20260811
resnet50_no_weights,CIFAR10,fp32_unfused,layer4.0.conv1,"(512, 1024, 1, 1)",25.318306159973144,4.829083663935307e-05,20260811
resnet50_no_weights,CIFAR10,fp32_unfused,layer4.0.conv2,"(512, 512, 3, 3)",18.403953647613527,7.800612406248952e-06,20260811
resnet50_no_weights,CIFAR10,fp32_unfused,layer4.0.conv3,"(2048, 512, 1, 1)",11.645325330587534,1.1105847673976454e-05,20260811
resnet50_no_weights,CIFAR10,fp32_unfused,layer4.0.downsample.0,"(2048, 1024, 1, 1)",42.82855560302735,2.0422246743692087e-05,20260811
resnet50_no_weights,CIFAR10,fp32_unfused,layer4.1.conv1,"(512, 2048, 1, 1)",24.140172958374023,2.302186294400599e-05,20260811
resnet50_no_weights,CIFAR10,fp32_unfused,layer4.1.conv2,"(512, 512, 3, 3)",62.41973104232397,2.6456930814244576e-05,20260811
resnet50_no_weights,CIFAR10,fp32_unfused,layer4.1.conv3,"(2048, 512, 1, 1)",22.20318295405461,2.1174605325750934e-05,20260811
resnet50_no_weights,CIFAR10,fp32_unfused,layer4.2.conv1,"(512, 2048, 1, 1)",18.447313261032104,1.7592728863746742e-05,20260811
resnet50_no_weights,CIFAR10,fp32_unfused,layer4.2.conv2,"(512, 512, 3, 3)",12.44849427541097,5.276359674839855e-06,20260811
resnet50_no_weights,CIFAR10,fp32_unfused,layer4.2.conv3,"(2048, 512, 1, 1)",5.955266650985269,5.679384852395314e-06,20260811
resnet50_no_weights,CIFAR10,fp32_unfused,fc,"(10, 2048)",5.078143247338229,0.000247956213248937,20260811
resnet50_no_weights,CIFAR10,fp32_fused,conv1,"(64, 3, 3, 3)",199.67421889305115,0.11555221000755275,20260811
resnet50_no_weights,CIFAR10,fp32_fused,layer1.0.conv1,"(64, 64, 1, 1)",4.124195125867736,0.0010068835756513028,20260811
resnet50_no_weights,CIFAR10,fp32_fused,layer1.0.conv2,"(64, 64, 3, 3)",5.685314379240337,0.0001542240228743581,20260811
resnet50_no_weights,CIFAR10,fp32_fused,layer1.0.conv3,"(256, 64, 1, 1)",2.8326670651634536,0.00017289227692648032,20260811
resnet50_no_weights,CIFAR10,fp32_fused,layer1.0.downsample.0,"(256, 64, 1, 1)",7.346483958394904,0.00044839379628875146,20260811
resnet50_no_weights,CIFAR10,fp32_fused,layer1.1.conv1,"(64, 256, 1, 1)",7.241980243474245,0.0004420153957198636,20260811
resnet50_no_weights,CIFAR10,fp32_fused,layer1.1.conv2,"(64, 64, 3, 3)",5.321009906133016,0.00014434163156827842,20260811
resnet50_no_weights,CIFAR10,fp32_fused,layer1.1.conv3,"(256, 64, 1, 1)",2.380211517214775,0.00014527658186125336,20260811
resnet50_no_weights,CIFAR10,fp32_fused,layer1.2.conv1,"(64, 256, 1, 1)",13.25002933370656,0.0008087176106998633,20260811
resnet50_no_weights,CIFAR10,fp32_fused,layer1.2.conv2,"(64, 64, 3, 3)",20.2799285252889,0.0005501282694577067,20260811
resnet50_no_weights,CIFAR10,fp32_fused,layer1.2.conv3,"(256, 64, 1, 1)",5.278411375624793,0.00032216866306303667,20260811
resnet50_no_weights,CIFAR10,fp32_fused,layer2.0.conv1,"(128, 256, 1, 1)",47.471972158220076,0.001448729619086306,20260811
resnet50_no_weights,CIFAR10,fp32_fused,layer2.0.conv2,"(128, 128, 3, 3)",63.627446321340706,0.0004315012364457242,20260811
resnet50_no_weights,CIFAR10,fp32_fused,layer2.0.conv3,"(512, 128, 1, 1)",27.817297243302868,0.0004244582709244212,20260811
resnet50_no_weights,CIFAR10,fp32_fused,layer2.0.downsample.0,"(512, 256, 1, 1)",39.70364952087402,0.00030291480652522296,20260811
resnet50_no_weights,CIFAR10,fp32_fused,layer2.1.conv1,"(128, 512, 1, 1)",7.715695471763611,0.00011773216967412736,20260811
resnet50_no_weights,CIFAR10,fp32_fused,layer2.1.conv2,"(128, 128, 3, 3)",9.30705860333565,6.311753067583312e-05,20260811
resnet50_no_weights,CIFAR10,fp32_fused,layer2.1.conv3,"(512, 128, 1, 1)",10.145448782227255,0.0001548072629124032,20260811
resnet50_no_weights,CIFAR10,fp32_fused,layer2.2.conv1,"(128, 512, 1, 1)",8.839882188373142,0.00013488589764973667,20260811
resnet50_no_weights,CIFAR10,fp32_fused,layer2.2.conv2,"(128, 128, 3, 3)",7.424307321247301,5.034930637781644e-05,20260811
resnet50_no_weights,CIFAR10,fp32_fused,layer2.2.conv3,"(512, 128, 1, 1)",7.931567837210262,0.00012102612056290073,20260811
resnet50_no_weights,CIFAR10,fp32_fused,layer2.3.conv1,"(128, 512, 1, 1)",12.12306850606745,0.0001849833451243202,20260811
resnet50_no_weights,CIFAR10,fp32_fused,layer2.3.conv2,"(128, 128, 3, 3)",13.641056257135729,9.250933334103548e-05,20260811
resnet50_no_weights,CIFAR10,fp32_fused,layer2.3.conv3,"(512, 128, 1, 1)",6.007522988319397,9.166752606688533e-05,20260811
resnet50_no_weights,CIFAR10,fp32_fused,layer3.0.conv1,"(256, 512, 1, 1)",81.69339100519817,0.0006232711105743268,20260811
resnet50_no_weights,CIFAR10,fp32_fused,layer3.0.conv2,"(256, 256, 3, 3)",69.26285823698967,0.00011742970485600733,20260811
resnet50_no_weights,CIFAR10,fp32_fused,layer3.0.conv3,"(1024, 256, 1, 1)",31.99162197113037,0.0001220383528561797,20260811
resnet50_no_weights,CIFAR10,fp32_fused,layer3.0.downsample.0,"(1024, 512, 1, 1)",36.995194307963054,7.056273328392611e-05,20260811
resnet50_no_weights,CIFAR10,fp32_fused,layer3.1.conv1,"(256, 1024, 1, 1)",16.464745896203176,6.28080211494567e-05,20260811
resnet50_no_weights,CIFAR10,fp32_fused,layer3.1.conv2,"(256, 256, 3, 3)",17.205279077802384,2.91701915788479e-05,20260811
resnet50_no_weights,CIFAR10,fp32_fused,layer3.1.conv3,"(1024, 256, 1, 1)",13.700943207740783,5.226495059105218e-05,20260811
resnet50_no_weights,CIFAR10,fp32_fused,layer3.2.conv1,"(256, 1024, 1, 1)",26.640560150146484,0.00010162567195948213,20260811
resnet50_no_weights,CIFAR10,fp32_fused,layer3.2.conv2,"(256, 256, 3, 3)",20.665000298443964,3.503587561449511e-05,20260811
resnet50_no_weights,CIFAR10,fp32_fused,layer3.2.conv3,"(1024, 256, 1, 1)",13.261215673910606,5.058752317013018e-05,20260811
resnet50_no_weights,CIFAR10,fp32_fused,layer3.3.conv1,"(256, 1024, 1, 1)",50.588735379670794,0.00019298071052425687,20260811
resnet50_no_weights,CIFAR10,fp32_fused,layer3.3.conv2,"(256, 256, 3, 3)",30.981848776340485,5.252727724938369e-05,20260811
resnet50_no_weights,CIFAR10,fp32_fused,layer3.3.conv3,"(1024, 256, 1, 1)",16.432009713990347,6.268314252468241e-05,20260811
resnet50_no_weights,CIFAR10,fp32_fused,layer3.4.conv1,"(256, 1024, 1, 1)",52.04556680494739,0.00019853808137873608,20260811
resnet50_no_weights,CIFAR10,fp32_fused,layer3.4.conv2,"(256, 256, 3, 3)",23.916339673494036,4.0548264691660624e-05,20260811
resnet50_no_weights,CIFAR10,fp32_fused,layer3.4.conv3,"(1024, 256, 1, 1)",16.950459365844726,6.466087099397555e-05,20260811
resnet50_no_weights,CIFAR10,fp32_fused,layer3.5.conv1,"(256, 1024, 1, 1)",32.631351947784424,0.00012447872904886026,20260811
resnet50_no_weights,CIFAR10,fp32_fused,layer3.5.conv2,"(256, 256, 3, 3)",6.641809940338135,1.1260664096981702e-05,20260811
resnet50_no_weights,CIFAR10,fp32_fused,layer3.5.conv3,"(1024, 256, 1, 1)",6.876856546401978,2.6233125863655006e-05,20260811
resnet50_no_weights,CIFAR10,fp32_fused,layer4.0.conv1,"(512, 1024, 1, 1)",64.79492782592773,0.00012358651700196787,20260811
resnet50_no_weights,CIFAR10,fp32_fused,layer4.0.conv2,"(512, 512, 3, 3)",16.132364609662226,6.837787462727112e-06,20260811
resnet50_no_weights,CIFAR10,fp32_fused,layer4.0.conv3,"(2048, 512, 1, 1)",11.831232303228134,1.1283142379024634e-05,20260811
resnet50_no_weights,CIFAR10,fp32_fused,layer4.0.downsample.0,"(2048, 1024, 1, 1)",80.91361999511719,3.858262061839923e-05,20260811
resnet50_no_weights,CIFAR10,fp32_fused,layer4.1.conv1,"(512, 2048, 1, 1)",34.54759852091471,3.294715740291091e-05,20260811
resnet50_no_weights,CIFAR10,fp32_fused,layer4.1.conv2,"(512, 512, 3, 3)",107.02592152186803,4.536349890894064e-05,20260811
resnet50_no_weights,CIFAR10,fp32_fused,layer4.1.conv3,"(2048, 512, 1, 1)",22.895113481057656,2.183448169809118e-05,20260811
resnet50_no_weights,CIFAR10,fp32_fused,layer4.2.conv1,"(512, 2048, 1, 1)",36.295894963400706,3.461446281757422e-05,20260811
resnet50_no_weights,CIFAR10,fp32_fused,layer4.2.conv2,"(512, 512, 3, 3)",10.988515281677246,4.6575399109214135e-06,20260811
resnet50_no_weights,CIFAR10,fp32_fused,layer4.2.conv3,"(2048, 512, 1, 1)",5.429238906273475,5.177725702546572e-06,20260811
resnet50_no_weights,CIFAR10,fp32_fused,fc,"(10, 2048)",5.872937798500061,0.0002867645409423858,20260811
resnet50_no_weights,CIFAR10,ptq,conv1,"(64, 3, 3, 3)",1144.1614617479258,0.6621304755485682,20260811
resnet50_no_weights,CIFAR10,ptq,layer1.0.conv1,"(64, 64, 1, 1)",11.570839674992335,0.0028249120300274256,20260811
resnet50_no_weights,CIFAR10,ptq,layer1.0.conv2,"(64, 64, 3, 3)",24.445176489078083,0.0006631178518087588,20260811
resnet50_no_weights,CIFAR10,ptq,layer1.0.conv3,"(256, 64, 1, 1)",5.726280877686804,0.00034950444810100123,20260811
resnet50_no_weights,CIFAR10,ptq,layer1.0.downsample.0,"(256, 64, 1, 1)",2.2230717404931783,0.0001356855310359606,20260811
resnet50_no_weights,CIFAR10,ptq,layer1.1.conv1,"(64, 256, 1, 1)",15.435183883373496,0.0009420888600691831,20260811
resnet50_no_weights,CIFAR10,ptq,layer1.1.conv2,"(64, 64, 3, 3)",4.784410607879576,0.00012978544400714997,20260811
resnet50_no_weights,CIFAR10,ptq,layer1.1.conv3,"(256, 64, 1, 1)",1.267412007500728,7.735668991093311e-05,20260811
resnet50_no_weights,CIFAR10,ptq,layer1.2.conv1,"(64, 256, 1, 1)",15.502956990003586,0.0009462254022218986,20260811
resnet50_no_weights,CIFAR10,ptq,layer1.2.conv2,"(64, 64, 3, 3)",1.1585172986662067,3.142679304107548e-05,20260811
resnet50_no_weights,CIFAR10,ptq,layer1.2.conv3,"(256, 64, 1, 1)",0.8062367925109962,4.9208788605407484e-05,20260811
resnet50_no_weights,CIFAR10,ptq,layer2.0.conv1,"(128, 256, 1, 1)",9.380168679222631,0.0002862600304938547,20260811
resnet50_no_weights,CIFAR10,ptq,layer2.0.conv2,"(128, 128, 3, 3)",2.3896925735104944,1.6206139957075294e-05,20260811
resnet50_no_weights,CIFAR10,ptq,layer2.0.conv3,"(512, 128, 1, 1)",0.6040314613896258,9.216788656457914e-06,20260811
resnet50_no_weights,CIFAR10,ptq,layer2.0.downsample.0,"(512, 256, 1, 1)",0.7204647933443388,5.49671015429946e-06,20260811
resnet50_no_weights,CIFAR10,ptq,layer2.1.conv1,"(128, 512, 1, 1)",0.7165603386591884,1.093384305815412e-05,20260811
resnet50_no_weights,CIFAR10,ptq,layer2.1.conv2,"(128, 128, 3, 3)",0.21097152258476448,1.430742205029056e-06,20260811
resnet50_no_weights,CIFAR10,ptq,layer2.1.conv3,"(512, 128, 1, 1)",0.7056878360195292,1.0767941833794086e-05,20260811
resnet50_no_weights,CIFAR10,ptq,layer2.2.conv1,"(128, 512, 1, 1)",1.366345900684022,2.0848783884949065e-05,20260811
resnet50_no_weights,CIFAR10,ptq,layer2.2.conv2,"(128, 128, 3, 3)",0.13430774880525392,9.108327148793804e-07,20260811
resnet50_no_weights,CIFAR10,ptq,layer2.2.conv3,"(512, 128, 1, 1)",0.3326840453216287,5.076355672021922e-06,20260811
resnet50_no_weights,CIFAR10,ptq,layer2.3.conv1,"(128, 512, 1, 1)",0.5248352615710568,8.008350548874767e-06,20260811
resnet50_no_weights,CIFAR10,ptq,layer2.3.conv2,"(128, 128, 3, 3)",0.1700866762548685,1.1534740956954515e-06,20260811
resnet50_no_weights,CIFAR10,ptq,layer2.3.conv3,"(512, 128, 1, 1)",0.1984006106973656,3.0273530685022825e-06,20260811
resnet50_no_weights,CIFAR10,ptq,layer3.0.conv1,"(256, 512, 1, 1)",0.4718301464210857,3.599778338783918e-06,20260811
resnet50_no_weights,CIFAR10,ptq,layer3.0.conv2,"(256, 256, 3, 3)",0.5058516781581076,8.576315615473558e-07,20260811
resnet50_no_weights,CIFAR10,ptq,layer3.0.conv3,"(1024, 256, 1, 1)",0.6760532997548581,2.5789386739916155e-06,20260811
resnet50_no_weights,CIFAR10,ptq,layer3.0.downsample.0,"(1024, 512, 1, 1)",1.8674588567680783,3.5618950972901885e-06,20260811
resnet50_no_weights,CIFAR10,ptq,layer3.1.conv1,"(256, 1024, 1, 1)",0.12453847600424543,4.7507658387849973e-07,20260811
resnet50_no_weights,CIFAR10,ptq,layer3.1.conv2,"(256, 256, 3, 3)",0.1756244214872519,2.9775733352195213e-07,20260811
resnet50_no_weights,CIFAR10,ptq,layer3.1.conv3,"(1024, 256, 1, 1)",0.6795259045832085,2.59218561013492e-06,20260811
resnet50_no_weights,CIFAR10,ptq,layer3.2.conv1,"(256, 1024, 1, 1)",0.15691017698157916,5.985648230803649e-07,20260811
resnet50_no_weights,CIFAR10,ptq,layer3.2.conv2,"(256, 256, 3, 3)",0.14034887584971217,2.3795043241663983e-07,20260811
resnet50_no_weights,CIFAR10,ptq,layer3.2.conv3,"(1024, 256, 1, 1)",0.7586416123168809,2.893988084094547e-06,20260811
resnet50_no_weights,CIFAR10,ptq,layer3.3.conv1,"(256, 1024, 1, 1)",0.1311262886111553,5.002070946165287e-07,20260811
resnet50_no_weights,CIFAR10,ptq,layer3.3.conv2,"(256, 256, 3, 3)",0.23688208037301114,4.0161485523310536e-07,20260811
resnet50_no_weights,CIFAR10,ptq,layer3.3.conv3,"(1024, 256, 1, 1)",1.490889385342598,5.687291661615745e-06,20260811
resnet50_no_weights,CIFAR10,ptq,layer3.4.conv1,"(256, 1024, 1, 1)",0.06489836790219501,2.475676265800286e-07,20260811
resnet50_no_weights,CIFAR10,ptq,layer3.4.conv2,"(256, 256, 3, 3)",0.10467321060451806,1.7746516012321993e-07,20260811
resnet50_no_weights,CIFAR10,ptq,layer3.4.conv3,"(1024, 256, 1, 1)",1.0245273934220367,3.908261846244952e-06,20260811
resnet50_no_weights,CIFAR10,ptq,layer3.5.conv1,"(256, 1024, 1, 1)",0.04881594574756243,1.8621805476212474e-07,20260811
resnet50_no_weights,CIFAR10,ptq,layer3.5.conv2,"(256, 256, 3, 3)",0.03738222785759717,6.337861439615406e-08,20260811
resnet50_no_weights,CIFAR10,ptq,layer3.5.conv3,"(1024, 256, 1, 1)",0.30635226517915726,1.168641148296956e-06,20260811
resnet50_no_weights,CIFAR10,ptq,layer4.0.conv1,"(512, 1024, 1, 1)",1.178737411275506,2.248263189841282e-06,20260811
resnet50_no_weights,CIFAR10,ptq,layer4.0.conv2,"(512, 512, 3, 3)",0.13688314977017316,5.8018641904268545e-08,20260811
resnet50_no_weights,CIFAR10,ptq,layer4.0.conv3,"(2048, 512, 1, 1)",0.9754663588745254,9.302772129769567e-07,20260811
resnet50_no_weights,CIFAR10,ptq,layer4.0.downsample.0,"(2048, 1024, 1, 1)",64.03252461491799,3.0533087069949145e-05,20260811
resnet50_no_weights,CIFAR10,ptq,layer4.1.conv1,"(512, 2048, 1, 1)",1.6594202942275382,1.5825465147281058e-06,20260811
resnet50_no_weights,CIFAR10,ptq,layer4.1.conv2,"(512, 512, 3, 3)",1.9136067181825638,8.11092257259184e-07,20260811
resnet50_no_weights,CIFAR10,ptq,layer4.1.conv3,"(2048, 512, 1, 1)",136.24257910592215,0.00012993104849426474,20260811
resnet50_no_weights,CIFAR10,ptq,layer4.2.conv1,"(512, 2048, 1, 1)",0.09588913086336107,9.144700132690531e-08,20260811
resnet50_no_weights,CIFAR10,ptq,layer4.2.conv2,"(512, 512, 3, 3)",0.225921149945484,9.575786588265483e-08,20260811
resnet50_no_weights,CIFAR10,ptq,layer4.2.conv3,"(2048, 512, 1, 1)",0.15877568450472926,1.514202923819821e-07,20260811
resnet50_no_weights,CIFAR10,ptq,fc,"(10, 2048)",19.432838659537467,0.0009488690751727278,20260811
resnet50_no_weights,CIFAR10,qat,conv1,"(64, 3, 3, 3)",92.89079856872559,0.053756249171716196,20260811
resnet50_no_weights,CIFAR10,qat,layer1.0.conv1,"(64, 64, 1, 1)",1.1373575213162794,0.0002776751761026073,20260811
resnet50_no_weights,CIFAR10,qat,layer1.0.conv2,"(64, 64, 3, 3)",2.5660478757775347,6.960850357469441e-05,20260811
resnet50_no_weights,CIFAR10,qat,layer1.0.conv3,"(256, 64, 1, 1)",1.0215107177694638,6.234806627010887e-05,20260811
resnet50_no_weights,CIFAR10,qat,layer1.0.downsample.0,"(256, 64, 1, 1)",2.9818984324281868,0.00018200063674488445,20260811
resnet50_no_weights,CIFAR10,qat,layer1.1.conv1,"(64, 256, 1, 1)",2.0548055211702985,0.00012541537604799185,20260811
resnet50_no_weights,CIFAR10,qat,layer1.1.conv2,"(64, 64, 3, 3)",1.8356806554577567,4.979602472487404e-05,20260811
resnet50_no_weights,CIFAR10,qat,layer1.1.conv3,"(256, 64, 1, 1)",0.7415994798595255,4.5263640128144864e-05,20260811
resnet50_no_weights,CIFAR10,qat,layer1.2.conv1,"(64, 256, 1, 1)",4.534009741412269,0.0002767339930061199,20260811
resnet50_no_weights,CIFAR10,qat,layer1.2.conv2,"(64, 64, 3, 3)",4.613033472105514,0.00012513654166952892,20260811
resnet50_no_weights,CIFAR10,qat,layer1.2.conv3,"(256, 64, 1, 1)",2.096139500538508,0.0001279382019371648,20260811
resnet50_no_weights,CIFAR10,qat,layer2.0.conv1,"(128, 256, 1, 1)",6.008703708648682,0.00018337108485866338,20260811
resnet50_no_weights,CIFAR10,qat,layer2.0.conv2,"(128, 128, 3, 3)",21.419027614593507,0.00014525707746441995,20260811
resnet50_no_weights,CIFAR10,qat,layer2.0.conv3,"(512, 128, 1, 1)",9.835256576538086,0.00015007410547696054,20260811
resnet50_no_weights,CIFAR10,qat,layer2.0.downsample.0,"(512, 256, 1, 1)",17.490755694253103,0.00013344387584116442,20260811
resnet50_no_weights,CIFAR10,qat,layer2.1.conv1,"(128, 512, 1, 1)",2.2082041194362025,3.369452086542057e-05,20260811
resnet50_no_weights,CIFAR10,qat,layer2.1.conv2,"(128, 128, 3, 3)",2.318249008655548,1.5721632274410997e-05,20260811
resnet50_no_weights,CIFAR10,qat,layer2.1.conv3,"(512, 128, 1, 1)",2.49091594086753,3.800836091411636e-05,20260811
resnet50_no_weights,CIFAR10,qat,layer2.2.conv1,"(128, 512, 1, 1)",3.5285093698304952,5.384078017929833e-05,20260811
resnet50_no_weights,CIFAR10,qat,layer2.2.conv2,"(128, 128, 3, 3)",2.7102091312408447,1.8379781977273524e-05,20260811
resnet50_no_weights,CIFAR10,qat,layer2.2.conv3,"(512, 128, 1, 1)",3.301237318250868,5.0372883884443174e-05,20260811
resnet50_no_weights,CIFAR10,qat,layer2.3.conv1,"(128, 512, 1, 1)",5.130221438407898,7.828096677258145e-05,20260811
resnet50_no_weights,CIFAR10,qat,layer2.3.conv2,"(128, 128, 3, 3)",5.375736448499891,3.645654601033455e-05,20260811
resnet50_no_weights,CIFAR10,qat,layer2.3.conv3,"(512, 128, 1, 1)",3.9330513198324977,6.0013600461311305e-05,20260811
resnet50_no_weights,CIFAR10,qat,layer3.0.conv1,"(256, 512, 1, 1)",35.97903189659119,0.0002744982291915221,20260811
resnet50_no_weights,CIFAR10,qat,layer3.0.conv2,"(256, 256, 3, 3)",33.44933835197897,5.6710710910337614e-05,20260811
resnet50_no_weights,CIFAR10,qat,layer3.0.conv3,"(1024, 256, 1, 1)",17.202409744262695,6.562198541359976e-05,20260811
resnet50_no_weights,CIFAR10,qat,layer3.0.downsample.0,"(1024, 512, 1, 1)",22.432702401105097,4.278698425503749e-05,20260811
resnet50_no_weights,CIFAR10,qat,layer3.1.conv1,"(256, 1024, 1, 1)",7.606634725223888,2.9017008686919738e-05,20260811
resnet50_no_weights,CIFAR10,qat,layer3.1.conv2,"(256, 256, 3, 3)",10.438140551249186,1.7697042764026532e-05,20260811
resnet50_no_weights,CIFAR10,qat,layer3.1.conv3,"(1024, 256, 1, 1)",7.946595379800508,3.0313855666353255e-05,20260811
resnet50_no_weights,CIFAR10,qat,layer3.2.conv1,"(256, 1024, 1, 1)",13.588634852705331,5.18365282161916e-05,20260811
resnet50_no_weights,CIFAR10,qat,layer3.2.conv2,"(256, 256, 3, 3)",8.823765563964844,1.495999749749899e-05,20260811
resnet50_no_weights,CIFAR10,qat,layer3.2.conv3,"(1024, 256, 1, 1)",8.300734193701492,3.166478803139302e-05,20260811
resnet50_no_weights,CIFAR10,qat,layer3.3.conv1,"(256, 1024, 1, 1)",26.83842034773393,0.00010238044871419498,20260811
resnet50_no_weights,CIFAR10,qat,layer3.3.conv2,"(256, 256, 3, 3)",23.92712688446045,4.0566553555739425e-05,20260811
resnet50_no_weights,CIFAR10,qat,layer3.3.conv3,"(1024, 256, 1, 1)",11.030901735479182,4.20795506877105e-05,20260811
resnet50_no_weights,CIFAR10,qat,layer3.4.conv1,"(256, 1024, 1, 1)",26.031051218509674,9.930057990459318e-05,20260811
resnet50_no_weights,CIFAR10,qat,layer3.4.conv2,"(256, 256, 3, 3)",12.512554752826691,2.1214048178484924e-05,20260811
resnet50_no_weights,CIFAR10,qat,layer3.4.conv3,"(1024, 256, 1, 1)",8.952907696748392,3.415263251017911e-05,20260811
resnet50_no_weights,CIFAR10,qat,layer3.5.conv1,"(256, 1024, 1, 1)",31.5308251953125,0.00012028055265545845,20260811
resnet50_no_weights,CIFAR10,qat,layer3.5.conv2,"(256, 256, 3, 3)",5.650203049182892,9.579472943086228e-06,20260811
resnet50_no_weights,CIFAR10,qat,layer3.5.conv3,"(1024, 256, 1, 1)",4.937425844130978,1.8834784866832648e-05,20260811
resnet50_no_weights,CIFAR10,qat,layer4.0.conv1,"(512, 1024, 1, 1)",28.251253218877885,5.3884989202266474e-05,20260811
resnet50_no_weights,CIFAR10,qat,layer4.0.conv2,"(512, 512, 3, 3)",8.654247003443102,3.668148042230861e-06,20260811
resnet50_no_weights,CIFAR10,qat,layer4.0.conv3,"(2048, 512, 1, 1)",6.846701039208306,6.529522933204943e-06,20260811
resnet50_no_weights,CIFAR10,qat,layer4.0.downsample.0,"(2048, 1024, 1, 1)",60.69456405639649,2.8941423443029636e-05,20260811
resnet50_no_weights,CIFAR10,qat,layer4.1.conv1,"(512, 2048, 1, 1)",27.05838508605957,2.580488690000493e-05,20260811
resnet50_no_weights,CIFAR10,qat,layer4.1.conv2,"(512, 512, 3, 3)",76.0950967348539,3.225330638243523e-05,20260811
resnet50_no_weights,CIFAR10,qat,layer4.1.conv3,"(2048, 512, 1, 1)",18.72031409812696,1.7853082750441512e-05,20260811
resnet50_no_weights,CIFAR10,qat,layer4.2.conv1,"(512, 2048, 1, 1)",28.738894545513652,2.740754560996404e-05,20260811
resnet50_no_weights,CIFAR10,qat,layer4.2.conv2,"(512, 512, 3, 3)",10.322697466070002,4.375329533076817e-06,20260811
resnet50_no_weights,CIFAR10,qat,layer4.2.conv3,"(2048, 512, 1, 1)",5.075634203459087,4.840501979312026e-06,20260811
resnet50_no_weights,CIFAR10,qat,fc,"(10, 2048)",5.748412431296655,0.000280684200746907,20260811
resnet50_no_weights,CIFAR10,fp32_fused_qat,conv1,"(64, 3, 3, 3)",182.32839703559875,0.10551411865486039,20260811
resnet50_no_weights,CIFAR10,fp32_fused_qat,layer1.0.conv1,"(64, 64, 1, 1)",2.960449221341506,0.0007227659231790786,20260811
resnet50_no_weights,CIFAR10,fp32_fused_qat,layer1.0.conv2,"(64, 64, 3, 3)",4.118503246988569,0.00011172155075381317,20260811
resnet50_no_weights,CIFAR10,fp32_fused_qat,layer1.0.conv3,"(256, 64, 1, 1)",1.7007639805475872,0.00010380639529709394,20260811
resnet50_no_weights,CIFAR10,fp32_fused_qat,layer1.0.downsample.0,"(256, 64, 1, 1)",6.315779365342239,0.0003854845804041894,20260811
resnet50_no_weights,CIFAR10,fp32_fused_qat,layer1.1.conv1,"(64, 256, 1, 1)",3.469004701395504,0.00021173124398165917,20260811
resnet50_no_weights,CIFAR10,fp32_fused_qat,layer1.1.conv2,"(64, 64, 3, 3)",2.982423443264431,8.090341371702558e-05,20260811
resnet50_no_weights,CIFAR10,fp32_fused_qat,layer1.1.conv3,"(256, 64, 1, 1)",1.3550460306373802,8.270544620589479e-05,20260811
resnet50_no_weights,CIFAR10,fp32_fused_qat,layer1.2.conv1,"(64, 256, 1, 1)",6.853664153661484,0.00041831446250375267,20260811
resnet50_no_weights,CIFAR10,fp32_fused_qat,layer1.2.conv2,"(64, 64, 3, 3)",8.687376010985602,0.00023566015654800354,20260811
resnet50_no_weights,CIFAR10,fp32_fused_qat,layer1.2.conv3,"(256, 64, 1, 1)",3.9487818589916936,0.0002410145177607235,20260811
resnet50_no_weights,CIFAR10,fp32_fused_qat,layer2.0.conv1,"(128, 256, 1, 1)",34.86940706066969,0.0010641298541464138,20260811
resnet50_no_weights,CIFAR10,fp32_fused_qat,layer2.0.conv2,"(128, 128, 3, 3)",40.72398801003733,0.0002761772190350839,20260811
resnet50_no_weights,CIFAR10,fp32_fused_qat,layer2.0.conv3,"(512, 128, 1, 1)",21.022127516129437,0.00032077220941359615,20260811
resnet50_no_weights,CIFAR10,fp32_fused_qat,layer2.0.downsample.0,"(512, 256, 1, 1)",38.00792333354121,0.00028997744242508855,20260811
resnet50_no_weights,CIFAR10,fp32_fused_qat,layer2.1.conv1,"(128, 512, 1, 1)",5.231529716402292,7.982680841678302e-05,20260811
resnet50_no_weights,CIFAR10,fp32_fused_qat,layer2.1.conv2,"(128, 128, 3, 3)",5.939949306574735,4.0282859338207565e-05,20260811
resnet50_no_weights,CIFAR10,fp32_fused_qat,layer2.1.conv3,"(512, 128, 1, 1)",5.278582215309143,8.054477257246617e-05,20260811
resnet50_no_weights,CIFAR10,fp32_fused_qat,layer2.2.conv1,"(128, 512, 1, 1)",6.425997945240566,9.805294716248422e-05,20260811
resnet50_no_weights,CIFAR10,fp32_fused_qat,layer2.2.conv2,"(128, 128, 3, 3)",5.944499208813622,4.031371533754898e-05,20260811
resnet50_no_weights,CIFAR10,fp32_fused_qat,layer2.2.conv3,"(512, 128, 1, 1)",5.804603463127499,8.857121983531951e-05,20260811
resnet50_no_weights,CIFAR10,fp32_fused_qat,layer2.3.conv1,"(128, 512, 1, 1)",10.050987222255804,0.00015336589389428412,20260811
resnet50_no_weights,CIFAR10,fp32_fused_qat,layer2.3.conv2,"(128, 128, 3, 3)",10.706117055632852,7.260550303570456e-05,20260811
resnet50_no_weights,CIFAR10,fp32_fused_qat,layer2.3.conv3,"(512, 128, 1, 1)",8.852600608553205,0.0001350799653404725,20260811
resnet50_no_weights,CIFAR10,fp32_fused_qat,layer3.0.conv1,"(256, 512, 1, 1)",95.25882304798473,0.0007267671436156062,20260811
resnet50_no_weights,CIFAR10,fp32_fused_qat,layer3.0.conv2,"(256, 256, 3, 3)",52.41571262904576,8.886670028524739e-05,20260811
resnet50_no_weights,CIFAR10,fp32_fused_qat,layer3.0.conv3,"(1024, 256, 1, 1)",24.754823543407298,9.443215768206519e-05,20260811
resnet50_no_weights,CIFAR10,fp32_fused_qat,layer3.0.downsample.0,"(1024, 512, 1, 1)",36.41758450217869,6.946103001056422e-05,20260811
resnet50_no_weights,CIFAR10,fp32_fused_qat,layer3.1.conv1,"(256, 1024, 1, 1)",13.389276880966989,5.10760379065208e-05,20260811
resnet50_no_weights,CIFAR10,fp32_fused_qat,layer3.1.conv2,"(256, 256, 3, 3)",17.222518348693846,2.9199419400861692e-05,20260811
resnet50_no_weights,CIFAR10,fp32_fused_qat,layer3.1.conv3,"(1024, 256, 1, 1)",11.947578276906695,4.557639418375662e-05,20260811
resnet50_no_weights,CIFAR10,fp32_fused_qat,layer3.2.conv1,"(256, 1024, 1, 1)",18.39452181922065,7.016953208626041e-05,20260811
resnet50_no_weights,CIFAR10,fp32_fused_qat,layer3.2.conv2,"(256, 256, 3, 3)",18.53013038635254,3.141637231844167e-05,20260811
resnet50_no_weights,CIFAR10,fp32_fused_qat,layer3.2.conv3,"(1024, 256, 1, 1)",9.562291728125679,3.6477248108389583e-05,20260811
resnet50_no_weights,CIFAR10,fp32_fused_qat,layer3.3.conv1,"(256, 1024, 1, 1)",39.933575093746185,0.00015233449971674418,20260811
resnet50_no_weights,CIFAR10,fp32_fused_qat,layer3.3.conv2,"(256, 256, 3, 3)",30.4165913431268,5.156892792278171e-05,20260811
resnet50_no_weights,CIFAR10,fp32_fused_qat,layer3.3.conv3,"(1024, 256, 1, 1)",12.183462563683005,4.647622132752611e-05,20260811
resnet50_no_weights,CIFAR10,fp32_fused_qat,layer3.4.conv1,"(256, 1024, 1, 1)",49.352177200317385,0.0001882636154186912,20260811
resnet50_no_weights,CIFAR10,fp32_fused_qat,layer3.4.conv2,"(256, 256, 3, 3)",17.257521288735525,2.925876412071317e-05,20260811
resnet50_no_weights,CIFAR10,fp32_fused_qat,layer3.4.conv3,"(1024, 256, 1, 1)",14.083773683618617,5.372533296058127e-05,20260811
resnet50_no_weights,CIFAR10,fp32_fused_qat,layer3.5.conv1,"(256, 1024, 1, 1)",39.07585263252258,0.00014906254818924936,20260811
resnet50_no_weights,CIFAR10,fp32_fused_qat,layer3.5.conv2,"(256, 256, 3, 3)",7.1658207654953,1.2149083057819452e-05,20260811
resnet50_no_weights,CIFAR10,fp32_fused_qat,layer3.5.conv3,"(1024, 256, 1, 1)",6.960221069199698,2.6551136280821603e-05,20260811
resnet50_no_weights,CIFAR10,fp32_fused_qat,layer4.0.conv1,"(512, 1024, 1, 1)",57.827742990457786,0.00011029766653148229,20260811
resnet50_no_weights,CIFAR10,fp32_fused_qat,layer4.0.conv2,"(512, 512, 3, 3)",12.831776828300661,5.438815997780974e-06,20260811
resnet50_no_weights,CIFAR10,fp32_fused_qat,layer4.0.conv3,"(2048, 512, 1, 1)",9.906225345752857,9.447312684777123e-06,20260811
resnet50_no_weights,CIFAR10,fp32_fused_qat,layer4.0.downsample.0,"(2048, 1024, 1, 1)",84.8139877319336,4.044246088596992e-05,20260811
resnet50_no_weights,CIFAR10,fp32_fused_qat,layer4.1.conv1,"(512, 2048, 1, 1)",37.58235138341,3.5841323264513016e-05,20260811
resnet50_no_weights,CIFAR10,fp32_fused_qat,layer4.1.conv2,"(512, 512, 3, 3)",103.24100716908772,4.375924308314333e-05,20260811
resnet50_no_weights,CIFAR10,fp32_fused_qat,layer4.1.conv3,"(2048, 512, 1, 1)",20.008975916895373,1.9082046429534314e-05,20260811
resnet50_no_weights,CIFAR10,fp32_fused_qat,layer4.2.conv1,"(512, 2048, 1, 1)",39.46009560518487,3.763207970159995e-05,20260811
resnet50_no_weights,CIFAR10,fp32_fused_qat,layer4.2.conv2,"(512, 512, 3, 3)",12.037844479084015,5.1023036020423106e-06,20260811
resnet50_no_weights,CIFAR10,fp32_fused_qat,layer4.2.conv3,"(2048, 512, 1, 1)",5.571222850254604,5.313132143263439e-06,20260811
resnet50_no_weights,CIFAR10,fp32_fused_qat,fc,"(10, 2048)",7.246921701431274,0.00035385359870269896,20260811
resnet18_no_weights,CIFAR10,fp32_unfused,conv1,"(64, 3, 3, 3)",23.163068470201996,0.013404553512848376,20260811
resnet18_no_weights,CIFAR10,fp32_unfused,layer1.0.conv1,"(64, 64, 3, 3)",44.141142284168915,0.0011974051183856584,20260811
resnet18_no_weights,CIFAR10,fp32_unfused,layer1.0.conv2,"(64, 64, 3, 3)",60.93810072812167,0.0016530517775640644,20260811
resnet18_no_weights,CIFAR10,fp32_unfused,layer1.1.conv1,"(64, 64, 3, 3)",69.25918344350961,0.001878775592543121,20260811
resnet18_no_weights,CIFAR10,fp32_unfused,layer1.1.conv2,"(64, 64, 3, 3)",35.54911634271795,0.0009643314980120972,20260811
resnet18_no_weights,CIFAR10,fp32_unfused,layer2.0.conv1,"(128, 64, 3, 3)",56.44635560777452,0.0007656026965030181,20260811
resnet18_no_weights,CIFAR10,fp32_unfused,layer2.0.conv2,"(128, 128, 3, 3)",70.44087092081706,0.0004777077292264612,20260811
resnet18_no_weights,CIFAR10,fp32_unfused,layer2.0.downsample.0,"(128, 64, 1, 1)",45.21985471248627,0.005520001795957796,20260811
resnet18_no_weights,CIFAR10,fp32_unfused,layer2.1.conv1,"(128, 128, 3, 3)",58.272343345310375,0.00039518462012607406,20260811
resnet18_no_weights,CIFAR10,fp32_unfused,layer2.1.conv2,"(128, 128, 3, 3)",36.89793627970928,0.0002502301451260666,20260811
resnet18_no_weights,CIFAR10,fp32_unfused,layer3.0.conv1,"(256, 128, 3, 3)",71.88807278587704,0.00024376109749985433,20260811
resnet18_no_weights,CIFAR10,fp32_unfused,layer3.0.conv2,"(256, 256, 3, 3)",96.42519569396973,0.00016348130237828527,20260811
resnet18_no_weights,CIFAR10,fp32_unfused,layer3.0.downsample.0,"(256, 128, 1, 1)",33.33256648835682,0.001017229201915186,20260811
resnet18_no_weights,CIFAR10,fp32_unfused,layer3.1.conv1,"(256, 256, 3, 3)",90.9582172575451,0.00015421247229265866,20260811
resnet18_no_weights,CIFAR10,fp32_unfused,layer3.1.conv2,"(256, 256, 3, 3)",57.297394661676314,9.71432065525925e-05,20260811
resnet18_no_weights,CIFAR10,fp32_unfused,layer4.0.conv1,"(512, 256, 3, 3)",55.00519943237305,4.6628485304406946e-05,20260811
resnet18_no_weights,CIFAR10,fp32_unfused,layer4.0.conv2,"(512, 512, 3, 3)",59.894605944233554,2.538664328012829e-05,20260811
resnet18_no_weights,CIFAR10,fp32_unfused,layer4.0.downsample.0,"(512, 256, 1, 1)",27.647567075841568,0.00021093419705079321,20260811
resnet18_no_weights,CIFAR10,fp32_unfused,layer4.1.conv1,"(512, 512, 3, 3)",55.22292317284478,2.340652600303005e-05,20260811
resnet18_no_weights,CIFAR10,fp32_unfused,layer4.1.conv2,"(512, 512, 3, 3)",17.91887903213501,7.595010982994508e-06,20260811
resnet18_no_weights,CIFAR10,fp32_unfused,fc,"(10, 512)",4.181825692837055,0.0008167628306322373,20260811
resnet18_no_weights,CIFAR10,fp32_fused,conv1,"(64, 3, 3, 3)",235.23335435655383,0.13613041340078347,20260811
resnet18_no_weights,CIFAR10,fp32_fused,layer1.0.conv1,"(64, 64, 3, 3)",98.01250110973011,0.0026587592531936337,20260811
resnet18_no_weights,CIFAR10,fp32_fused,layer1.0.conv2,"(64, 64, 3, 3)",63.06606425661029,0.001710776482655444,20260811
resnet18_no_weights,CIFAR10,fp32_fused,layer1.1.conv1,"(64, 64, 3, 3)",404.1383695602417,0.010962954903435376,20260811
resnet18_no_weights,CIFAR10,fp32_fused,layer1.1.conv2,"(64, 64, 3, 3)",42.117038669008195,0.0011424977937556477,20260811
resnet18_no_weights,CIFAR10,fp32_fused,layer2.0.conv1,"(128, 64, 3, 3)",217.59389630485984,0.002951306102225204,20260811
resnet18_no_weights,CIFAR10,fp32_fused,layer2.0.conv2,"(128, 128, 3, 3)",47.969253026522125,0.00032531231707439595,20260811
resnet18_no_weights,CIFAR10,fp32_fused,layer2.0.downsample.0,"(128, 64, 1, 1)",33.555938720703125,0.004096183925867081,20260811
resnet18_no_weights,CIFAR10,fp32_fused,layer2.1.conv1,"(128, 128, 3, 3)",161.87845109638414,0.0010978085062417545,20260811
resnet18_no_weights,CIFAR10,fp32_fused,layer2.1.conv2,"(128, 128, 3, 3)",22.71290464401245,0.00015403174264873895,20260811
resnet18_no_weights,CIFAR10,fp32_fused,layer3.0.conv1,"(256, 128, 3, 3)",297.2974407196045,0.0010080886526136763,20260811
resnet18_no_weights,CIFAR10,fp32_fused,layer3.0.conv2,"(256, 256, 3, 3)",61.41081776338465,0.00010411719048967938,20260811
resnet18_no_weights,CIFAR10,fp32_fused,layer3.0.downsample.0,"(256, 128, 1, 1)",29.4948626686545,0.0009001117757768096,20260811
resnet18_no_weights,CIFAR10,fp32_fused,layer3.1.conv1,"(256, 256, 3, 3)",115.8140053127123,0.00019635349750554793,20260811
resnet18_no_weights,CIFAR10,fp32_fused,layer3.1.conv2,"(256, 256, 3, 3)",19.09822430330164,3.237953067915453e-05,20260811
resnet18_no_weights,CIFAR10,fp32_fused,layer4.0.conv1,"(512, 256, 3, 3)",110.55589763934796,9.371939564967512e-05,20260811
resnet18_no_weights,CIFAR10,fp32_fused,layer4.0.conv2,"(512, 512, 3, 3)",22.44846417563302,9.514899434252006e-06,20260811
resnet18_no_weights,CIFAR10,fp32_fused,layer4.0.downsample.0,"(512, 256, 1, 1)",8.6509644644601,6.600162097518998e-05,20260811
resnet18_no_weights,CIFAR10,fp32_fused,layer4.1.conv1,"(512, 512, 3, 3)",95.62105892866086,4.052948800348106e-05,20260811
resnet18_no_weights,CIFAR10,fp32_fused,layer4.1.conv2,"(512, 512, 3, 3)",2.954489074255291,1.2522757103200663e-06,20260811
resnet18_no_weights,CIFAR10,fp32_fused,fc,"(10, 512)",3.837295584189586,0.0007494717937870285,20260811
resnet18_no_weights,CIFAR10,ptq,conv1,"(64, 3, 3, 3)",181.13496289934432,0.10482347390008352,20260811
resnet18_no_weights,CIFAR10,ptq,layer1.0.conv1,"(64, 64, 3, 3)",83.44380207061768,0.002263557998877433,20260811
resnet18_no_weights,CIFAR10,ptq,layer1.0.conv2,"(64, 64, 3, 3)",56.82475164958409,0.0015414700425776934,20260811
resnet18_no_weights,CIFAR10,ptq,layer1.1.conv1,"(64, 64, 3, 3)",308.62564677576864,0.008372006477207266,20260811
resnet18_no_weights,CIFAR10,ptq,layer1.1.conv2,"(64, 64, 3, 3)",35.9549367181186,0.0009753400802441027,20260811
resnet18_no_weights,CIFAR10,ptq,layer2.0.conv1,"(128, 64, 3, 3)",193.31502806834686,0.0026220028763610415,20260811
resnet18_no_weights,CIFAR10,ptq,layer2.0.conv2,"(128, 128, 3, 3)",38.53166027069092,0.0002613095450215042,20260811
resnet18_no_weights,CIFAR10,ptq,layer2.0.downsample.0,"(128, 64, 1, 1)",25.41041158593219,0.0031018568830483632,20260811
resnet18_no_weights,CIFAR10,ptq,layer2.1.conv1,"(128, 128, 3, 3)",132.9081802368164,0.000901341283073028,20260811
resnet18_no_weights,CIFAR10,ptq,layer2.1.conv2,"(128, 128, 3, 3)",19.897753385397102,0.00013494027632240873,20260811
resnet18_no_weights,CIFAR10,ptq,layer3.0.conv1,"(256, 128, 3, 3)",240.82840372721355,0.0008166110694960312,20260811
resnet18_no_weights,CIFAR10,ptq,layer3.0.conv2,"(256, 256, 3, 3)",58.084185943603515,9.847714902005262e-05,20260811
resnet18_no_weights,CIFAR10,ptq,layer3.0.downsample.0,"(256, 128, 1, 1)",27.136493942954324,0.0008281400739426979,20260811
resnet18_no_weights,CIFAR10,ptq,layer3.1.conv1,"(256, 256, 3, 3)",105.92802549663342,0.00017959259965113903,20260811
resnet18_no_weights,CIFAR10,ptq,layer3.1.conv2,"(256, 256, 3, 3)",18.720828533172607,3.173968596254579e-05,20260811
resnet18_no_weights,CIFAR10,ptq,layer4.0.conv1,"(512, 256, 3, 3)",98.99110488891601,8.391579936465455e-05,20260811
resnet18_no_weights,CIFAR10,ptq,layer4.0.conv2,"(512, 512, 3, 3)",20.998636627197264,8.90038241373582e-06,20260811
resnet18_no_weights,CIFAR10,ptq,layer4.0.downsample.0,"(512, 256, 1, 1)",10.155955397564432,7.7483790569797e-05,20260811
resnet18_no_weights,CIFAR10,ptq,layer4.1.conv1,"(512, 512, 3, 3)",87.2209602355957,3.696906205732375e-05,20260811
resnet18_no_weights,CIFAR10,ptq,layer4.1.conv2,"(512, 512, 3, 3)",3.022899036822112,1.281271632225084e-06,20260811
resnet18_no_weights,CIFAR10,ptq,fc,"(10, 512)",4.128537886282977,0.000806355055914644,20260811
resnet18_no_weights,CIFAR10,qat,conv1,"(64, 3, 3, 3)",125.22387981414795,0.07246752304059488,20260811
resnet18_no_weights,CIFAR10,qat,layer1.0.conv1,"(64, 64, 3, 3)",47.91621742248535,0.0012998105854623847,20260811
resnet18_no_weights,CIFAR10,qat,layer1.0.conv2,"(64, 64, 3, 3)",26.777388440238106,0.0007263831499630562,20260811
resnet18_no_weights,CIFAR10,qat,layer1.1.conv1,"(64, 64, 3, 3)",177.51595543170797,0.004815428478507703,20260811
resnet18_no_weights,CIFAR10,qat,layer1.1.conv2,"(64, 64, 3, 3)",21.150343333973606,0.0005737397822800999,20260811
resnet18_no_weights,CIFAR10,qat,layer2.0.conv1,"(128, 64, 3, 3)",107.81985855102539,0.0014624004252254963,20260811
resnet18_no_weights,CIFAR10,qat,layer2.0.conv2,"(128, 128, 3, 3)",24.509868663290273,0.00016621818483676673,20260811
resnet18_no_weights,CIFAR10,qat,layer2.0.downsample.0,"(128, 64, 1, 1)",14.17612065338507,0.0017304834781964196,20260811
resnet18_no_weights,CIFAR10,qat,layer2.1.conv1,"(128, 128, 3, 3)",76.95908595897534,0.00052191220404036,20260811
resnet18_no_weights,CIFAR10,qat,layer2.1.conv2,"(128, 128, 3, 3)",12.418569876223195,8.42188169774251e-05,20260811
resnet18_no_weights,CIFAR10,qat,layer3.0.conv1,"(256, 128, 3, 3)",160.71845517839705,0.000544970890226227,20260811
resnet18_no_weights,CIFAR10,qat,layer3.0.conv2,"(256, 256, 3, 3)",36.94093829707096,6.263044280509263e-05,20260811
resnet18_no_weights,CIFAR10,qat,layer3.0.downsample.0,"(256, 128, 1, 1)",15.944805410173204,0.00048659684479288344,20260811
resnet18_no_weights,CIFAR10,qat,layer3.1.conv1,"(256, 256, 3, 3)",73.72272502674775,0.00012499105669953707,20260811
resnet18_no_weights,CIFAR10,qat,layer3.1.conv2,"(256, 256, 3, 3)",13.338819254999576,2.2614914372761325e-05,20260811
resnet18_no_weights,CIFAR10,qat,layer4.0.conv1,"(512, 256, 3, 3)",70.4952815246582,5.9759590593684046e-05,20260811
resnet18_no_weights,CIFAR10,qat,layer4.0.conv2,"(512, 512, 3, 3)",13.805759239196778,5.851643557737892e-06,20260811
resnet18_no_weights,CIFAR10,qat,layer4.0.downsample.0,"(512, 256, 1, 1)",5.3909759243329365,4.112988223520612e-05,20260811
resnet18_no_weights,CIFAR10,qat,layer4.1.conv1,"(512, 512, 3, 3)",53.98611038381403,2.2882296406984978e-05,20260811
resnet18_no_weights,CIFAR10,qat,layer4.1.conv2,"(512, 512, 3, 3)",1.9322838997229552,8.190086787427077e-07,20260811
resnet18_no_weights,CIFAR10,qat,fc,"(10, 512)",2.942515297730764,0.0005747100190880398,20260811
resnet18_no_weights,CIFAR10,fp32_fused_qat,conv1,"(64, 3, 3, 3)",164.17547988891602,0.09500895826904862,20260811
resnet18_no_weights,CIFAR10,fp32_fused_qat,layer1.0.conv1,"(64, 64, 3, 3)",57.23347600301107,0.0015525574002552916,20260811
resnet18_no_weights,CIFAR10,fp32_fused_qat,layer1.0.conv2,"(64, 64, 3, 3)",41.68367272331601,0.0011307419901073136,20260811
resnet18_no_weights,CIFAR10,fp32_fused_qat,layer1.1.conv1,"(64, 64, 3, 3)",233.09403006813744,0.006323080242733763,20260811
resnet18_no_weights,CIFAR10,fp32_fused_qat,layer1.1.conv2,"(64, 64, 3, 3)",24.97739153322966,0.000677555108865822,20260811
resnet18_no_weights,CIFAR10,fp32_fused_qat,layer2.0.conv1,"(128, 64, 3, 3)",131.54662227630615,0.0017842152543986838,20260811
resnet18_no_weights,CIFAR10,fp32_fused_qat,layer2.0.conv2,"(128, 128, 3, 3)",28.835485458374023,0.00019555315116627348,20260811
resnet18_no_weights,CIFAR10,fp32_fused_qat,layer2.0.downsample.0,"(128, 64, 1, 1)",18.156802313668386,0.002216406532430223,20260811
resnet18_no_weights,CIFAR10,fp32_fused_qat,layer2.1.conv1,"(128, 128, 3, 3)",114.25373911857605,0.0007748327576943362,20260811
resnet18_no_weights,CIFAR10,fp32_fused_qat,layer2.1.conv2,"(128, 128, 3, 3)",14.123091506958009,9.57783440955811e-05,20260811
resnet18_no_weights,CIFAR10,fp32_fused_qat,layer3.0.conv1,"(256, 128, 3, 3)",193.43750091552735,0.0006559160051660405,20260811
resnet18_no_weights,CIFAR10,fp32_fused_qat,layer3.0.conv2,"(256, 256, 3, 3)",39.942270159721375,6.771896389384185e-05,20260811
resnet18_no_weights,CIFAR10,fp32_fused_qat,layer3.0.downsample.0,"(256, 128, 1, 1)",17.75098403294881,0.0005417170420211429,20260811
resnet18_no_weights,CIFAR10,fp32_fused_qat,layer3.1.conv1,"(256, 256, 3, 3)",90.88071499700132,0.00015408107333204706,20260811
resnet18_no_weights,CIFAR10,fp32_fused_qat,layer3.1.conv2,"(256, 256, 3, 3)",12.401932745268851,2.1026497303040993e-05,20260811
resnet18_no_weights,CIFAR10,fp32_fused_qat,layer4.0.conv1,"(512, 256, 3, 3)",70.30321841769748,5.959677668058394e-05,20260811
resnet18_no_weights,CIFAR10,fp32_fused_qat,layer4.0.conv2,"(512, 512, 3, 3)",15.69480629456349,6.6523260729317095e-06,20260811
resnet18_no_weights,CIFAR10,fp32_fused_qat,layer4.0.downsample.0,"(512, 256, 1, 1)",5.1469622818199365,3.9268205885467045e-05,20260811
resnet18_no_weights,CIFAR10,fp32_fused_qat,layer4.1.conv1,"(512, 512, 3, 3)",55.64882687159947,2.3587047522481057e-05,20260811
resnet18_no_weights,CIFAR10,fp32_fused_qat,layer4.1.conv2,"(512, 512, 3, 3)",2.0608085261450872,8.734845166291501e-07,20260811
resnet18_no_weights,CIFAR10,fp32_fused_qat,fc,"(10, 512)",3.0237527141968408,0.0005905767019915704,20260811
cnn,CIFAR10,fp32_unfused,conv1,"(32, 3, 3, 3)",54.07831072807312,0.06259063741675129,20260811
cnn,CIFAR10,fp32_unfused,conv2,"(64, 32, 3, 3)",125.85598815114875,0.006828124357158678,20260811
cnn,CIFAR10,fp32_unfused,conv3,"(128, 64, 3, 3)",182.93697320847284,0.002481241498595823,20260811
cnn,CIFAR10,fp32_unfused,conv4,"(256, 128, 3, 3)",66.9202526807785,0.0002269160043700443,20260811
cnn,CIFAR10,fp32_unfused,fc1,"(1024, 1024)",12.726255397001902,1.2136702916147138e-05,20260811
cnn,CIFAR10,fp32_unfused,fc2,"(10, 1024)",5.432013899939401,0.0005304701074159571,20260811
cnn,CIFAR10,fp32_fused,conv1,"(32, 3, 3, 3)",333.6462240508108,0.3861646111699199,20260811
cnn,CIFAR10,fp32_fused,conv2,"(64, 32, 3, 3)",706.2593449183872,0.03831702175121458,20260811
cnn,CIFAR10,fp32_fused,conv3,"(128, 64, 3, 3)",386.57933044433594,0.005243317741486762,20260811
cnn,CIFAR10,fp32_fused,conv4,"(256, 128, 3, 3)",22.84525146484375,7.746463848484887e-05,20260811
cnn,CIFAR10,fp32_fused,fc1,"(1024, 1024)",13.043013572692871,1.2438787052815314e-05,20260811
cnn,CIFAR10,fp32_fused,fc2,"(10, 1024)",4.289026045799256,0.00041885019978508357,20260811
cnn,CIFAR10,ptq,conv1,"(32, 3, 3, 3)",301.94979467147436,0.34947892901791017,20260811
cnn,CIFAR10,ptq,conv2,"(64, 32, 3, 3)",896.7506974017034,0.048651839051741724,20260811
cnn,CIFAR10,ptq,conv3,"(128, 64, 3, 3)",403.57933840544325,0.005473895106410634,20260811
cnn,CIFAR10,ptq,conv4,"(256, 128, 3, 3)",26.70235761006673,9.054347605409997e-05,20260811
cnn,CIFAR10,ptq,fc1,"(1024, 1024)",18.975862329656426,1.8096792535454203e-05,20260811
cnn,CIFAR10,ptq,fc2,"(10, 1024)",5.0109561170850485,0.0004893511833090867,20260811
cnn,CIFAR10,qat,conv1,"(32, 3, 3, 3)",220.3073022024972,0.2549853034751125,20260811
cnn,CIFAR10,qat,conv2,"(64, 32, 3, 3)",533.246195765904,0.028930457669591143,20260811
cnn,CIFAR10,qat,conv3,"(128, 64, 3, 3)",284.0837211608887,0.003853132068696949,20260811
cnn,CIFAR10,qat,conv4,"(256, 128, 3, 3)",17.19393993307043,5.830193390933712e-05,20260811
cnn,CIFAR10,qat,fc1,"(1024, 1024)",11.734150767326355,1.1190558211637835e-05,20260811
cnn,CIFAR10,qat,fc2,"(10, 1024)",4.838025161198208,0.0004724633946482625,20260811
cnn,CIFAR10,fp32_fused_qat,conv1,"(32, 3, 3, 3)",311.4180428641183,0.3604375496112481,20260811
cnn,CIFAR10,fp32_fused_qat,conv2,"(64, 32, 3, 3)",756.9803379603794,0.04106881173830183,20260811
cnn,CIFAR10,fp32_fused_qat,conv3,"(128, 64, 3, 3)",480.99243065618697,0.006523877368926147,20260811
cnn,CIFAR10,fp32_fused_qat,conv4,"(256, 128, 3, 3)",23.4663698832194,7.957075291347724e-05,20260811
cnn,CIFAR10,fp32_fused_qat,fc1,"(1024, 1024)",11.080255099705287,1.0566954707818305e-05,20260811
cnn,CIFAR10,fp32_fused_qat,fc2,"(10, 1024)",4.907274544239044,0.00047922602971084416,20260811
