model,dataset,stage,layer,trace
cnn,IMAGENET100,FP32,conv1.weight,32.1767066637675
cnn,IMAGENET100,FP32,conv2.weight,231.9695940653483
cnn,IMAGENET100,FP32,conv3.weight,486.3611187405056
cnn,IMAGENET100,FP32,conv4.weight,84.75954736982074
cnn,IMAGENET100,FP32,fc1.weight,54.09956910060002
cnn,IMAGENET100,FP32,fc2.weight,30.572564125061035
cnn,IMAGENET100,PTQ,conv1.weight,220.94236424763997
cnn,IMAGENET100,PTQ,conv2.weight,700.991611735026
cnn,IMAGENET100,PTQ,conv3.weight,871.7805126735142
cnn,IMAGENET100,PTQ,conv4.weight,11.156527042388916
cnn,IMAGENET100,PTQ,fc1.weight,57.32890059153239
cnn,IMAGENET100,PTQ,fc2.weight,33.99246993431678
cnn,IMAGENET100,QAT,conv1.weight,113.66825336880154
cnn,IMAGENET100,QAT,conv2.weight,592.8454313732329
cnn,IMAGENET100,QAT,conv3.weight,776.1581370035807
cnn,IMAGENET100,QAT,conv4.weight,8.902278971672057
cnn,IMAGENET100,QAT,fc1.weight,48.60792472145774
cnn,IMAGENET100,QAT,fc2.weight,32.65215782165527
resnet18_no_weights,IMAGENET100,FP32,conv1.weight,195.84618307043004
resnet18_no_weights,IMAGENET100,FP32,layer1.0.conv1.weight,139.2472593943278
resnet18_no_weights,IMAGENET100,FP32,layer1.0.conv2.weight,80.97811342875163
resnet18_no_weights,IMAGENET100,FP32,layer1.1.conv1.weight,86.39363555908203
resnet18_no_weights,IMAGENET100,FP32,layer1.1.conv2.weight,85.32032693227133
resnet18_no_weights,IMAGENET100,FP32,layer2.0.conv1.weight,336.8175674438477
resnet18_no_weights,IMAGENET100,FP32,layer2.0.conv2.weight,189.81851196289062
resnet18_no_weights,IMAGENET100,FP32,layer2.0.downsample.0.weight,159.46561584472656
resnet18_no_weights,IMAGENET100,FP32,layer2.1.conv1.weight,160.58328908284506
resnet18_no_weights,IMAGENET100,FP32,layer2.1.conv2.weight,128.42608617146809
resnet18_no_weights,IMAGENET100,FP32,layer3.0.conv1.weight,302.8814936319987
resnet18_no_weights,IMAGENET100,FP32,layer3.0.conv2.weight,323.7951904296875
resnet18_no_weights,IMAGENET100,FP32,layer3.0.downsample.0.weight,52.131582260131836
resnet18_no_weights,IMAGENET100,FP32,layer3.1.conv1.weight,150.32933451334637
resnet18_no_weights,IMAGENET100,FP32,layer3.1.conv2.weight,146.54965565999348
resnet18_no_weights,IMAGENET100,FP32,layer4.0.conv1.weight,486.910400390625
resnet18_no_weights,IMAGENET100,FP32,layer4.0.conv2.weight,476.09466552734375
resnet18_no_weights,IMAGENET100,FP32,layer4.0.downsample.0.weight,79.72896041870118
resnet18_no_weights,IMAGENET100,FP32,layer4.1.conv1.weight,418.65328216552734
resnet18_no_weights,IMAGENET100,FP32,layer4.1.conv2.weight,70.73002069646662
resnet18_no_weights,IMAGENET100,FP32,fc.weight,8.757203531265258
resnet18_no_weights,IMAGENET100,PTQ,conv1.weight,4493.735484730114
resnet18_no_weights,IMAGENET100,PTQ,layer1.0.conv1.weight,630.733144906851
resnet18_no_weights,IMAGENET100,PTQ,layer1.0.conv2.weight,68.56240615844726
resnet18_no_weights,IMAGENET100,PTQ,layer1.1.conv1.weight,327.5234573364258
resnet18_no_weights,IMAGENET100,PTQ,layer1.1.conv2.weight,31.26231493268694
resnet18_no_weights,IMAGENET100,PTQ,layer2.0.conv1.weight,1495.7442606608072
resnet18_no_weights,IMAGENET100,PTQ,layer2.0.conv2.weight,63.73404388427734
resnet18_no_weights,IMAGENET100,PTQ,layer2.0.downsample.0.weight,182.7526403573843
resnet18_no_weights,IMAGENET100,PTQ,layer2.1.conv1.weight,357.1783481944691
resnet18_no_weights,IMAGENET100,PTQ,layer2.1.conv2.weight,47.750089433458115
resnet18_no_weights,IMAGENET100,PTQ,layer3.0.conv1.weight,471.78673502604164
resnet18_no_weights,IMAGENET100,PTQ,layer3.0.conv2.weight,143.93573608398438
resnet18_no_weights,IMAGENET100,PTQ,layer3.0.downsample.0.weight,45.0386708577474
resnet18_no_weights,IMAGENET100,PTQ,layer3.1.conv1.weight,283.1654277128332
resnet18_no_weights,IMAGENET100,PTQ,layer3.1.conv2.weight,71.01635926564535
resnet18_no_weights,IMAGENET100,PTQ,layer4.0.conv1.weight,611.172885131836
resnet18_no_weights,IMAGENET100,PTQ,layer4.0.conv2.weight,88.5456537882487
resnet18_no_weights,IMAGENET100,PTQ,layer4.0.downsample.0.weight,40.98063196454729
resnet18_no_weights,IMAGENET100,PTQ,layer4.1.conv1.weight,219.5836082458496
resnet18_no_weights,IMAGENET100,PTQ,layer4.1.conv2.weight,0.37986956238746644
resnet18_no_weights,IMAGENET100,PTQ,fc.weight,20.299171368281048
resnet18_no_weights,IMAGENET100,QAT,conv1.weight,2331.2035603841146
resnet18_no_weights,IMAGENET100,QAT,layer1.0.conv1.weight,277.63194732666017
resnet18_no_weights,IMAGENET100,QAT,layer1.0.conv2.weight,38.16552133560181
resnet18_no_weights,IMAGENET100,QAT,layer1.1.conv1.weight,129.37349354137075
resnet18_no_weights,IMAGENET100,QAT,layer1.1.conv2.weight,22.339941215515136
resnet18_no_weights,IMAGENET100,QAT,layer2.0.conv1.weight,1197.5564310709635
resnet18_no_weights,IMAGENET100,QAT,layer2.0.conv2.weight,37.374070930480954
resnet18_no_weights,IMAGENET100,QAT,layer2.0.downsample.0.weight,124.13280184515591
resnet18_no_weights,IMAGENET100,QAT,layer2.1.conv1.weight,184.04874781558388
resnet18_no_weights,IMAGENET100,QAT,layer2.1.conv2.weight,26.542948177882604
resnet18_no_weights,IMAGENET100,QAT,layer3.0.conv1.weight,282.58847427368164
resnet18_no_weights,IMAGENET100,QAT,layer3.0.conv2.weight,90.6146764755249
resnet18_no_weights,IMAGENET100,QAT,layer3.0.downsample.0.weight,21.43725570042928
resnet18_no_weights,IMAGENET100,QAT,layer3.1.conv1.weight,167.70126037597657
resnet18_no_weights,IMAGENET100,QAT,layer3.1.conv2.weight,29.98193941116333
resnet18_no_weights,IMAGENET100,QAT,layer4.0.conv1.weight,306.69281563392053
resnet18_no_weights,IMAGENET100,QAT,layer4.0.conv2.weight,75.85843880971272
resnet18_no_weights,IMAGENET100,QAT,layer4.0.downsample.0.weight,20.763761202494305
resnet18_no_weights,IMAGENET100,QAT,layer4.1.conv1.weight,138.50474319458007
resnet18_no_weights,IMAGENET100,QAT,layer4.1.conv2.weight,0.19824969675391912
resnet18_no_weights,IMAGENET100,QAT,fc.weight,8.93087702784045
resnet50_no_weights,IMAGENET100,FP32,conv1.weight,100.85774459838868
resnet50_no_weights,IMAGENET100,FP32,layer1.0.conv1.weight,16.787907123565674
resnet50_no_weights,IMAGENET100,FP32,layer1.0.conv2.weight,11.391906579335531
resnet50_no_weights,IMAGENET100,FP32,layer1.0.conv3.weight,11.656449904808632
resnet50_no_weights,IMAGENET100,FP32,layer1.0.downsample.0.weight,22.60441780090332
resnet50_no_weights,IMAGENET100,FP32,layer1.1.conv1.weight,0.5653200695912043
resnet50_no_weights,IMAGENET100,FP32,layer1.1.conv2.weight,7.334424082438151
resnet50_no_weights,IMAGENET100,FP32,layer1.1.conv3.weight,4.627997242171189
resnet50_no_weights,IMAGENET100,FP32,layer1.2.conv1.weight,0.32085395182172455
resnet50_no_weights,IMAGENET100,FP32,layer1.2.conv2.weight,0.3319214202463627
resnet50_no_weights,IMAGENET100,FP32,layer1.2.conv3.weight,0.5379336677491665
resnet50_no_weights,IMAGENET100,FP32,layer2.0.conv1.weight,4.734607005119324
resnet50_no_weights,IMAGENET100,FP32,layer2.0.conv2.weight,31.81114568710327
resnet50_no_weights,IMAGENET100,FP32,layer2.0.conv3.weight,15.485666751861572
resnet50_no_weights,IMAGENET100,FP32,layer2.0.downsample.0.weight,22.77772798538208
resnet50_no_weights,IMAGENET100,FP32,layer2.1.conv1.weight,1.7954256646335125
resnet50_no_weights,IMAGENET100,FP32,layer2.1.conv2.weight,37.108139769236246
resnet50_no_weights,IMAGENET100,FP32,layer2.1.conv3.weight,10.290159646670023
resnet50_no_weights,IMAGENET100,FP32,layer2.2.conv1.weight,5.2561481098334
resnet50_no_weights,IMAGENET100,FP32,layer2.2.conv2.weight,21.481815814971924
resnet50_no_weights,IMAGENET100,FP32,layer2.2.conv3.weight,12.89502410888672
resnet50_no_weights,IMAGENET100,FP32,layer2.3.conv1.weight,16.301939964294434
resnet50_no_weights,IMAGENET100,FP32,layer2.3.conv2.weight,19.217644572257996
resnet50_no_weights,IMAGENET100,FP32,layer2.3.conv3.weight,6.975056425730387
resnet50_no_weights,IMAGENET100,FP32,layer3.0.conv1.weight,55.679823194231304
resnet50_no_weights,IMAGENET100,FP32,layer3.0.conv2.weight,43.10322366441999
resnet50_no_weights,IMAGENET100,FP32,layer3.0.conv3.weight,45.63347784678141
resnet50_no_weights,IMAGENET100,FP32,layer3.0.downsample.0.weight,74.83946151733399
resnet50_no_weights,IMAGENET100,FP32,layer3.1.conv1.weight,6.929269194602966
resnet50_no_weights,IMAGENET100,FP32,layer3.1.conv2.weight,12.697506189346313
resnet50_no_weights,IMAGENET100,FP32,layer3.1.conv3.weight,12.674888849258423
resnet50_no_weights,IMAGENET100,FP32,layer3.2.conv1.weight,4.543968511952294
resnet50_no_weights,IMAGENET100,FP32,layer3.2.conv2.weight,15.593027440706889
resnet50_no_weights,IMAGENET100,FP32,layer3.2.conv3.weight,10.990075453122456
resnet50_no_weights,IMAGENET100,FP32,layer3.3.conv1.weight,8.43156831264496
resnet50_no_weights,IMAGENET100,FP32,layer3.3.conv2.weight,15.87366509437561
resnet50_no_weights,IMAGENET100,FP32,layer3.3.conv3.weight,12.68237853050232
resnet50_no_weights,IMAGENET100,FP32,layer3.4.conv1.weight,10.809480778376262
resnet50_no_weights,IMAGENET100,FP32,layer3.4.conv2.weight,15.116950432459513
resnet50_no_weights,IMAGENET100,FP32,layer3.4.conv3.weight,9.03732245763143
resnet50_no_weights,IMAGENET100,FP32,layer3.5.conv1.weight,18.214372936884562
resnet50_no_weights,IMAGENET100,FP32,layer3.5.conv2.weight,36.29364566802978
resnet50_no_weights,IMAGENET100,FP32,layer3.5.conv3.weight,18.556662877400715
resnet50_no_weights,IMAGENET100,FP32,layer4.0.conv1.weight,95.85201418841326
resnet50_no_weights,IMAGENET100,FP32,layer4.0.conv2.weight,98.15541547139486
resnet50_no_weights,IMAGENET100,FP32,layer4.0.conv3.weight,123.7520341873169
resnet50_no_weights,IMAGENET100,FP32,layer4.0.downsample.0.weight,88.89352747599284
resnet50_no_weights,IMAGENET100,FP32,layer4.1.conv1.weight,41.10993582407634
resnet50_no_weights,IMAGENET100,FP32,layer4.1.conv2.weight,85.50162072017275
resnet50_no_weights,IMAGENET100,FP32,layer4.1.conv3.weight,54.71145095825195
resnet50_no_weights,IMAGENET100,FP32,layer4.2.conv1.weight,171.64760208129883
resnet50_no_weights,IMAGENET100,FP32,layer4.2.conv2.weight,123.07428334554037
resnet50_no_weights,IMAGENET100,FP32,layer4.2.conv3.weight,18.339781337314182
resnet50_no_weights,IMAGENET100,FP32,fc.weight,3.4771734635035196
resnet50_no_weights,IMAGENET100,PTQ,conv1.weight,3976.342025756836
resnet50_no_weights,IMAGENET100,PTQ,layer1.0.conv1.weight,43.96620200475057
resnet50_no_weights,IMAGENET100,PTQ,layer1.0.conv2.weight,52.821937799453735
resnet50_no_weights,IMAGENET100,PTQ,layer1.0.conv3.weight,56.76295471191406
resnet50_no_weights,IMAGENET100,PTQ,layer1.0.downsample.0.weight,48.20503078188215
resnet50_no_weights,IMAGENET100,PTQ,layer1.1.conv1.weight,20.511110019683837
resnet50_no_weights,IMAGENET100,PTQ,layer1.1.conv2.weight,4.606257174549432
resnet50_no_weights,IMAGENET100,PTQ,layer1.1.conv3.weight,9.611436398824056
resnet50_no_weights,IMAGENET100,PTQ,layer1.2.conv1.weight,2.1955238838990527
resnet50_no_weights,IMAGENET100,PTQ,layer1.2.conv2.weight,0.4840011810262998
resnet50_no_weights,IMAGENET100,PTQ,layer1.2.conv3.weight,1.6914952198664348
resnet50_no_weights,IMAGENET100,PTQ,layer2.0.conv1.weight,10.593791414190221
resnet50_no_weights,IMAGENET100,PTQ,layer2.0.conv2.weight,42.42639514378139
resnet50_no_weights,IMAGENET100,PTQ,layer2.0.conv3.weight,37.29242509206136
resnet50_no_weights,IMAGENET100,PTQ,layer2.0.downsample.0.weight,56.82176399230957
resnet50_no_weights,IMAGENET100,PTQ,layer2.1.conv1.weight,20.31947511434555
resnet50_no_weights,IMAGENET100,PTQ,layer2.1.conv2.weight,15.419360287984212
resnet50_no_weights,IMAGENET100,PTQ,layer2.1.conv3.weight,23.84432160059611
resnet50_no_weights,IMAGENET100,PTQ,layer2.2.conv1.weight,9.304199457168579
resnet50_no_weights,IMAGENET100,PTQ,layer2.2.conv2.weight,33.67115804884169
resnet50_no_weights,IMAGENET100,PTQ,layer2.2.conv3.weight,46.66173114776611
resnet50_no_weights,IMAGENET100,PTQ,layer2.3.conv1.weight,10.464597610326914
resnet50_no_weights,IMAGENET100,PTQ,layer2.3.conv2.weight,7.229259721164046
resnet50_no_weights,IMAGENET100,PTQ,layer2.3.conv3.weight,19.73858757019043
resnet50_no_weights,IMAGENET100,PTQ,layer3.0.conv1.weight,55.10375540597098
resnet50_no_weights,IMAGENET100,PTQ,layer3.0.conv2.weight,43.6036070505778
resnet50_no_weights,IMAGENET100,PTQ,layer3.0.conv3.weight,112.73736877441407
resnet50_no_weights,IMAGENET100,PTQ,layer3.0.downsample.0.weight,58.205694913864136
resnet50_no_weights,IMAGENET100,PTQ,layer3.1.conv1.weight,15.986046444286
resnet50_no_weights,IMAGENET100,PTQ,layer3.1.conv2.weight,12.448479203616872
resnet50_no_weights,IMAGENET100,PTQ,layer3.1.conv3.weight,34.130089950561526
resnet50_no_weights,IMAGENET100,PTQ,layer3.2.conv1.weight,19.678054269154867
resnet50_no_weights,IMAGENET100,PTQ,layer3.2.conv2.weight,14.391909297307333
resnet50_no_weights,IMAGENET100,PTQ,layer3.2.conv3.weight,33.277427419026694
resnet50_no_weights,IMAGENET100,PTQ,layer3.3.conv1.weight,14.36920960744222
resnet50_no_weights,IMAGENET100,PTQ,layer3.3.conv2.weight,10.137456168299137
resnet50_no_weights,IMAGENET100,PTQ,layer3.3.conv3.weight,39.64455375671387
resnet50_no_weights,IMAGENET100,PTQ,layer3.4.conv1.weight,11.90971131324768
resnet50_no_weights,IMAGENET100,PTQ,layer3.4.conv2.weight,7.727460106213887
resnet50_no_weights,IMAGENET100,PTQ,layer3.4.conv3.weight,33.68537664413452
resnet50_no_weights,IMAGENET100,PTQ,layer3.5.conv1.weight,18.959347502390543
resnet50_no_weights,IMAGENET100,PTQ,layer3.5.conv2.weight,26.1117924451828
resnet50_no_weights,IMAGENET100,PTQ,layer3.5.conv3.weight,74.76277012295193
resnet50_no_weights,IMAGENET100,PTQ,layer4.0.conv1.weight,57.80169970194499
resnet50_no_weights,IMAGENET100,PTQ,layer4.0.conv2.weight,79.10427398681641
resnet50_no_weights,IMAGENET100,PTQ,layer4.0.conv3.weight,244.95682920258622
resnet50_no_weights,IMAGENET100,PTQ,layer4.0.downsample.0.weight,49.535596211751304
resnet50_no_weights,IMAGENET100,PTQ,layer4.1.conv1.weight,25.43912931850978
resnet50_no_weights,IMAGENET100,PTQ,layer4.1.conv2.weight,57.659065628051756
resnet50_no_weights,IMAGENET100,PTQ,layer4.1.conv3.weight,206.29482403923484
resnet50_no_weights,IMAGENET100,PTQ,layer4.2.conv1.weight,32.92913983662923
resnet50_no_weights,IMAGENET100,PTQ,layer4.2.conv2.weight,50.55380268096924
resnet50_no_weights,IMAGENET100,PTQ,layer4.2.conv3.weight,63.280181630452475
resnet50_no_weights,IMAGENET100,PTQ,fc.weight,9.669854323069254
resnet50_no_weights,IMAGENET100,QAT,conv1.weight,1179.5435440063477
resnet50_no_weights,IMAGENET100,QAT,layer1.0.conv1.weight,11.917145765744722
resnet50_no_weights,IMAGENET100,QAT,layer1.0.conv2.weight,17.59101848602295
resnet50_no_weights,IMAGENET100,QAT,layer1.0.conv3.weight,17.193663557370503
resnet50_no_weights,IMAGENET100,QAT,layer1.0.downsample.0.weight,18.71818775600857
resnet50_no_weights,IMAGENET100,QAT,layer1.1.conv1.weight,4.916813627878825
resnet50_no_weights,IMAGENET100,QAT,layer1.1.conv2.weight,1.4004968638221422
resnet50_no_weights,IMAGENET100,QAT,layer1.1.conv3.weight,8.248955496152242
resnet50_no_weights,IMAGENET100,QAT,layer1.2.conv1.weight,0.31333791042367615
resnet50_no_weights,IMAGENET100,QAT,layer1.2.conv2.weight,0.08406009236350656
resnet50_no_weights,IMAGENET100,QAT,layer1.2.conv3.weight,0.5245207528273265
resnet50_no_weights,IMAGENET100,QAT,layer2.0.conv1.weight,3.050882998265718
resnet50_no_weights,IMAGENET100,QAT,layer2.0.conv2.weight,16.218431107203166
resnet50_no_weights,IMAGENET100,QAT,layer2.0.conv3.weight,10.580159306526184
resnet50_no_weights,IMAGENET100,QAT,layer2.0.downsample.0.weight,24.798123931884767
resnet50_no_weights,IMAGENET100,QAT,layer2.1.conv1.weight,9.666399995485941
resnet50_no_weights,IMAGENET100,QAT,layer2.1.conv2.weight,10.556272141138713
resnet50_no_weights,IMAGENET100,QAT,layer2.1.conv3.weight,11.998265179720791
resnet50_no_weights,IMAGENET100,QAT,layer2.2.conv1.weight,2.6649066720690047
resnet50_no_weights,IMAGENET100,QAT,layer2.2.conv2.weight,8.810755288159406
resnet50_no_weights,IMAGENET100,QAT,layer2.2.conv3.weight,17.04372355143229
resnet50_no_weights,IMAGENET100,QAT,layer2.3.conv1.weight,6.351722999413808
resnet50_no_weights,IMAGENET100,QAT,layer2.3.conv2.weight,4.087823688983917
resnet50_no_weights,IMAGENET100,QAT,layer2.3.conv3.weight,8.111194237073262
resnet50_no_weights,IMAGENET100,QAT,layer3.0.conv1.weight,22.601227903366087
resnet50_no_weights,IMAGENET100,QAT,layer3.0.conv2.weight,17.768371755426582
resnet50_no_weights,IMAGENET100,QAT,layer3.0.conv3.weight,43.551074441274004
resnet50_no_weights,IMAGENET100,QAT,layer3.0.downsample.0.weight,18.662233098347983
resnet50_no_weights,IMAGENET100,QAT,layer3.1.conv1.weight,5.876337671279908
resnet50_no_weights,IMAGENET100,QAT,layer3.1.conv2.weight,6.012334156036377
resnet50_no_weights,IMAGENET100,QAT,layer3.1.conv3.weight,17.562755314509072
resnet50_no_weights,IMAGENET100,QAT,layer3.2.conv1.weight,4.273906561044546
resnet50_no_weights,IMAGENET100,QAT,layer3.2.conv2.weight,3.5043729265530903
resnet50_no_weights,IMAGENET100,QAT,layer3.2.conv3.weight,16.805222098032633
resnet50_no_weights,IMAGENET100,QAT,layer3.3.conv1.weight,4.528257749297402
resnet50_no_weights,IMAGENET100,QAT,layer3.3.conv2.weight,3.8614579981023613
resnet50_no_weights,IMAGENET100,QAT,layer3.3.conv3.weight,14.674831275282235
resnet50_no_weights,IMAGENET100,QAT,layer3.4.conv1.weight,4.893699862062931
resnet50_no_weights,IMAGENET100,QAT,layer3.4.conv2.weight,3.2939239541689553
resnet50_no_weights,IMAGENET100,QAT,layer3.4.conv3.weight,18.019340073620832
resnet50_no_weights,IMAGENET100,QAT,layer3.5.conv1.weight,8.6084570646286
resnet50_no_weights,IMAGENET100,QAT,layer3.5.conv2.weight,9.315903770512548
resnet50_no_weights,IMAGENET100,QAT,layer3.5.conv3.weight,25.509195709228514
resnet50_no_weights,IMAGENET100,QAT,layer4.0.conv1.weight,19.92986366965554
resnet50_no_weights,IMAGENET100,QAT,layer4.0.conv2.weight,23.90792252222697
resnet50_no_weights,IMAGENET100,QAT,layer4.0.conv3.weight,117.97701212565104
resnet50_no_weights,IMAGENET100,QAT,layer4.0.downsample.0.weight,18.749044938520953
resnet50_no_weights,IMAGENET100,QAT,layer4.1.conv1.weight,11.46684308052063
resnet50_no_weights,IMAGENET100,QAT,layer4.1.conv2.weight,30.10575221379598
resnet50_no_weights,IMAGENET100,QAT,layer4.1.conv3.weight,81.62562012672424
resnet50_no_weights,IMAGENET100,QAT,layer4.2.conv1.weight,16.97164921760559
resnet50_no_weights,IMAGENET100,QAT,layer4.2.conv2.weight,18.450787135532924
resnet50_no_weights,IMAGENET100,QAT,layer4.2.conv3.weight,25.461022450373722
resnet50_no_weights,IMAGENET100,QAT,fc.weight,5.44749903678894
