model,dataset,canonical_layer,trace_fp32_unfused,trace_fp32_fused,trace_ptq,trace_fp32_fused_qat,trace_qat,fusion_ratio,ptq_amplification,qat_amplification,elev_ptq,elev_qat,verdict
resnet50_no_weights,IMAGENET100,conv1,432.21565743905524,8548.157968848642,4866.855699916969,13137.06366290231,2288.293258327908,19.77752962374802,0.5693455499597523,0.17418605230557024,167.8389226465271,130.70133830842056,fp32_intrinsic
resnet50_no_weights,IMAGENET100,layer1.0.conv1,112.67675728130479,73.35483789497486,70.51568463492015,99.14036019643147,42.470465412638546,0.6510201364052374,0.9612956235535597,0.4283872413665818,2.431811680590649,2.425802133450985,fp32_intrinsic
resnet50_no_weights,IMAGENET100,layer1.0.conv2,53.73837963327185,88.45209479861789,78.05350890265571,112.90285616151377,62.44457016293965,1.6459762166675607,0.8824382178891633,0.5530822893763577,2.691761919965358,3.5666708629618924,fp32_intrinsic
resnet50_no_weights,IMAGENET100,layer1.0.conv3,78.20627064175076,87.04913028891569,86.57885199652777,125.3053963424813,58.559423155254784,1.1130709797897476,0.994597553234282,0.4673336094417016,2.9857678425350183,3.3447614063914437,fp32_intrinsic
resnet50_no_weights,IMAGENET100,layer1.0.downsample.0,205.79091063279373,90.02289558410645,89.59586378733317,140.02968271043565,68.47669212704614,0.4374483562334793,0.9952564090057033,0.48901554871510783,3.089812844031423,3.911209925286639,fp32_intrinsic
resnet50_no_weights,IMAGENET100,layer1.1.conv1,13.046679359012181,12.897995303547573,12.938650749473975,17.268550662199655,11.946336717075772,0.98860368593623,1.0031520747968656,0.6917972996556074,0.4462037373182117,0.6823435724954974,fp32_intrinsic
resnet50_no_weights,IMAGENET100,layer1.1.conv2,14.612623591590346,3.2840296261700836,3.2568544473041565,5.511990617381202,5.012950082599224,0.22473921986603848,0.9917250506361541,0.9094627387049007,0.1123162418111977,0.2863266245637548,fp32_intrinsic
resnet50_no_weights,IMAGENET100,layer1.1.conv3,6.206951910919614,6.483467976252238,7.247188304988747,7.5436864402559065,4.890593517945644,1.04454941319042,1.1177950336970703,0.6483028631529042,0.24992733549642204,0.27933793695003106,fp32_intrinsic
resnet50_no_weights,IMAGENET100,layer1.2.conv1,2.9238237781657115,2.4635093453857633,5.592928694188595,2.3723551344540383,2.3705234441492293,0.8425642351575885,2.2703095097505277,0.9992279021474453,0.1928783560374466,0.1353981118959328,mixed
resnet50_no_weights,IMAGENET100,layer1.2.conv2,2.3256755012604926,0.8256717683637843,1.5163239886363347,0.6948292991353405,0.6929436171661925,0.3550244941378445,1.8364730958903932,0.9972861219705406,0.052292116374058326,0.039579130780675875,mixed
resnet50_no_weights,IMAGENET100,layer1.2.conv3,2.4885061691332067,2.734954097867012,2.489018591907289,1.9222325747864013,1.7405486158671835,1.0990344857451761,0.9100769164091171,0.9054828425538431,0.08583656978365363,0.09941559398332621,fp32_intrinsic
resnet50_no_weights,IMAGENET100,layer2.0.conv1,25.78324699136946,16.434012518988716,15.254168706951718,22.246383175017343,7.8033687240199034,0.6373911138690075,0.9282071976838435,0.350770220157993,0.5260569450799256,0.4457080541716661,fp32_intrinsic
resnet50_no_weights,IMAGENET100,layer2.0.conv2,69.82744036395141,23.42391458087497,18.07550489679636,32.40949324943759,15.799136678377787,0.3354542921634519,0.771668835897931,0.4874848414561975,0.6233538562119448,0.9024054502046368,fp32_intrinsic
resnet50_no_weights,IMAGENET100,layer2.0.conv3,30.220903454886543,30.669722664209058,34.53967152701484,41.543974783481694,19.21646894500369,1.014851283648502,1.126181410414967,0.46255730331909295,1.191138923177443,1.0975945497953632,fp32_intrinsic
resnet50_no_weights,IMAGENET100,layer2.0.downsample.0,104.85052669302587,70.83180875021314,69.7660516135713,124.4186358827533,38.572490006906015,0.6755503380311061,0.9849536930448832,0.31002180447674293,2.4059597535064747,2.20315995226708,fp32_intrinsic
resnet50_no_weights,IMAGENET100,layer2.1.conv1,13.605747332776714,21.166819820139143,20.701369086522902,26.430837853749594,8.170250213125184,1.5557263634572682,0.9780103606696086,0.3091180937333062,0.7139096983807023,0.4666633672427214,fp32_intrinsic
resnet50_no_weights,IMAGENET100,layer2.1.conv2,35.718198238719594,14.579671911020128,13.783229854960501,18.61592361662123,6.262535373369853,0.40818609644243836,0.945373115326578,0.33640744893142704,0.47532998553573014,0.3576996748665732,fp32_intrinsic
resnet50_no_weights,IMAGENET100,layer2.1.conv3,21.061477088403556,21.157472567809254,21.769158596828067,26.02061560092828,13.85158641912319,1.0045578702292706,1.0289111105808302,0.5323312342629218,0.7507336052464717,0.7911664626399534,fp32_intrinsic
resnet50_no_weights,IMAGENET100,layer2.2.conv1,8.202390619781282,7.868268491162194,8.93841036160787,13.543003289787858,5.187642429934607,0.9592652747098751,1.1360072894878563,0.3830496322663057,0.3082510059401215,0.29630459548416826,fp32_intrinsic
resnet50_no_weights,IMAGENET100,layer2.2.conv2,9.7383265832772,7.384617787494994,8.98029900074005,10.786591172218323,7.082448336813185,0.7583045941564509,1.2160817606494354,0.6565974573185422,0.309695582170971,0.40453096330762417,fp32_intrinsic
resnet50_no_weights,IMAGENET100,layer2.2.conv3,18.20008890124889,17.594666949778976,23.481263115292503,25.140290580855474,20.389751550886366,0.9667352200994814,1.3345670698010839,0.8110388177618488,0.8097774305734122,1.1646093898927867,fp32_intrinsic
resnet50_no_weights,IMAGENET100,layer2.3.conv1,36.88304388712323,22.557960855043852,23.490231662326387,35.72908069822523,11.438564032978482,0.611607895597776,1.0413277961280833,0.32014716890117656,0.8100867208759576,0.6533409221024836,fp32_intrinsic
resnet50_no_weights,IMAGENET100,layer2.3.conv2,53.313721826341414,15.563757197062175,16.9127616474742,22.68131343517486,9.647483359442816,0.29192779389437384,1.086676014880691,0.42534941316410757,0.5832553642258185,0.5510390688773786,fp32_intrinsic
resnet50_no_weights,IMAGENET100,layer2.3.conv3,23.789986306168014,22.88792355983747,23.409284215095717,39.196514005509634,15.245173157585992,0.9620822502913057,1.0227788533938091,0.38894206651752405,0.8072951582795127,0.870764499780984,fp32_intrinsic
resnet50_no_weights,IMAGENET100,layer3.0.conv1,179.3169477432493,92.45381362458579,98.76083307269558,144.8859714058118,53.68383042329277,0.5155888207341315,1.068218056139034,0.3705246954029074,3.4058769860132743,3.066280275183685,fp32_intrinsic
resnet50_no_weights,IMAGENET100,layer3.0.conv2,223.560427347819,76.68665576510959,79.75136934916179,93.06641263204908,40.311355928390746,0.34302428508869875,1.0399641052732744,0.4331461242389052,2.7503145226551386,2.302479435139232,fp32_intrinsic
resnet50_no_weights,IMAGENET100,layer3.0.conv3,147.39818726322707,161.68933540285775,145.8459908944589,203.45768803653553,86.65444626042873,1.0969560644196337,0.9020136704197325,0.425908930238448,5.029660933743896,4.949475796161338,fp32_intrinsic
resnet50_no_weights,IMAGENET100,layer3.0.downsample.0,269.37085735345977,148.1775956434904,209.8388455110438,260.9493221706814,101.3851243115322,0.5500877010205174,1.4161307220553636,0.38852419108879055,7.236525578632933,5.790853678328662,fp32_intrinsic
resnet50_no_weights,IMAGENET100,layer3.1.conv1,10.74591234360716,26.37205916549837,20.482578251749423,39.867132181183905,11.260695843139851,2.4541479887640576,0.776677244776777,0.2824556276574758,0.7063644535126571,0.6431815553474582,fp32_intrinsic
resnet50_no_weights,IMAGENET100,layer3.1.conv2,49.974081593700966,21.916226748809972,15.382571459414068,39.81012402051761,12.018199000214086,0.4385518662852711,0.7018804667299459,0.30188800703107743,0.5304850565685192,0.6864481585427156,fp32_intrinsic
resnet50_no_weights,IMAGENET100,layer3.1.conv3,46.78339729780032,46.46173772357759,83.72583897508436,58.70685698507778,31.232131735483804,0.9931244930295421,1.8020384746091112,0.5320014277620492,2.8873785206934555,1.7838978466577613,mixed
resnet50_no_weights,IMAGENET100,layer3.2.conv1,36.9537900761822,29.622927093505858,21.558883226834812,40.23403158476859,11.61783495327783,0.8016208089193726,0.7277769397596465,0.2887564207628648,0.7434820256363818,0.6635804091601994,fp32_intrinsic
resnet50_no_weights,IMAGENET100,layer3.2.conv2,55.48975814655066,20.908779917822944,19.886379844010477,36.977550235324436,11.509662000338237,0.3768043079698063,0.9511018778794951,0.31126080357111174,0.6858038894424738,0.6574018524273488,fp32_intrinsic
resnet50_no_weights,IMAGENET100,layer3.2.conv3,51.81340871538435,51.47774730258518,73.47062667020705,91.99543055428398,31.501085790376813,0.9935217268826495,1.427230803988919,0.34242011370107,2.5337161376498445,1.7992598002841418,fp32_intrinsic
resnet50_no_weights,IMAGENET100,layer3.3.conv1,41.122417755732464,21.72922324869368,19.05467900964949,35.28553408163565,8.621267338026136,0.5284033486981593,0.8769148713493485,0.24432866222402094,0.6571217627039007,0.49242428823046447,fp32_intrinsic
resnet50_no_weights,IMAGENET100,layer3.3.conv2,92.41334812851244,30.27928974363539,30.492554502331572,39.187254099370875,11.67201426282597,0.3276506084546164,1.00704325499382,0.29785231272464574,1.0515695989299938,0.6666749899097588,fp32_intrinsic
resnet50_no_weights,IMAGENET100,layer3.3.conv3,78.25758541719414,76.82165903568267,117.76595645103926,109.72755182410488,39.98204890886942,0.9816512818041027,1.5329785626777273,0.3643756581114771,4.061289767748296,2.2836702776987887,mixed
resnet50_no_weights,IMAGENET100,layer3.4.conv1,69.18027073542277,24.038644741199636,17.07023785466892,33.70969664255778,10.000233148645473,0.34747832706718496,0.7101164827904121,0.29665746490344824,0.5886861060821005,0.5711872161347323,fp32_intrinsic
resnet50_no_weights,IMAGENET100,layer3.4.conv2,101.07081225749634,21.688092165144663,18.44025432579362,26.991808624873087,9.193674478265974,0.21458313909549168,0.8502478772858267,0.34060979781080536,0.6359326452645729,0.5251186900578381,fp32_intrinsic
resnet50_no_weights,IMAGENET100,layer3.4.conv3,63.12366976208157,70.34641554090712,91.73469405541053,84.86674463484022,38.61326698727078,1.1144221463366861,1.3040421939063251,0.45498701703963945,3.163572780641833,2.205489026954712,fp32_intrinsic
resnet50_no_weights,IMAGENET100,layer3.5.conv1,90.19826814863417,24.833693256590596,22.78796813977688,40.028841718037924,10.18146911999941,0.27532339330138944,0.9176230013121064,0.2543533283255459,0.785868383553839,0.5815389417797641,fp32_intrinsic
resnet50_no_weights,IMAGENET100,layer3.5.conv2,118.14581231011285,25.192990472833593,27.501808463959467,29.206608729892306,10.446703330970104,0.21323642353658917,1.0916452532149983,0.35768285964258967,0.9484304010700064,0.5966884276303578,fp32_intrinsic
resnet50_no_weights,IMAGENET100,layer3.5.conv3,80.63104881710476,85.34708920117491,123.60623444858928,93.8889512198312,51.18745645190042,1.0584891360494086,1.4482770953937545,0.5451914819247509,4.2626982391524795,2.9236939096504035,fp32_intrinsic
resnet50_no_weights,IMAGENET100,layer4.0.conv1,486.39480365571524,97.75231973090253,141.89329087999133,144.13845217534893,56.05829481018914,0.20097319913001072,1.4515593212580762,0.3889197779229131,4.893347684928143,3.201903483443195,fp32_intrinsic
resnet50_no_weights,IMAGENET100,layer4.0.conv2,475.3601876204263,105.27330093568074,155.30313708965593,133.5260506628244,72.89854089296782,0.22146007107297164,1.4752376500908064,0.5459499515719882,5.355801120875324,4.163774385458021,fp32_intrinsic
resnet50_no_weights,IMAGENET100,layer4.0.conv3,360.6304365116039,377.0018211033033,625.5062566275549,480.47899965465575,272.6777607432583,1.0453965692692515,1.6591597748705786,0.5675123386021979,21.57127778060525,15.574641985411171,mixed
resnet50_no_weights,IMAGENET100,layer4.0.downsample.0,404.5004929215436,72.07514934539795,151.04768601211848,118.91872900503652,59.25250855097695,0.17818309398049992,2.095697163085559,0.49826052672045834,5.209047165494835,3.384348635193185,mixed
resnet50_no_weights,IMAGENET100,layer4.1.conv1,178.76497808978874,32.01455787999438,47.75786466646676,41.493572416423284,26.13640584945679,0.1790874153432578,1.491754621303399,0.6298904704361372,1.6469829901994373,1.4928432842529131,fp32_intrinsic
resnet50_no_weights,IMAGENET100,layer4.1.conv2,334.53152702031974,88.5437184439765,127.1667349073622,85.69732324179117,68.89781990094083,0.26467974254216786,1.4362027836884137,0.8039670003058171,4.385486050817639,3.935263644558225,fp32_intrinsic
resnet50_no_weights,IMAGENET100,layer4.1.conv3,304.6596498361292,288.35159878200955,410.38273656935917,279.20342426475327,331.9672686463572,0.9464712472987761,1.4232025704133644,1.188979932894988,14.15250433246046,18.961103927026635,fp32_intrinsic
resnet50_no_weights,IMAGENET100,layer4.2.conv1,546.6096851140313,40.90793961325845,64.6702799788907,52.54770941394114,37.76645426485273,0.07483939770427671,1.5808735563384564,0.7187079072724172,2.2302264106765004,2.1571212944912994,mixed
resnet50_no_weights,IMAGENET100,layer4.2.conv2,434.63180011442336,57.08502157192037,100.33712821211063,81.81328313802582,52.20000545360424,0.1313411065570717,1.7576787298870986,0.6380382677656204,3.4602372741099385,2.9815280658032073,mixed
resnet50_no_weights,IMAGENET100,layer4.2.conv3,83.52999294558141,78.51340462394624,113.30101792722304,107.77411771955944,66.01391029226278,0.9399426703543073,1.4430786496891606,0.6125209993742515,3.907311405181871,3.77054225491861,fp32_intrinsic
resnet50_no_weights,IMAGENET100,fc,13.64682522804018,13.262105286121368,20.581740273735075,20.999989450545538,11.656886249359207,0.9718088320550683,1.551921043431439,0.5550901002503306,0.7097841659437873,0.6658109172657226,mixed
resnet18_no_weights,IMAGENET100,conv1,67.12941558598793,1809.5341966978951,1119.2371995229569,3528.095796906002,813.6169943067763,26.95590570694024,0.6185222702977275,0.2306108000299441,23.356810729900825,17.10049757096024,fp32_intrinsic
resnet18_no_weights,IMAGENET100,layer1.0.conv1,115.54458529154459,311.8214376782614,233.0606784517803,649.5319148658688,198.18310433676416,2.698710951200931,0.7474171121366364,0.30511680765938937,4.8636286905945125,4.165387053159749,fp32_intrinsic
resnet18_no_weights,IMAGENET100,layer1.0.conv2,58.483272001478404,43.83575604756673,29.866011631085676,97.49997766282823,26.033232366195833,0.7495434941885366,0.681316220454318,0.267007572619383,0.6232591100631807,0.547163136902864,fp32_intrinsic
resnet18_no_weights,IMAGENET100,layer1.1.conv1,64.07914980782402,150.16519879737095,126.97554804297054,311.49509808600027,82.97132863759681,2.343433070627848,0.8455724033256738,0.2663647972228743,2.6497902716503314,1.7438807371955984,fp32_intrinsic
resnet18_no_weights,IMAGENET100,layer1.1.conv2,47.107175763448076,16.193056703341604,10.594273274033158,42.57537743250529,11.046962552600437,0.3437492577490986,0.6542478957568846,0.2594683410643435,0.22108667920250247,0.23218364122075363,fp32_intrinsic
resnet18_no_weights,IMAGENET100,layer2.0.conv1,191.2749209460414,822.6582782321506,586.3340376964082,1613.3495059543186,481.4331134571749,4.3009207593096965,0.7127309761671752,0.2984059632958455,12.235916701848904,10.118699394017412,fp32_intrinsic
resnet18_no_weights,IMAGENET100,layer2.0.conv2,156.45651823833882,42.32018259139288,28.61865824804569,75.84427563430917,24.12978843484345,0.270491655240111,0.6762413698533092,0.3181491052955356,0.597228705700831,0.5071567966318083,fp32_intrinsic
resnet18_no_weights,IMAGENET100,layer2.0.downsample.0,127.29691778081055,92.75564602745904,67.32791457706027,161.36365116967096,53.460443987499254,0.7286558672785206,0.7258632488757478,0.3313041295234858,1.4050331406833054,1.123624750893521,fp32_intrinsic
resnet18_no_weights,IMAGENET100,layer2.1.conv1,94.54857987297906,120.78200465031868,82.79640420277913,236.30784084986126,67.83465154435899,1.2774597441080853,0.6855028151129521,0.28706051944953404,1.7278374440243143,1.4257400006124528,fp32_intrinsic
resnet18_no_weights,IMAGENET100,layer2.1.conv2,78.6824124654134,24.42614941596985,15.918852447037004,45.52256613486791,12.563478249973722,0.3104397622112426,0.6517135458374473,0.2759835245832232,0.3322027035923546,0.26405757352639664,fp32_intrinsic
resnet18_no_weights,IMAGENET100,layer3.0.conv1,197.02966092059,220.3574647146558,158.98362651401095,412.2859332882173,179.2359065161811,1.11839742140889,0.7214805576016281,0.4347368950637528,3.317751121231234,3.767157280951702,fp32_intrinsic
resnet18_no_weights,IMAGENET100,layer3.0.conv2,251.47649578518337,67.15156535321509,47.91909359825982,129.11620114240696,47.57855676015218,0.26702919150972027,0.7135960769671849,0.36849408779984205,1.0,1.0,fp32_intrinsic
resnet18_no_weights,IMAGENET100,layer3.0.downsample.0,33.48550604425296,15.293253356439095,12.085798945881072,27.65951077533744,10.945552284944625,0.4567126247466056,0.7902699748835619,0.3957247246290491,0.25221259498781434,0.23005221322963088,fp32_intrinsic
resnet18_no_weights,IMAGENET100,layer3.1.conv1,127.92900267736617,150.00944317874746,98.2224299312417,246.3827187432183,92.31347164577907,1.172599176412464,0.6547749784938695,0.37467510755893874,2.049755589175181,1.9402327000194575,fp32_intrinsic
resnet18_no_weights,IMAGENET100,layer3.1.conv2,147.2031956263951,32.187169914052944,24.396238168080647,49.36057016910651,19.358093569013807,0.21865809215001475,0.757949152821579,0.39217726826683885,0.509113097434852,0.4068659263163385,fp32_intrinsic
resnet18_no_weights,IMAGENET100,layer4.0.conv1,324.14507470509363,240.62959191458566,140.075088729418,472.3368504842123,177.35593787684584,0.7423515292759264,0.5821191301323377,0.3754861338788851,2.9231581445126675,3.727644341355565,fp32_intrinsic
resnet18_no_weights,IMAGENET100,layer4.0.conv2,387.8228256136076,37.39685826566484,21.345459524790446,68.8048457334912,26.20893940395779,0.0964276875825864,0.5707821596443663,0.38091705786937646,0.4454478981540169,0.5508561248732161,fp32_intrinsic
resnet18_no_weights,IMAGENET100,layer4.0.downsample.0,76.66669374798971,16.335759104622735,10.639648102331853,28.624140816730456,10.921271902382976,0.21307504349046064,0.6513102962764074,0.381540601421288,0.22203358418111296,0.22954189126496832,fp32_intrinsic
resnet18_no_weights,IMAGENET100,layer4.1.conv1,275.77909619961565,93.86199678269644,56.37041870565975,200.19843878630854,86.46046793195937,0.34035210817703465,0.6005670094166556,0.43187383705947435,1.1763665477117213,1.8172150191064944,fp32_intrinsic
resnet18_no_weights,IMAGENET100,layer4.1.conv2,72.16398202618983,0.20138214585589775,0.15608127699929408,0.43681890451245836,0.19073697790359528,0.0027906185357511443,0.7750502227291816,0.43665000743610294,0.0032571834164442995,0.0040088853233846014,fp32_intrinsic
resnet18_no_weights,IMAGENET100,fc,8.556003252076515,8.671466845273972,5.5253079800524265,16.488967916700574,7.6931745661629565,1.0134950384888453,0.6371826218840667,0.46656495452156554,0.1153049351553903,0.16169415572954318,fp32_intrinsic
cnn,IMAGENET100,conv1,127.70233412848579,547.1449428982205,765.3151450941298,105.16883186047373,99.1527046378142,4.284533611951986,1.3987429748327092,0.9427955306127098,1.4090996305373646,1.1670728999601963,fp32_intrinsic
cnn,IMAGENET100,conv2,334.23501569959853,2073.8551880641016,3529.906641668336,1234.575358823746,1141.9778036450582,6.204781338434112,1.7020989035224905,0.9249964333753502,6.499270498553202,13.441603553413612,mixed
cnn,IMAGENET100,conv3,635.3312864807831,1064.289763237251,1282.9897440592447,695.688390774197,755.7401817491319,1.6751729151141728,1.205489133106734,1.0863199555595664,2.3622430392577063,8.895409245286816,fp32_intrinsic
cnn,IMAGENET100,conv4,96.85858764648437,6.264481862386067,18.499587488931322,4.244499221112993,5.564082379427906,0.06467657659071231,2.9530913961150884,1.3108925434008896,0.034061473972974335,0.06549180662188246,mixed
cnn,IMAGENET100,fc1,71.57503727682275,76.92318688498602,320.9318860008603,45.846151202166524,70.76419539678665,1.074720877719963,4.172108553961904,1.5435144181403517,0.5909003694626356,0.8329271000398036,mixed
cnn,IMAGENET100,fc2,54.51389586382371,58.81201676868257,257.36445248811617,33.73621949089898,62.091474533081055,1.0788445007782164,4.376052151048881,1.8404988902159434,0.47385989580782606,0.7308451898597152,mixed
