model,dataset,stage,layer,weight_damage_pts,abs_weight_damage_pts
resnet50_no_weights,IMAGENET100,PTQ,conv1,5.079999999999998,5.079999999999998
resnet50_no_weights,IMAGENET100,PTQ,layer1.0.conv1,-0.09999999999999432,0.09999999999999432
resnet50_no_weights,IMAGENET100,PTQ,layer1.0.conv2,0.0,0.0
resnet50_no_weights,IMAGENET100,PTQ,layer1.0.conv3,0.04000000000000625,0.04000000000000625
resnet50_no_weights,IMAGENET100,PTQ,layer1.0.downsample.0,0.519999999999996,0.519999999999996
resnet50_no_weights,IMAGENET100,PTQ,layer1.1.conv1,0.20000000000000284,0.20000000000000284
resnet50_no_weights,IMAGENET100,PTQ,layer1.1.conv2,-0.0799999999999983,0.0799999999999983
resnet50_no_weights,IMAGENET100,PTQ,layer1.1.conv3,0.04000000000000625,0.04000000000000625
resnet50_no_weights,IMAGENET100,PTQ,layer1.2.conv1,0.0,0.0
resnet50_no_weights,IMAGENET100,PTQ,layer1.2.conv2,0.12000000000000455,0.12000000000000455
resnet50_no_weights,IMAGENET100,PTQ,layer1.2.conv3,-0.1599999999999966,0.1599999999999966
resnet50_no_weights,IMAGENET100,PTQ,layer2.0.conv1,0.10000000000000853,0.10000000000000853
resnet50_no_weights,IMAGENET100,PTQ,layer2.0.conv2,-0.0799999999999983,0.0799999999999983
resnet50_no_weights,IMAGENET100,PTQ,layer2.0.conv3,0.060000000000002274,0.060000000000002274
resnet50_no_weights,IMAGENET100,PTQ,layer2.0.downsample.0,0.12000000000000455,0.12000000000000455
resnet50_no_weights,IMAGENET100,PTQ,layer2.1.conv1,-0.1599999999999966,0.1599999999999966
resnet50_no_weights,IMAGENET100,PTQ,layer2.1.conv2,-0.01999999999999602,0.01999999999999602
resnet50_no_weights,IMAGENET100,PTQ,layer2.1.conv3,-0.03999999999999204,0.03999999999999204
resnet50_no_weights,IMAGENET100,PTQ,layer2.2.conv1,0.10000000000000853,0.10000000000000853
resnet50_no_weights,IMAGENET100,PTQ,layer2.2.conv2,0.01999999999999602,0.01999999999999602
resnet50_no_weights,IMAGENET100,PTQ,layer2.2.conv3,-0.0799999999999983,0.0799999999999983
resnet50_no_weights,IMAGENET100,PTQ,layer2.3.conv1,0.0799999999999983,0.0799999999999983
resnet50_no_weights,IMAGENET100,PTQ,layer2.3.conv2,0.060000000000002274,0.060000000000002274
resnet50_no_weights,IMAGENET100,PTQ,layer2.3.conv3,0.04000000000000625,0.04000000000000625
resnet50_no_weights,IMAGENET100,PTQ,layer3.0.conv1,0.2400000000000091,0.2400000000000091
resnet50_no_weights,IMAGENET100,PTQ,layer3.0.conv2,0.060000000000002274,0.060000000000002274
resnet50_no_weights,IMAGENET100,PTQ,layer3.0.conv3,0.3400000000000034,0.3400000000000034
resnet50_no_weights,IMAGENET100,PTQ,layer3.0.downsample.0,0.7199999999999989,0.7199999999999989
resnet50_no_weights,IMAGENET100,PTQ,layer3.1.conv1,0.01999999999999602,0.01999999999999602
resnet50_no_weights,IMAGENET100,PTQ,layer3.1.conv2,0.0799999999999983,0.0799999999999983
resnet50_no_weights,IMAGENET100,PTQ,layer3.1.conv3,0.2600000000000051,0.2600000000000051
resnet50_no_weights,IMAGENET100,PTQ,layer3.2.conv1,0.04000000000000625,0.04000000000000625
resnet50_no_weights,IMAGENET100,PTQ,layer3.2.conv2,-0.060000000000002274,0.060000000000002274
resnet50_no_weights,IMAGENET100,PTQ,layer3.2.conv3,0.0799999999999983,0.0799999999999983
resnet50_no_weights,IMAGENET100,PTQ,layer3.3.conv1,-0.0799999999999983,0.0799999999999983
resnet50_no_weights,IMAGENET100,PTQ,layer3.3.conv2,0.14000000000000057,0.14000000000000057
resnet50_no_weights,IMAGENET100,PTQ,layer3.3.conv3,0.14000000000000057,0.14000000000000057
resnet50_no_weights,IMAGENET100,PTQ,layer3.4.conv1,-0.03999999999999204,0.03999999999999204
resnet50_no_weights,IMAGENET100,PTQ,layer3.4.conv2,-0.03999999999999204,0.03999999999999204
resnet50_no_weights,IMAGENET100,PTQ,layer3.4.conv3,0.0,0.0
resnet50_no_weights,IMAGENET100,PTQ,layer3.5.conv1,0.01999999999999602,0.01999999999999602
resnet50_no_weights,IMAGENET100,PTQ,layer3.5.conv2,0.12000000000000455,0.12000000000000455
resnet50_no_weights,IMAGENET100,PTQ,layer3.5.conv3,-0.20000000000000284,0.20000000000000284
resnet50_no_weights,IMAGENET100,PTQ,layer4.0.conv1,0.12000000000000455,0.12000000000000455
resnet50_no_weights,IMAGENET100,PTQ,layer4.0.conv2,0.10000000000000853,0.10000000000000853
resnet50_no_weights,IMAGENET100,PTQ,layer4.0.conv3,0.21999999999999886,0.21999999999999886
resnet50_no_weights,IMAGENET100,PTQ,layer4.0.downsample.0,0.0,0.0
resnet50_no_weights,IMAGENET100,PTQ,layer4.1.conv1,0.0,0.0
resnet50_no_weights,IMAGENET100,PTQ,layer4.1.conv2,0.0799999999999983,0.0799999999999983
resnet50_no_weights,IMAGENET100,PTQ,layer4.1.conv3,0.04000000000000625,0.04000000000000625
resnet50_no_weights,IMAGENET100,PTQ,layer4.2.conv1,0.060000000000002274,0.060000000000002274
resnet50_no_weights,IMAGENET100,PTQ,layer4.2.conv2,0.18000000000000682,0.18000000000000682
resnet50_no_weights,IMAGENET100,PTQ,layer4.2.conv3,0.060000000000002274,0.060000000000002274
resnet50_no_weights,IMAGENET100,PTQ,fc,0.4000000000000057,0.4000000000000057
resnet18_no_weights,IMAGENET100,PTQ,conv1,5.400000000000006,5.400000000000006
resnet18_no_weights,IMAGENET100,PTQ,layer1.0.conv1,0.9000000000000057,0.9000000000000057
resnet18_no_weights,IMAGENET100,PTQ,layer1.0.conv2,0.20000000000000284,0.20000000000000284
resnet18_no_weights,IMAGENET100,PTQ,layer1.1.conv1,0.4200000000000017,0.4200000000000017
resnet18_no_weights,IMAGENET100,PTQ,layer1.1.conv2,0.12000000000000455,0.12000000000000455
resnet18_no_weights,IMAGENET100,PTQ,layer2.0.conv1,0.5400000000000063,0.5400000000000063
resnet18_no_weights,IMAGENET100,PTQ,layer2.0.conv2,0.12000000000000455,0.12000000000000455
resnet18_no_weights,IMAGENET100,PTQ,layer2.0.downsample.0,0.480000000000004,0.480000000000004
resnet18_no_weights,IMAGENET100,PTQ,layer2.1.conv1,0.5,0.5
resnet18_no_weights,IMAGENET100,PTQ,layer2.1.conv2,0.1600000000000108,0.1600000000000108
resnet18_no_weights,IMAGENET100,PTQ,layer3.0.conv1,0.46000000000000796,0.46000000000000796
resnet18_no_weights,IMAGENET100,PTQ,layer3.0.conv2,0.35999999999999943,0.35999999999999943
resnet18_no_weights,IMAGENET100,PTQ,layer3.0.downsample.0,0.35999999999999943,0.35999999999999943
resnet18_no_weights,IMAGENET100,PTQ,layer3.1.conv1,-0.05999999999998806,0.05999999999998806
resnet18_no_weights,IMAGENET100,PTQ,layer3.1.conv2,0.0800000000000125,0.0800000000000125
resnet18_no_weights,IMAGENET100,PTQ,layer4.0.conv1,0.2600000000000051,0.2600000000000051
resnet18_no_weights,IMAGENET100,PTQ,layer4.0.conv2,0.4200000000000017,0.4200000000000017
resnet18_no_weights,IMAGENET100,PTQ,layer4.0.downsample.0,0.30000000000001137,0.30000000000001137
resnet18_no_weights,IMAGENET100,PTQ,layer4.1.conv1,0.060000000000002274,0.060000000000002274
resnet18_no_weights,IMAGENET100,PTQ,layer4.1.conv2,-0.0799999999999983,0.0799999999999983
resnet18_no_weights,IMAGENET100,PTQ,fc,0.6400000000000006,0.6400000000000006
cnn,IMAGENET100,PTQ,conv1,32.78,32.78
cnn,IMAGENET100,PTQ,conv2,4.280000000000001,4.280000000000001
cnn,IMAGENET100,PTQ,conv3,0.240000000000002,0.240000000000002
cnn,IMAGENET100,PTQ,conv4,0.2600000000000051,0.2600000000000051
cnn,IMAGENET100,PTQ,fc1,0.22000000000000597,0.22000000000000597
cnn,IMAGENET100,PTQ,fc2,0.35999999999999943,0.35999999999999943
