model,dataset,stage,layer,calib_min,calib_max,range_width,scale,zero_point,act_p99,act_p999,act_max,outlier_factor,range_over_p99
cnn,CIFAR10,PTQ,conv1,-8.091721534729004,7.558411121368408,15.650132656097412,0.06137306988239288,132,1.6086854934692383,2.8054275512695312,6.657561302185059,4.138510186865414,9.728522274634832
cnn,CIFAR10,PTQ,conv2,-8.328008651733398,4.754361152648926,13.082369804382324,0.05130341276526451,162,0.8564859628677368,1.5384172201156616,4.127479076385498,4.819085490398032,15.274470769584083
cnn,CIFAR10,PTQ,conv3,-5.947083473205566,3.1554296016693115,9.102513074874878,0.035696130245923996,167,0.53297358751297,1.0345048904418945,2.7943837642669678,5.243006088362617,17.07873202000534
cnn,CIFAR10,PTQ,conv4,-3.486232280731201,3.6537742614746094,7.1400065422058105,0.02800002507865429,125,0.9165621399879456,1.6183584928512573,3.43198823928833,3.7444141423226003,7.789986331204685
cnn,CIFAR10,PTQ,fc1,-2.99546217918396,4.414804458618164,7.410266637802124,0.029059870168566704,103,0.8316959142684937,1.8845617771148682,4.209224224090576,5.061013468838235,8.909826909898577
cnn,CIFAR10,PTQ,fc2,-11.027742385864258,24.864330291748047,35.892072677612305,0.14075323939323425,78,12.08830451965332,22.780437469482422,23.254226684570312,1.9236963005658314,2.969156892040444
cnn,CIFAR10,QAT,conv1,-7.891393661499023,7.664823532104492,15.556217193603516,0.061004772782325745,129,1.5827783346176147,2.766735076904297,6.440704345703125,4.069239643249945,9.828424393591261
cnn,CIFAR10,QAT,conv2,-7.543217182159424,5.159477710723877,12.7026948928833,0.04981448873877525,151,0.8015497922897339,1.4589473009109497,3.8807568550109863,4.8415667901617025,15.847667874251902
cnn,CIFAR10,QAT,conv3,-5.9195451736450195,3.538827419281006,9.458372592926025,0.03709165379405022,160,0.5226949453353882,1.0301662683486938,2.881319046020508,5.512429518850052,18.09539709027996
cnn,CIFAR10,QAT,conv4,-3.473512649536133,4.190702438354492,7.664215087890625,0.03005574457347393,116,0.9582809805870056,1.6931943893432617,3.5513203144073486,3.7059279964337266,7.997878746582057
cnn,CIFAR10,QAT,fc1,-2.726262331008911,4.269510269165039,6.99577260017395,0.027434401214122772,99,0.9426741003990173,1.9231276512145996,3.7822601795196533,4.012266994413753,7.421199539918157
cnn,CIFAR10,QAT,fc2,-10.82536792755127,24.74535369873047,35.57072162628174,0.13949301838874817,78,15.434490203857422,21.812686920166016,21.95395278930664,1.422395718895844,2.304625624589261
resnet18_no_weights,CIFAR10,PTQ,conv1,-3.6338045597076416,4.784788131713867,8.418592691421509,0.03301408886909485,110,0.9711871147155762,1.5859901905059814,3.7324461936950684,3.843179277340557,8.668352950591807
resnet18_no_weights,CIFAR10,PTQ,layer1.0.conv1,-5.668947696685791,3.96222186088562,9.631169557571411,0.037769291549921036,150,0.7253119945526123,1.211524486541748,3.6685943603515625,5.057953526074567,13.278657501744638
resnet18_no_weights,CIFAR10,PTQ,layer1.0.conv2,-5.055909156799316,4.219723701477051,9.275632858276367,0.036375030875205994,139,0.8319026231765747,1.467902660369873,3.8103630542755127,4.580299362112659,11.149902163858878
resnet18_no_weights,CIFAR10,PTQ,layer1.1.conv1,-4.983292102813721,3.6435205936431885,8.62681269645691,0.033830638974905014,147,0.6996167898178101,1.3823107481002808,3.5231313705444336,5.035801630006487,12.330768532160944
resnet18_no_weights,CIFAR10,PTQ,layer1.1.conv2,-4.112923622131348,3.0338993072509766,7.146822929382324,0.028026755899190903,147,0.69304358959198,1.172090768814087,3.0202219486236572,4.357910518156256,10.312227162493372
resnet18_no_weights,CIFAR10,PTQ,layer2.0.conv1,-2.089714288711548,2.0637571811676025,4.15347146987915,0.01628812402486801,128,0.5068954229354858,0.8158295154571533,1.7960516214370728,3.5432389802139954,8.19394155470166
resnet18_no_weights,CIFAR10,PTQ,layer2.0.conv2,-2.5791499614715576,3.134150981903076,5.713300943374634,0.022405100986361504,115,0.6200724840164185,1.0224357843399048,3.790541887283325,6.113062561219792,9.21392432440746
resnet18_no_weights,CIFAR10,PTQ,layer2.0.downsample.0,-2.3921070098876953,4.91558313369751,7.307690143585205,0.02865760773420334,83,0.6571871042251587,1.2466824054718018,4.32327938079834,6.578460461264837,11.119649330613644
resnet18_no_weights,CIFAR10,PTQ,layer2.1.conv1,-2.148871421813965,2.2549848556518555,4.40385627746582,0.017270024865865707,124,0.46917465329170227,0.8066980838775635,1.7314289808273315,3.69037195142518,9.38639000757739
resnet18_no_weights,CIFAR10,PTQ,layer2.1.conv2,-2.857996940612793,4.271207809448242,7.129204750061035,0.02795766480267048,102,0.46489718556404114,0.7870423197746277,3.1447646617889404,6.76443041480994,15.335013786782676
resnet18_no_weights,CIFAR10,PTQ,layer3.0.conv1,-1.7662436962127686,2.0620040893554688,3.8282477855682373,0.015012736432254314,118,0.4893755614757538,0.8041185140609741,1.8560824394226074,3.7927566996305093,7.82271957762629
resnet18_no_weights,CIFAR10,PTQ,layer3.0.conv2,-2.221353054046631,3.029755115509033,5.251108169555664,0.0205925814807415,108,0.5649500489234924,0.9364674687385559,2.3667967319488525,4.189391144329952,9.294818505745077
resnet18_no_weights,CIFAR10,PTQ,layer3.0.downsample.0,-1.4591569900512695,1.8843601942062378,3.3435171842575073,0.013111832551658154,111,0.3594849705696106,0.6171305179595947,1.7583414316177368,4.891279401282374,9.300853882596655
resnet18_no_weights,CIFAR10,PTQ,layer3.1.conv1,-2.061915636062622,2.1325125694274902,4.194428205490112,0.016448739916086197,125,0.37329185009002686,0.6628628969192505,1.9393234252929688,5.195193585997824,11.23632408389988
resnet18_no_weights,CIFAR10,PTQ,layer3.1.conv2,-1.9749188423156738,2.3099498748779297,4.2848687171936035,0.016803406178951263,118,0.3841173052787781,0.6888479590415955,2.102280855178833,5.473017815880687,11.15510459515435
resnet18_no_weights,CIFAR10,PTQ,layer4.0.conv1,-1.5108805894851685,1.9338736534118652,3.4447542428970337,0.013508839532732964,112,0.3565250337123871,0.6149430274963379,1.4389132261276245,4.035938826355775,9.66202627352097
resnet18_no_weights,CIFAR10,PTQ,layer4.0.conv2,-1.9911167621612549,2.9393489360809326,4.9304656982421875,0.01933516003191471,103,0.39493855834007263,0.7232496738433838,2.017418146133423,5.108182281853244,12.484133529440484
resnet18_no_weights,CIFAR10,PTQ,layer4.0.downsample.0,-1.730907917022705,1.9465829133987427,3.6774908304214478,0.014421531930565834,120,0.39560210704803467,0.6856456398963928,1.675891637802124,4.236306146869523,9.2959333757414
resnet18_no_weights,CIFAR10,PTQ,layer4.1.conv1,-1.4418481588363647,2.135125160217285,3.57697331905365,0.014027346856892109,103,0.3670535385608673,0.6906155347824097,1.7287416458129883,4.709780629253671,9.745099674227747
resnet18_no_weights,CIFAR10,PTQ,layer4.1.conv2,-1.6483802795410156,3.47411847114563,5.1224987506866455,0.020088229328393936,82,0.9462518095970154,1.6425710916519165,3.1979992389678955,3.379649271508228,5.413462567504296
resnet18_no_weights,CIFAR10,PTQ,fc,-5.745562553405762,16.031757354736328,21.77731990814209,0.0854012593626976,67,11.931960105895996,17.124359130859375,17.206438064575195,1.4420462281023632,1.8251251022353954
resnet18_no_weights,CIFAR10,QAT,conv1,-3.875082015991211,4.925522327423096,8.800604343414307,0.034512173384428024,112,0.9510716199874878,1.5968400239944458,3.888507843017578,4.088554175413977,9.253356065371909
resnet18_no_weights,CIFAR10,QAT,layer1.0.conv1,-4.899887561798096,3.893275260925293,8.793162822723389,0.03448299318552017,142,0.7056065797805786,1.170475721359253,3.696470260620117,5.238712855780912,12.461849243891383
resnet18_no_weights,CIFAR10,QAT,layer1.0.conv2,-5.336009502410889,4.227354526519775,9.563364028930664,0.03750338777899742,142,0.8094409704208374,1.4175420999526978,3.573028326034546,4.414192580561975,11.814776343676506
resnet18_no_weights,CIFAR10,QAT,layer1.1.conv1,-5.10771369934082,4.155684947967529,9.26339864730835,0.0363270565867424,141,0.6960651278495789,1.3620609045028687,3.7915942668914795,5.447183194775491,13.308235503661361
resnet18_no_weights,CIFAR10,QAT,layer1.1.conv2,-4.28796911239624,2.919454574584961,7.207423686981201,0.028264407068490982,152,0.6777580380439758,1.1372727155685425,2.728959560394287,4.0264510447860165,10.63421351339776
resnet18_no_weights,CIFAR10,QAT,layer2.0.conv1,-2.066523790359497,2.285728931427002,4.352252721786499,0.01706765778362751,121,0.5183576345443726,0.8373304605484009,1.828617811203003,3.5277146304796427,8.396235401475382
resnet18_no_weights,CIFAR10,QAT,layer2.0.conv2,-2.6365630626678467,3.15761661529541,5.794179677963257,0.0227222740650177,116,0.6422295570373535,1.0420376062393188,3.691316604614258,5.747659172901571,9.021976043413796
resnet18_no_weights,CIFAR10,QAT,layer2.0.downsample.0,-2.432910680770874,5.255498886108398,7.6884095668792725,0.030150625854730606,81,0.6547884941101074,1.2290680408477783,4.468507289886475,6.8243521840734465,11.741821421783277
resnet18_no_weights,CIFAR10,QAT,layer2.1.conv1,-2.464460849761963,2.3227124214172363,4.787173271179199,0.01877322793006897,131,0.47480499744415283,0.7977169156074524,1.9238536357879639,4.05188160643623,10.082398662499909
resnet18_no_weights,CIFAR10,QAT,layer2.1.conv2,-3.072511911392212,4.2278876304626465,7.300399541854858,0.028629017993807793,107,0.47640201449394226,0.7912291288375854,3.0885868072509766,6.483152281654027,15.324031636620393
resnet18_no_weights,CIFAR10,QAT,layer3.0.conv1,-1.8534657955169678,2.229480028152466,4.082945823669434,0.01601155288517475,116,0.5028246641159058,0.8201974630355835,2.0961694717407227,4.168788091225247,8.120018994788762
resnet18_no_weights,CIFAR10,QAT,layer3.0.conv2,-2.2041921615600586,2.7604377269744873,4.964629888534546,0.019469138234853745,113,0.577797532081604,0.9664056301116943,2.6950523853302,4.664354268909494,8.592334880089757
resnet18_no_weights,CIFAR10,QAT,layer3.0.downsample.0,-1.622721791267395,2.0416901111602783,3.6644119024276733,0.014370243065059185,113,0.36955541372299194,0.6396867632865906,1.9992529153823853,5.409886693964028,9.915730540953218
resnet18_no_weights,CIFAR10,QAT,layer3.1.conv1,-2.0638198852539062,2.3378453254699707,4.401665210723877,0.017261432483792305,120,0.39049792289733887,0.6942571401596069,2.412728786468506,6.178595697941286,11.271929894185547
resnet18_no_weights,CIFAR10,QAT,layer3.1.conv2,-2.116673231124878,2.8651058673858643,4.981779098510742,0.019536389037966728,108,0.4137985110282898,0.7532095909118652,2.8112151622772217,6.793681193514565,12.039142156725058
resnet18_no_weights,CIFAR10,QAT,layer4.0.conv1,-1.6333496570587158,2.2599117755889893,3.893261432647705,0.01526769157499075,107,0.39575642347335815,0.6949290037155151,1.7004432678222656,4.296691517722738,9.837519246001056
resnet18_no_weights,CIFAR10,QAT,layer4.0.conv2,-2.220700263977051,2.8133530616760254,5.034053325653076,0.01974138617515564,112,0.47035133838653564,0.8803040981292725,2.7142155170440674,5.770612934481585,10.702751145391833
resnet18_no_weights,CIFAR10,QAT,layer4.0.downsample.0,-1.6326534748077393,2.5875322818756104,4.22018575668335,0.016549747437238693,99,0.4269583821296692,0.7474555969238281,2.062748432159424,4.831263463830902,9.884302389457856
resnet18_no_weights,CIFAR10,QAT,layer4.1.conv1,-1.7486515045166016,2.7283220291137695,4.476973533630371,0.01755675859749317,100,0.4671255946159363,0.901703417301178,2.5108180046081543,5.375038391275716,9.584089557994082
resnet18_no_weights,CIFAR10,QAT,layer4.1.conv2,-2.44282865524292,4.93294095993042,7.37576961517334,0.02892458625137806,84,1.2441058158874512,2.1944034099578857,4.641239166259766,3.730582324260783,5.928570963163629
resnet18_no_weights,CIFAR10,QAT,fc,-6.585628032684326,20.570087432861328,27.155715465545654,0.10649300366640091,62,16.557579040527344,19.499448776245117,19.54838752746582,1.1806307842238284,1.640077658640654
resnet50_no_weights,CIFAR10,PTQ,conv1,-4.129914283752441,6.346264362335205,10.476178646087646,0.04108305647969246,101,1.2068538665771484,2.000068187713623,4.309532165527344,3.5708815167075207,8.680569318470965
resnet50_no_weights,CIFAR10,PTQ,layer1.0.conv1,-1.6446564197540283,3.922759532928467,5.567415952682495,0.02183300442993641,75,0.5507903099060059,0.991610050201416,4.061926364898682,7.374723723065975,10.108049928533768
resnet50_no_weights,CIFAR10,PTQ,layer1.0.conv2,-4.314816474914551,5.028055667877197,9.342872142791748,0.036638714373111725,118,0.6405472755432129,1.1478726863861084,4.902414798736572,7.6534784955241655,14.585765172240523
resnet50_no_weights,CIFAR10,PTQ,layer1.0.conv3,-3.969074249267578,3.157248020172119,7.126322269439697,0.027946362271904945,142,0.567613959312439,1.1581271886825562,2.4605188369750977,4.334845534728513,12.554874933082935
resnet50_no_weights,CIFAR10,PTQ,layer1.0.downsample.0,-4.229605674743652,4.078453540802002,8.308059215545654,0.032580625265836716,130,0.6894269585609436,1.1304289102554321,3.23818302154541,4.696919639325596,12.050673551970252
resnet50_no_weights,CIFAR10,PTQ,layer1.1.conv1,-4.465834617614746,2.63987398147583,7.105708599090576,0.027865523472428322,160,0.4990081191062927,0.7677850723266602,1.7758421897888184,3.558744080094917,14.239665302072977
resnet50_no_weights,CIFAR10,PTQ,layer1.1.conv2,-1.6478463411331177,3.4764697551727295,5.124316096305847,0.020095357671380043,82,0.49807676672935486,0.8967494964599609,1.7877287864685059,3.5892635551096133,10.288205430570304
resnet50_no_weights,CIFAR10,PTQ,layer1.1.conv3,-6.74623966217041,4.373737812042236,11.119977474212646,0.04360775649547577,155,0.33918771147727966,0.7683333158493042,3.06148099899292,9.025919558403553,32.78414016174496
resnet50_no_weights,CIFAR10,PTQ,layer1.2.conv1,-2.571638822555542,2.5384724140167236,5.110111236572266,0.020039651542901993,128,0.6143366694450378,1.0566890239715576,2.4035637378692627,3.912453638882612,8.318095745755327
resnet50_no_weights,CIFAR10,PTQ,layer1.2.conv2,-2.502774477005005,2.9622864723205566,5.4650609493255615,0.021431611850857735,117,0.6215702295303345,1.1346088647842407,2.8207333087921143,4.538076591801207,8.792346688571335
resnet50_no_weights,CIFAR10,PTQ,layer1.2.conv3,-4.87325382232666,7.127985000610352,12.001238822937012,0.0470636822283268,104,0.28991279006004333,0.7079128623008728,3.8162500858306885,13.163441616495469,41.39603092520153
resnet50_no_weights,CIFAR10,PTQ,layer2.0.conv1,-2.5183446407318115,2.955221176147461,5.4735658168792725,0.021464964374899864,117,0.6839545965194702,1.3250999450683594,3.054814338684082,4.466399311050058,8.002820428042048
resnet50_no_weights,CIFAR10,PTQ,layer2.0.conv2,-3.4626734256744385,3.1966981887817383,6.659371614456177,0.026115182787179947,133,0.6178297996520996,1.1958096027374268,3.3027217388153076,5.345682161454615,10.778650719350335
resnet50_no_weights,CIFAR10,PTQ,layer2.0.conv3,-10.075788497924805,11.57698917388916,21.652777671813965,0.08491285890340805,119,0.592080295085907,1.1370817422866821,6.683752536773682,11.288591416142152,36.57067774679495
resnet50_no_weights,CIFAR10,PTQ,layer2.0.downsample.0,-2.4615488052368164,3.496164321899414,5.9577131271362305,0.02336358092725277,105,0.5607295036315918,0.9437558650970459,2.7092952728271484,4.831733046469405,10.624932500520861
resnet50_no_weights,CIFAR10,PTQ,layer2.1.conv1,-3.304333448410034,5.246185302734375,8.55051875114441,0.033531446009874344,99,0.4807050824165344,0.9115495085716248,2.431988477706909,5.059211076947952,17.787452356776463
resnet50_no_weights,CIFAR10,PTQ,layer2.1.conv2,-5.011257648468018,10.468344688415527,15.479602336883545,0.06070432439446449,83,0.4666118621826172,1.0835752487182617,4.824654579162598,10.339759809351738,33.174472385841995
resnet50_no_weights,CIFAR10,PTQ,layer2.1.conv3,-42.703941345214844,43.509254455566406,86.21319580078125,0.3380909562110901,126,0.49749091267585754,1.7610182762145996,22.044443130493164,44.31124784153861,173.2960213023104
resnet50_no_weights,CIFAR10,PTQ,layer2.2.conv1,-9.040843963623047,9.03685474395752,18.077698707580566,0.07089293003082275,128,0.4285460412502289,0.9885275959968567,4.192228317260742,9.782445557145847,42.18379582936099
resnet50_no_weights,CIFAR10,PTQ,layer2.2.conv2,-9.940485000610352,15.290626525878906,25.231111526489258,0.09894553571939468,100,0.37346869707107544,1.6280384063720703,6.8257575035095215,18.27665225235865,67.5588388648473
resnet50_no_weights,CIFAR10,PTQ,layer2.2.conv3,-42.623756408691406,38.54410934448242,81.16786575317383,0.3183053433895111,134,0.1704491674900055,1.135361671447754,19.636442184448242,115.20409558820316,476.19983686886127
resnet50_no_weights,CIFAR10,PTQ,layer2.3.conv1,-11.200364112854004,13.416670799255371,24.617034912109375,0.09653738886117935,116,0.5206575989723206,1.2280607223510742,6.524078369140625,12.530458370372235,47.28065999747
resnet50_no_weights,CIFAR10,PTQ,layer2.3.conv2,-18.29684829711914,19.528587341308594,37.825435638427734,0.1483350396156311,123,0.46706950664520264,2.1890647411346436,9.965519905090332,21.336267436230607,80.98459672547379
resnet50_no_weights,CIFAR10,PTQ,layer2.3.conv3,-31.194107055664062,21.6603946685791,52.854501724243164,0.20727254450321198,150,0.1048775166273117,1.0794851779937744,10.614648818969727,101.2099557685895,503.96408519153516
resnet50_no_weights,CIFAR10,PTQ,layer3.0.conv1,-16.343652725219727,10.817795753479004,27.16144847869873,0.10651548951864243,153,0.47755128145217896,1.0534374713897705,5.193258285522461,10.874765679049913,56.876506322219186
resnet50_no_weights,CIFAR10,PTQ,layer3.0.conv2,-20.18657112121582,19.514982223510742,39.70155334472656,0.15569236874580383,130,0.47672492265701294,1.0241974592208862,8.556844711303711,17.949228799728736,83.27979398150839
resnet50_no_weights,CIFAR10,PTQ,layer3.0.conv3,-20.9580020904541,31.62518310546875,52.58318519592285,0.20620855689048767,102,0.1861010491847992,0.4445747137069702,14.440468788146973,77.59477365335819,282.5517933738649
resnet50_no_weights,CIFAR10,PTQ,layer3.0.downsample.0,-18.07193374633789,15.606222152709961,33.67815589904785,0.13207119703292847,137,0.4211837649345398,1.2932780981063843,7.575089931488037,17.98523723407372,79.96071715699226
resnet50_no_weights,CIFAR10,PTQ,layer3.1.conv1,-26.877540588378906,28.762094497680664,55.63963508605957,0.2181946337223053,123,0.40563255548477173,1.1246007680892944,12.946252822875977,31.916207532711226,137.1675777343971
resnet50_no_weights,CIFAR10,PTQ,layer3.1.conv2,-29.28882598876953,28.912206649780273,58.201032638549805,0.22823935747146606,128,0.38981032371520996,2.4301319122314453,10.717781066894531,27.494862026088345,149.30603192816073
resnet50_no_weights,CIFAR10,PTQ,layer3.1.conv3,-51.725738525390625,47.840179443359375,99.56591796875,0.39045459032058716,132,0.09628848731517792,1.0295288562774658,18.36435317993164,190.72221084770197,1034.0376170086065
resnet50_no_weights,CIFAR10,PTQ,layer3.2.conv1,-39.264041900634766,36.81121826171875,76.07526016235352,0.2983343303203583,132,0.36068958044052124,1.1844426393508911,14.568778991699219,40.391460640215676,210.91615696089826
resnet50_no_weights,CIFAR10,PTQ,layer3.2.conv2,-39.593116760253906,36.93125915527344,76.52437591552734,0.3000955879688263,132,0.34022238850593567,2.56390380859375,13.432123184204102,39.480421153911685,224.92457433968156
resnet50_no_weights,CIFAR10,PTQ,layer3.2.conv3,-72.50521850585938,52.89249801635742,125.3977165222168,0.49175575375556946,147,0.07385165989398956,0.865119457244873,20.126331329345703,272.5237504239724,1697.9674756426473
resnet50_no_weights,CIFAR10,PTQ,layer3.3.conv1,-52.10789489746094,41.44572067260742,93.55361557006836,0.3668769299983978,142,0.34733396768569946,1.0889228582382202,15.334692001342773,44.14970439982723,269.3477294876166
resnet50_no_weights,CIFAR10,PTQ,layer3.3.conv2,-30.944995880126953,41.5314826965332,72.47647857666016,0.28422147035598755,109,0.3270980715751648,2.092198133468628,14.8011474609375,45.24987686311169,221.5741542823666
resnet50_no_weights,CIFAR10,PTQ,layer3.3.conv3,-36.499977111816406,31.290647506713867,67.79062461853027,0.2658455967903137,137,0.07771681249141693,0.6705851554870605,11.125718116760254,143.1571594368848,872.2774705411019
resnet50_no_weights,CIFAR10,PTQ,layer3.4.conv1,-48.78162384033203,42.412010192871094,91.19363403320312,0.35762208700180054,136,0.25878381729125977,1.5959796905517578,14.109844207763672,54.523672907580305,352.39310938274474
resnet50_no_weights,CIFAR10,PTQ,layer3.4.conv2,-42.26999282836914,49.074974060058594,91.34496688842773,0.3582155704498291,118,0.2525375187397003,3.001156806945801,17.868656158447266,70.75644144926103,361.70849917386073
resnet50_no_weights,CIFAR10,PTQ,layer3.4.conv3,-29.101869583129883,27.984045028686523,57.085914611816406,0.2238663285970688,130,0.044776950031518936,1.0452619791030884,9.1638822555542,204.65624052338651,1274.8951094621914
resnet50_no_weights,CIFAR10,PTQ,layer3.5.conv1,-52.00236892700195,48.78786849975586,100.79023742675781,0.39525583386421204,132,0.22716128826141357,2.544198751449585,16.120193481445312,70.96364704048716,443.69460218402185
resnet50_no_weights,CIFAR10,PTQ,layer3.5.conv2,-61.12300491333008,73.40970611572266,134.53271102905273,0.5275792479515076,116,0.22288069128990173,6.000948429107666,25.061803817749023,112.44493039170918,603.6086403468013
resnet50_no_weights,CIFAR10,PTQ,layer3.5.conv3,-46.99320983886719,45.30756759643555,92.30077743530273,0.36196383833885193,130,0.01648685336112976,2.4132630825042725,14.411571502685547,874.1250490322791,5598.447163539146
resnet50_no_weights,CIFAR10,PTQ,layer4.0.conv1,-64.69898223876953,58.931182861328125,123.63016510009766,0.48482418060302734,133,0.2524850368499756,3.3844544887542725,19.244266510009766,76.21943363497039,489.6534331005034
resnet50_no_weights,CIFAR10,PTQ,layer4.0.conv2,-86.23670196533203,84.69078826904297,170.927490234375,0.6703038811683655,129,0.2421921193599701,7.1002936363220215,26.51810646057129,109.49202860377729,705.7516598231073
resnet50_no_weights,CIFAR10,PTQ,layer4.0.conv3,-173.0734100341797,204.38475036621094,377.4581604003906,1.480228066444397,117,0.02094699814915657,3.401268482208252,65.12421417236328,3108.999853279001,18019.677937269927
resnet50_no_weights,CIFAR10,PTQ,layer4.0.downsample.0,-81.84884643554688,82.09917449951172,163.9480209350586,0.6429334282875061,127,0.2557421326637268,3.7532434463500977,27.870010375976562,108.97699994010219,641.0677006069723
resnet50_no_weights,CIFAR10,PTQ,layer4.1.conv1,-54.29488754272461,71.11144256591797,125.40633010864258,0.4917895197868347,110,0.16630572080612183,1.299271583557129,17.409420013427734,104.68322995168354,754.0710536039858
resnet50_no_weights,CIFAR10,PTQ,layer4.1.conv2,-28.255952835083008,37.39591979980469,65.6518726348877,0.25745832920074463,110,0.227594792842865,1.3804019689559937,8.04966926574707,35.36842458124553,288.45946699762493
resnet50_no_weights,CIFAR10,PTQ,layer4.1.conv3,-22.94931983947754,21.629844665527344,44.57916450500488,0.17482024431228638,131,0.04123356193304062,0.10056965053081512,4.728785037994385,114.6829140221619,1081.1378502152495
resnet50_no_weights,CIFAR10,PTQ,layer4.2.conv1,-104.3327407836914,157.138671875,261.4714126586914,1.0253781080245972,102,0.24318565428256989,1.253737211227417,35.66654968261719,146.66387204392572,1075.1925866271467
resnet50_no_weights,CIFAR10,PTQ,layer4.2.conv2,-77.68695831298828,121.63396453857422,199.3209228515625,0.7816506624221802,99,0.20866228640079498,1.8214695453643799,27.00234603881836,129.40693071364467,955.2321422794641
resnet50_no_weights,CIFAR10,PTQ,layer4.2.conv3,-67.93933868408203,25.90550994873047,93.8448486328125,0.3680190145969391,185,0.0,0.01221329253166914,5.831847190856934,inf,inf
resnet50_no_weights,CIFAR10,PTQ,fc,-28.772472381591797,65.03076171875,93.8032341003418,0.36785584688186646,78,2.8744876384735107,4.74639368057251,7.894331932067871,2.746344018463108,32.633027481083815
resnet50_no_weights,CIFAR10,QAT,conv1,-3.757086992263794,5.673535346984863,9.430622339248657,0.03698283061385155,102,1.1018869876861572,1.8319041728973389,3.64874005317688,3.3113559684000236,8.558611222963926
resnet50_no_weights,CIFAR10,QAT,layer1.0.conv1,-1.6504751443862915,3.5924975872039795,5.242972731590271,0.020560678094625473,80,0.5146259069442749,0.8981349468231201,3.867603063583374,7.515367981663171,10.187930030032465
resnet50_no_weights,CIFAR10,QAT,layer1.0.conv2,-3.822434186935425,5.187313556671143,9.009747743606567,0.035332344472408295,108,0.5677310228347778,1.060896396636963,4.6200947761535645,8.137823353539222,15.869747083080576
resnet50_no_weights,CIFAR10,QAT,layer1.0.conv3,-3.83247971534729,3.061746835708618,6.894226551055908,0.027036182582378387,142,0.5130090713500977,1.0365073680877686,2.312612295150757,4.507936456298136,13.438800473668458
resnet50_no_weights,CIFAR10,QAT,layer1.0.downsample.0,-4.143433094024658,3.9129393100738525,8.05637240409851,0.03159361705183983,131,0.6420289278030396,1.104871153831482,3.2572214603424072,5.073325078183474,12.548301260609287
resnet50_no_weights,CIFAR10,QAT,layer1.1.conv1,-3.6350932121276855,2.527611017227173,6.162704229354858,0.024167468771338463,150,0.4930325746536255,0.7708261013031006,1.8600507974624634,3.772673233141281,12.499588356173824
resnet50_no_weights,CIFAR10,QAT,layer1.1.conv2,-1.473968267440796,2.8404054641723633,4.314373731613159,0.01691911369562149,87,0.47983434796333313,0.8212540149688721,1.7884334325790405,3.7271892689009936,8.991381608935685
resnet50_no_weights,CIFAR10,QAT,layer1.1.conv3,-6.485410213470459,4.157614231109619,10.643024444580078,0.041737351566553116,155,0.3313106298446655,0.7037294507026672,3.0753793716430664,9.282465138788192,32.12400534679507
resnet50_no_weights,CIFAR10,QAT,layer1.2.conv1,-2.390465497970581,2.4722654819488525,4.862730979919434,0.019069533795118332,125,0.5547645092010498,0.9482367038726807,2.017805814743042,3.637229457322364,8.765396666997585
resnet50_no_weights,CIFAR10,QAT,layer1.2.conv2,-2.436474323272705,2.8476169109344482,5.284091234207153,0.020721925422549248,118,0.5898787379264832,1.098883032798767,2.563131809234619,4.345184263200318,8.957927951059174
resnet50_no_weights,CIFAR10,QAT,layer1.2.conv3,-3.6125710010528564,5.441657066345215,9.054228067398071,0.035506777465343475,102,0.26978975534439087,0.617529571056366,2.4834742546081543,9.2052207521296,33.56031090150257
resnet50_no_weights,CIFAR10,QAT,layer2.0.conv1,-2.326606273651123,2.7027125358581543,5.029318809509277,0.019722819328308105,118,0.6404365301132202,1.2096984386444092,2.7722349166870117,4.32866456914461,7.852954310117451
resnet50_no_weights,CIFAR10,QAT,layer2.0.conv2,-3.3428478240966797,3.2750327587127686,6.617880582809448,0.025952473282814026,129,0.5901069641113281,1.1306639909744263,3.2318766117095947,5.476764058490041,11.214713577860666
resnet50_no_weights,CIFAR10,QAT,layer2.0.conv3,-5.809420585632324,6.657217979431152,12.466638565063477,0.04888878017663956,119,0.5746040344238281,1.0245146751403809,2.9919350147247314,5.2069509357427854,21.696051225195678
resnet50_no_weights,CIFAR10,QAT,layer2.0.downsample.0,-1.8751250505447388,2.9645800590515137,4.839705109596252,0.018979234620928764,99,0.5298003554344177,0.9045432209968567,2.421205759048462,4.570034229333723,9.134960103278647
resnet50_no_weights,CIFAR10,QAT,layer2.1.conv1,-1.6792405843734741,2.5376334190368652,4.216874003410339,0.016536761075258255,102,0.4423953890800476,0.7443687319755554,1.431260585784912,3.235252041756561,9.531912193251483
resnet50_no_weights,CIFAR10,QAT,layer2.1.conv2,-2.202876567840576,4.093162536621094,6.29603910446167,0.024690348654985428,89,0.41878750920295715,0.7504267692565918,1.7915574312210083,4.277962909234633,15.033970608255219
resnet50_no_weights,CIFAR10,QAT,layer2.1.conv3,-15.836856842041016,16.124433517456055,31.96129035949707,0.1253383904695511,126,0.36167511343955994,0.7253755331039429,2.95927357673645,8.182132158869091,88.37016751178311
resnet50_no_weights,CIFAR10,QAT,layer2.2.conv1,-3.5145421028137207,3.289114475250244,6.803656578063965,0.02668100595474243,132,0.406866192817688,0.7541878819465637,1.5848755836486816,3.8953238475599914,16.722098562542904
resnet50_no_weights,CIFAR10,QAT,layer2.2.conv2,-3.0007901191711426,4.477757453918457,7.4785475730896,0.0293276384472847,102,0.3616067171096802,0.6670483350753784,1.5172972679138184,4.195987508311694,20.681439860591016
resnet50_no_weights,CIFAR10,QAT,layer2.2.conv3,-11.649043083190918,10.523221969604492,22.17226505279541,0.08695005625486374,134,0.16336411237716675,0.30954405665397644,1.0010347366333008,6.127629392201897,135.72298548413872
resnet50_no_weights,CIFAR10,QAT,layer2.3.conv1,-3.138540029525757,3.385169267654419,6.523709297180176,0.0255831740796566,123,0.46384793519973755,0.8320237398147583,2.014777898788452,4.34361726310341,14.064327556769227
resnet50_no_weights,CIFAR10,QAT,layer2.3.conv2,-4.652151107788086,4.338837623596191,8.990988731384277,0.03525878116488457,132,0.38618117570877075,0.7687532305717468,2.357316732406616,6.104173068716146,23.281789214305505
resnet50_no_weights,CIFAR10,QAT,layer2.3.conv3,-6.020198345184326,4.299919605255127,10.320117950439453,0.04047105088829994,149,0.08649419248104095,0.15880224108695984,0.6949837803840637,8.03503403464227,119.31573270311259
resnet50_no_weights,CIFAR10,QAT,layer3.0.conv1,-3.467703342437744,3.875379800796509,7.343083143234253,0.028796404600143433,120,0.48674535751342773,0.8522963523864746,3.6435437202453613,7.485523311118273,15.086087684013876
resnet50_no_weights,CIFAR10,QAT,layer3.0.conv2,-3.285633087158203,3.077049970626831,6.362683057785034,0.024951700121164322,132,0.5302530527114868,0.9382948875427246,2.35164213180542,4.434943127210923,11.999333196195666
resnet50_no_weights,CIFAR10,QAT,layer3.0.conv3,-2.993419885635376,4.3344902992248535,7.3279101848602295,0.0287369042634964,104,0.21501348912715912,0.3769071698188782,1.4003171920776367,6.512694611683122,34.0811649288036
resnet50_no_weights,CIFAR10,QAT,layer3.0.downsample.0,-3.814640998840332,3.510117292404175,7.324758291244507,0.028724543750286102,133,0.4177977740764618,0.7801053524017334,2.3335142135620117,5.5852720104127505,17.531826988393654
resnet50_no_weights,CIFAR10,QAT,layer3.1.conv1,-4.029951095581055,3.7168257236480713,7.746776819229126,0.030379515141248703,133,0.44166091084480286,0.6894336938858032,1.5150597095489502,3.4303685754099567,17.5401006269973
resnet50_no_weights,CIFAR10,QAT,layer3.1.conv2,-2.8546953201293945,3.6313507556915283,6.486046075820923,0.025435473769903183,112,0.34278303384780884,0.6367475390434265,1.9150135517120361,5.586663756999936,18.921724342694983
resnet50_no_weights,CIFAR10,QAT,layer3.1.conv3,-5.844274520874023,5.2916789054870605,11.135953426361084,0.0436704084277153,134,0.08932223916053772,0.1552954614162445,0.4846649169921875,5.426027398631437,124.67167786005204
resnet50_no_weights,CIFAR10,QAT,layer3.2.conv1,-4.801507472991943,4.433429718017578,9.234937191009521,0.036215443164110184,133,0.39483410120010376,0.6467337012290955,1.4907915592193604,3.7757416461447444,23.38941130702693
resnet50_no_weights,CIFAR10,QAT,layer3.2.conv2,-3.2115094661712646,3.994326114654541,7.205835580825806,0.028258178383111954,114,0.32190823554992676,0.584798276424408,2.0300021171569824,6.306151545607589,22.384750637136797
resnet50_no_weights,CIFAR10,QAT,layer3.2.conv3,-6.516582489013672,4.900869846343994,11.417452335357666,0.04477431997656822,146,0.07638539373874664,0.13411596417427063,0.6609765291213989,8.653179577525922,149.47166960227554
resnet50_no_weights,CIFAR10,QAT,layer3.3.conv1,-5.196106433868408,4.091684818267822,9.28779125213623,0.03642271086573601,143,0.3997107148170471,0.6711679100990295,1.6314756870269775,4.081641113307972,23.236282911223373
resnet50_no_weights,CIFAR10,QAT,layer3.3.conv2,-2.529064416885376,3.8026232719421387,6.331687688827515,0.024830149486660957,102,0.34122705459594727,0.6143887639045715,1.3718600273132324,4.020372971122337,18.555643825853647
resnet50_no_weights,CIFAR10,QAT,layer3.3.conv3,-2.901179790496826,2.5499119758605957,5.451091766357422,0.021376829594373703,136,0.08729349076747894,0.14519819617271423,0.35761234164237976,4.09666675600064,62.44556974903583
resnet50_no_weights,CIFAR10,QAT,layer3.4.conv1,-4.553369522094727,3.91986083984375,8.473230361938477,0.033228352665901184,137,0.3735368549823761,0.6393677592277527,1.713849663734436,4.588167515131264,22.68378675067619
resnet50_no_weights,CIFAR10,QAT,layer3.4.conv2,-3.3021161556243896,4.21929931640625,7.52141547203064,0.02949574775993824,112,0.32137373089790344,0.5748002529144287,2.00175404548645,6.228741969337822,23.403952311273702
resnet50_no_weights,CIFAR10,QAT,layer3.4.conv3,-2.094346523284912,2.0939152240753174,4.1882617473602295,0.01642455719411373,128,0.0744306817650795,0.12109389901161194,0.3315967321395874,4.455108085482592,56.27063528155439
resnet50_no_weights,CIFAR10,QAT,layer3.5.conv1,-4.345269680023193,4.128293991088867,8.47356367111206,0.03322966396808624,131,0.3326369524002075,0.5571754574775696,1.1470792293548584,3.4484419757873623,25.473909648249816
resnet50_no_weights,CIFAR10,QAT,layer3.5.conv2,-4.253611087799072,5.363678932189941,9.617290019989014,0.03771486505866051,113,0.2941248416900635,0.5347840189933777,1.7176282405853271,5.839793166451722,32.69798621812201
resnet50_no_weights,CIFAR10,QAT,layer3.5.conv3,-3.167020320892334,3.1195881366729736,6.286608457565308,0.024653367698192596,128,0.06791622936725616,0.11844827234745026,0.48027530312538147,7.071583737788191,92.5641561101773
resnet50_no_weights,CIFAR10,QAT,layer4.0.conv1,-4.813949108123779,4.571274757385254,9.385223865509033,0.03680479899048805,131,0.34419286251068115,0.5697207450866699,1.2034462690353394,3.4964300545250078,27.26734016809482
resnet50_no_weights,CIFAR10,QAT,layer4.0.conv2,-5.040140628814697,4.661083698272705,9.701224327087402,0.03804401680827141,132,0.39267033338546753,0.7075856328010559,1.8165881633758545,4.62624244544746,24.70577352622188
resnet50_no_weights,CIFAR10,QAT,layer4.0.conv3,-8.945270538330078,10.586702346801758,19.531972885131836,0.0765959694981575,117,0.11933340132236481,0.23909400403499603,0.989738941192627,8.29389701646873,163.675657181417
resnet50_no_weights,CIFAR10,QAT,layer4.0.downsample.0,-4.374997138977051,4.270052433013916,8.645049571990967,0.033902157098054886,129,0.3558753728866577,0.6543025374412537,2.093024969100952,5.881342538888065,24.29235128541563
resnet50_no_weights,CIFAR10,QAT,layer4.1.conv1,-1.9953951835632324,2.104724407196045,4.100119590759277,0.016078900545835495,124,0.4581872820854187,0.7636368274688721,1.8190544843673706,3.970111252516714,8.948566996660773
resnet50_no_weights,CIFAR10,QAT,layer4.1.conv2,-1.9136978387832642,1.7799911499023438,3.693688988685608,0.014485054649412632,132,0.34620988368988037,0.6345775723457336,1.7732391357421875,5.121861677786696,10.668929925739072
resnet50_no_weights,CIFAR10,QAT,layer4.1.conv3,-0.7210114598274231,1.54690682888031,2.267918288707733,0.008893797174096107,81,0.07219894975423813,0.18110565841197968,1.7245136499404907,23.885578056338147,31.412067577542633
resnet50_no_weights,CIFAR10,QAT,layer4.2.conv1,-2.352290153503418,3.227558135986328,5.579848289489746,0.02188175730407238,108,0.4030382037162781,0.7350435256958008,1.551037073135376,3.8483624103963128,13.844464961484704
resnet50_no_weights,CIFAR10,QAT,layer4.2.conv2,-1.4340643882751465,3.4914753437042236,4.92553973197937,0.019315842539072037,74,0.4490554928779602,0.9104129672050476,2.1442818641662598,4.775093275051,10.968666033705514
resnet50_no_weights,CIFAR10,QAT,layer4.2.conv3,-1.330212116241455,2.863386631011963,4.193598747253418,0.01644548587501049,81,0.12034676969051361,0.3210410177707672,3.0817067623138428,25.606892235153694,34.845960203483386
resnet50_no_weights,CIFAR10,QAT,fc,-6.591286659240723,15.451677322387695,22.042963981628418,0.08644299954175949,76,11.9158296585083,14.566407203674316,15.457587242126465,1.2972313036624548,1.8498891485821976
