model,dataset,stage,layer,hessian_trace_fused,delta_w_sq,delta_w_sq_per_param,trh_times_dwsq,fp32_acc,isolated_acc,weight_damage_pts
resnet18_no_weights,CIFAR10,PTQ,conv1,199.2473040989467,0.20959454774856567,0.00012129314105819773,41.761148592739666,84.69,83.79,0.8999999999999915
resnet18_no_weights,CIFAR10,PTQ,layer1.0.conv1,135.80439597681948,0.7561405897140503,2.051162624007298e-05,102.68721605967268,84.69,84.94,-0.25
resnet18_no_weights,CIFAR10,PTQ,layer1.0.conv2,80.34887218475342,1.736379623413086,4.710231183303727e-05,139.51614442582832,84.69,84.81,-0.12000000000000455
resnet18_no_weights,CIFAR10,PTQ,layer1.1.conv1,176.6143580845424,0.41718894243240356,1.1316974349837336e-05,73.68155726766807,84.69,84.45,0.23999999999999488
resnet18_no_weights,CIFAR10,PTQ,layer1.1.conv2,34.157021454402376,2.053152084350586,5.569531478815609e-05,70.12955979431392,84.69,84.36,0.3299999999999983
resnet18_no_weights,CIFAR10,PTQ,layer2.0.conv1,200.413942972819,0.5564993619918823,7.548005669377744e-06,111.53023139865127,84.69,84.63,0.060000000000002274
resnet18_no_weights,CIFAR10,PTQ,layer2.0.conv2,47.69405388832092,4.71184778213501,3.195426284542514e-05,224.72712203471258,84.69,84.48,0.20999999999999375
resnet18_no_weights,CIFAR10,PTQ,layer2.0.downsample.0,20.614185900301543,1.8216651678085327,0.00022237123630475253,37.5521444173091,84.69,84.27,0.4200000000000017
resnet18_no_weights,CIFAR10,PTQ,layer2.1.conv1,132.14743309020997,1.1596461534500122,7.864353796725885e-06,153.24426247135486,84.69,84.47,0.21999999999999886
resnet18_no_weights,CIFAR10,PTQ,layer2.1.conv2,26.777606836954757,4.910769939422607,3.330329006227354e-05,131.4986667045947,84.69,84.7,-0.010000000000005116
resnet18_no_weights,CIFAR10,PTQ,layer3.0.conv1,151.25545692443848,1.6147408485412598,5.475331110776298e-06,244.23836486066375,84.69,84.57,0.12000000000000455
resnet18_no_weights,CIFAR10,PTQ,layer3.0.conv2,42.21270254383917,10.003969192504883,1.696093952179783e-05,422.29457578093957,84.69,84.77,-0.0799999999999983
resnet18_no_weights,CIFAR10,PTQ,layer3.0.downsample.0,10.583319425582886,1.705434799194336,5.2045739721506834e-05,18.049161239378464,84.69,84.52,0.1700000000000017
resnet18_no_weights,CIFAR10,PTQ,layer3.1.conv1,79.9299799601237,4.302940368652344,7.2952954926424554e-06,343.93393743598915,84.69,84.58,0.10999999999999943
resnet18_no_weights,CIFAR10,PTQ,layer3.1.conv2,20.34336135500953,11.071906089782715,1.8771542171533736e-05,225.23978647318037,84.69,84.64,0.04999999999999716
resnet18_no_weights,CIFAR10,PTQ,layer4.0.conv1,58.258108901977536,5.048211097717285,4.27942157127998e-06,294.09923189098515,84.69,84.47,0.21999999999999886
resnet18_no_weights,CIFAR10,PTQ,layer4.0.conv2,74.90457700646442,14.926603317260742,6.326719206602623e-06,1118.0709076227045,84.69,84.71,-0.01999999999999602
resnet18_no_weights,CIFAR10,PTQ,layer4.0.downsample.0,23.89675796031952,6.02484130859375,4.596589133143425e-05,143.97417450079956,84.69,84.63,0.060000000000002274
resnet18_no_weights,CIFAR10,PTQ,layer4.1.conv1,106.80278778076172,10.315802574157715,4.372407096929641e-06,1101.7564731160019,84.69,84.64,0.04999999999999716
resnet18_no_weights,CIFAR10,PTQ,layer4.1.conv2,7.590441094504462,15.525242805480957,6.580455697581379e-06,117.8434409928824,84.69,84.71,-0.01999999999999602
resnet18_no_weights,CIFAR10,PTQ,fc,5.131800732961515,1.96467125415802,0.0003837248543277383,10.082301382116546,84.69,84.96,-0.269999999999996
resnet50_no_weights,CIFAR10,PTQ,conv1,125.56843499077692,0.12864458560943604,7.444709815360882e-05,16.153699285013904,80.56,78.94,1.6200000000000045
resnet50_no_weights,CIFAR10,PTQ,layer1.0.conv1,9.723207892203815,0.8298072218894958,0.0002025896537816152,8.068388128883669,80.56,80.52,0.04000000000000625
resnet50_no_weights,CIFAR10,PTQ,layer1.0.conv2,70.6675028624358,0.5863714218139648,1.5906342822644445e-05,41.43740412948891,80.56,80.59,-0.030000000000001137
resnet50_no_weights,CIFAR10,PTQ,layer1.0.conv3,23.583237274833348,2.934232473373413,0.00017909133748617023,69.19870063908633,80.56,80.46,0.10000000000000853
resnet50_no_weights,CIFAR10,PTQ,layer1.0.downsample.0,26.178875037602012,3.1429171562194824,0.00019182843971066177,82.27803548620531,80.56,80.01,0.5499999999999972
resnet50_no_weights,CIFAR10,PTQ,layer1.1.conv1,27.97500205039978,0.42844146490097046,2.6149991754209623e-05,11.985650859080934,80.56,80.56,0.0
resnet50_no_weights,CIFAR10,PTQ,layer1.1.conv2,62.31956715053983,0.6760720014572144,1.833962677564058e-05,42.132514493412735,80.56,80.63,-0.06999999999999318
resnet50_no_weights,CIFAR10,PTQ,layer1.1.conv3,27.0722758769989,3.1700360774993896,0.00019348364730831236,85.82009123010295,80.56,80.52,0.04000000000000625
resnet50_no_weights,CIFAR10,PTQ,layer1.2.conv1,58.82974202292306,0.35916754603385925,2.1921847292105667e-05,21.12973407617828,80.56,80.49,0.07000000000000739
resnet50_no_weights,CIFAR10,PTQ,layer1.2.conv2,14.924482864992958,0.7813042402267456,2.119423394712309e-05,11.660561745610407,80.56,80.43,0.12999999999999545
resnet50_no_weights,CIFAR10,PTQ,layer1.2.conv3,17.54409255981445,1.8495348691940308,0.00011288664973108098,32.44841093774439,80.56,80.51,0.04999999999999716
resnet50_no_weights,CIFAR10,PTQ,layer2.0.conv1,53.52967922504131,0.3859567940235138,1.1778466614487115e-05,20.660143378804037,80.56,80.43,0.12999999999999545
resnet50_no_weights,CIFAR10,PTQ,layer2.0.conv2,43.0045686412502,1.148950219154358,7.791817349950887e-06,49.41010856500305,80.56,80.28,0.28000000000000114
resnet50_no_weights,CIFAR10,PTQ,layer2.0.conv3,30.201567422775994,3.6423630714416504,5.557804979616776e-05,110.00507388037445,80.56,80.42,0.14000000000000057
resnet50_no_weights,CIFAR10,PTQ,layer2.0.downsample.0,49.13525886535645,2.160994529724121,1.6487079847138375e-05,106.18102562461391,80.56,80.41,0.15000000000000568
resnet50_no_weights,CIFAR10,PTQ,layer2.1.conv1,10.880938561757404,0.6478497982025146,9.885403414955363e-06,7.049213851488494,80.56,80.61,-0.04999999999999716
resnet50_no_weights,CIFAR10,PTQ,layer2.1.conv2,15.530203317341051,1.1354970932006836,7.70058250054717e-06,17.634500723656377,80.56,80.57,-0.009999999999990905
resnet50_no_weights,CIFAR10,PTQ,layer2.1.conv3,9.84283922029578,2.862550735473633,4.36790578532964e-05,28.175626649206404,80.56,80.58,-0.01999999999999602
resnet50_no_weights,CIFAR10,PTQ,layer2.2.conv1,18.025308756992736,0.6133673191070557,9.359242540085688e-06,11.056135308353568,80.56,80.45,0.10999999999999943
resnet50_no_weights,CIFAR10,PTQ,layer2.2.conv2,13.566019654273989,1.1959712505340576,8.110699127428234e-06,16.224569490691668,80.56,80.62,-0.060000000000002274
resnet50_no_weights,CIFAR10,PTQ,layer2.2.conv3,8.48062303148467,1.020018219947815,1.5564242858090438e-05,8.650390008623436,80.56,80.7,-0.14000000000000057
resnet50_no_weights,CIFAR10,PTQ,layer2.3.conv1,44.221316103075374,0.6363118886947632,9.70934888755437e-06,28.138549170116036,80.56,80.49,0.07000000000000739
resnet50_no_weights,CIFAR10,PTQ,layer2.3.conv2,24.302476565043133,1.4045984745025635,9.525543039975068e-06,34.13522150989388,80.56,80.69,-0.12999999999999545
resnet50_no_weights,CIFAR10,PTQ,layer2.3.conv3,12.607732852300009,0.7974762916564941,1.2168522516731173e-05,10.054368041247965,80.56,80.69,-0.12999999999999545
resnet50_no_weights,CIFAR10,PTQ,layer3.0.conv1,59.34945920995764,1.155250072479248,8.813858585199341e-06,68.56346705390773,80.56,80.57,-0.009999999999990905
resnet50_no_weights,CIFAR10,PTQ,layer3.0.conv2,27.388193213421367,3.3941941261291504,5.7545880230868025e-06,92.96084453028506,80.56,80.78,-0.21999999999999886
resnet50_no_weights,CIFAR10,PTQ,layer3.0.conv3,20.54955818918016,2.4758782386779785,9.444725947105326e-06,50.87820393503801,80.56,80.69,-0.12999999999999545
resnet50_no_weights,CIFAR10,PTQ,layer3.0.downsample.0,40.45786872863769,3.7950565814971924,7.23849598216475e-06,153.5399009919659,80.56,80.7,-0.14000000000000057
resnet50_no_weights,CIFAR10,PTQ,layer3.1.conv1,9.839548746744793,1.5029432773590088,5.733273610530887e-06,14.788283641166347,80.56,80.7,-0.14000000000000057
resnet50_no_weights,CIFAR10,PTQ,layer3.1.conv2,8.796604116757711,3.449777126312256,5.848824609226237e-06,30.34632367121498,80.56,80.62,-0.060000000000002274
resnet50_no_weights,CIFAR10,PTQ,layer3.1.conv3,10.770219131752295,1.7438921928405762,6.652420779573731e-06,18.782101059045036,80.56,80.56,0.0
resnet50_no_weights,CIFAR10,PTQ,layer3.2.conv1,9.418274541055002,1.5016052722930908,5.728169526264537e-06,14.14253070675198,80.56,80.64,-0.0799999999999983
resnet50_no_weights,CIFAR10,PTQ,layer3.2.conv2,7.541239870919122,3.8643763065338135,6.5517447688358115e-06,29.142188679067967,80.56,80.62,-0.060000000000002274
resnet50_no_weights,CIFAR10,PTQ,layer3.2.conv3,8.403655008836227,1.730047345161438,6.599606876989128e-06,14.538721037689735,80.56,80.48,0.0799999999999983
resnet50_no_weights,CIFAR10,PTQ,layer3.3.conv1,26.54736691136514,1.4352957010269165,5.475218586070696e-06,38.1033216014666,80.56,80.58,-0.01999999999999602
resnet50_no_weights,CIFAR10,PTQ,layer3.3.conv2,19.884422847202845,3.8470730781555176,6.522408511955291e-06,76.49682781013455,80.56,80.55,0.010000000000005116
resnet50_no_weights,CIFAR10,PTQ,layer3.3.conv3,13.919209872351752,1.8221403360366821,6.95091375746415e-06,25.362753754172125,80.56,80.59,-0.030000000000001137
resnet50_no_weights,CIFAR10,PTQ,layer3.4.conv1,25.857580184936523,1.3179652690887451,5.027638508181553e-06,34.07939262642367,80.56,80.76,-0.20000000000000284
resnet50_no_weights,CIFAR10,PTQ,layer3.4.conv2,10.46152651309967,3.7166619300842285,6.301306711975485e-06,38.88195732180435,80.56,80.38,0.18000000000000682
resnet50_no_weights,CIFAR10,PTQ,layer3.4.conv3,8.31275780060712,1.425818920135498,5.439067535917275e-06,11.85248735060958,80.56,80.48,0.0799999999999983
resnet50_no_weights,CIFAR10,PTQ,layer3.5.conv1,20.54322032928467,1.2490419149398804,4.7647167775721755e-06,25.659343259121602,80.56,80.55,0.010000000000005116
resnet50_no_weights,CIFAR10,PTQ,layer3.5.conv2,8.545442177699162,3.633517265319824,6.16034150071856e-06,31.050011692462142,80.56,80.55,0.010000000000005116
resnet50_no_weights,CIFAR10,PTQ,layer3.5.conv3,7.926660285276525,1.235762357711792,4.714059286925476e-06,9.795468402913745,80.56,80.59,-0.030000000000001137
resnet50_no_weights,CIFAR10,PTQ,layer4.0.conv1,56.24257329992346,2.3019657135009766,4.390651156427339e-06,129.46847537548928,80.56,80.49,0.07000000000000739
resnet50_no_weights,CIFAR10,PTQ,layer4.0.conv2,17.105448325475056,10.155057907104492,4.30427462561056e-06,173.70681827218277,80.56,80.45,0.10999999999999943
resnet50_no_weights,CIFAR10,PTQ,layer4.0.conv3,18.29431047439575,4.445934772491455,4.239973804942565e-06,81.33531107687071,80.56,80.53,0.030000000000001137
resnet50_no_weights,CIFAR10,PTQ,layer4.0.downsample.0,56.31942343711853,8.893184661865234,4.2406009015394375e-06,500.8590326760759,80.56,80.2,0.35999999999999943
resnet50_no_weights,CIFAR10,PTQ,layer4.1.conv1,31.774104527064733,6.117690086364746,5.834283911099192e-06,194.3841242683411,80.56,80.57,-0.009999999999990905
resnet50_no_weights,CIFAR10,PTQ,layer4.1.conv2,82.75253281226524,11.048253059387207,4.682860081730824e-06,914.2709238151497,80.56,80.53,0.030000000000001137
resnet50_no_weights,CIFAR10,PTQ,layer4.1.conv3,21.99975275993347,5.138381481170654,4.900342446489958e-06,113.04312217197514,80.56,80.61,-0.04999999999999716
resnet50_no_weights,CIFAR10,PTQ,layer4.2.conv1,45.08070500691732,5.095481872558594,4.8594301915727556e-06,229.70791516490863,80.56,80.34,0.21999999999999886
resnet50_no_weights,CIFAR10,PTQ,layer4.2.conv2,20.075009085915305,9.913061141967773,4.201703025804211e-06,199.004792494237,80.56,80.61,-0.04999999999999716
resnet50_no_weights,CIFAR10,PTQ,layer4.2.conv3,8.255089434710415,4.508733749389648,4.2998635763069615e-06,37.22000033850876,80.56,80.57,-0.009999999999990905
resnet50_no_weights,CIFAR10,PTQ,fc,4.531977319717408,1.9603662490844727,9.572100825607776e-05,8.884335379190317,80.56,80.45,0.10999999999999943
resnet18_no_weights,CIFAR10,QAT,conv1,166.0897390946098,0.23259574174880981,0.0001346040172157464,38.63176606157706,84.69,90.05,-5.359999999999999
resnet18_no_weights,CIFAR10,QAT,layer1.0.conv1,107.84579833348592,0.7567124366760254,2.052713858170642e-05,81.60825684220336,84.69,89.84,-5.150000000000006
resnet18_no_weights,CIFAR10,QAT,layer1.0.conv2,73.89875631332397,1.7405531406402588,4.721552573351396e-05,128.62471239056518,84.69,89.56,-4.8700000000000045
resnet18_no_weights,CIFAR10,QAT,layer1.1.conv1,108.97890943161984,0.42245107889175415,1.1459718936950796e-05,46.03825786583457,84.69,89.98,-5.290000000000006
resnet18_no_weights,CIFAR10,QAT,layer1.1.conv2,23.904363184264213,2.0505497455596924,5.562472183050381e-05,49.01708584525946,84.69,89.83,-5.140000000000001
resnet18_no_weights,CIFAR10,QAT,layer2.0.conv1,155.11460718615302,0.5602487325668335,7.598859762462477e-06,86.90276207864447,84.69,89.88,-5.189999999999998
resnet18_no_weights,CIFAR10,QAT,layer2.0.conv2,47.38396530151367,4.71138858795166,3.195114873556627e-05,223.24427337344895,84.69,90.06,-5.3700000000000045
resnet18_no_weights,CIFAR10,QAT,layer2.0.downsample.0,17.86911678314209,1.8253289461135864,0.00022281847486738116,32.61701610575335,84.69,89.84,-5.150000000000006
resnet18_no_weights,CIFAR10,QAT,layer2.1.conv1,127.3090551275956,1.1619492769241333,7.879972852404333e-06,147.92666455140434,84.69,89.84,-5.150000000000006
resnet18_no_weights,CIFAR10,QAT,layer2.1.conv2,19.43604874610901,4.907201290130615,3.32790886103693e-05,95.37660348194765,84.69,89.96,-5.269999999999996
resnet18_no_weights,CIFAR10,QAT,layer3.0.conv1,126.0942589896066,1.619551658630371,5.491643807747298e-06,204.21616629038496,84.69,89.8,-5.109999999999999
resnet18_no_weights,CIFAR10,QAT,layer3.0.conv2,42.42491600730202,10.00156021118164,1.6956855284257068e-05,424.315351901355,84.69,89.98,-5.290000000000006
resnet18_no_weights,CIFAR10,QAT,layer3.0.downsample.0,9.569377824664116,1.7075552940368652,5.211045208852738e-05,16.340241765144192,84.69,89.91,-5.219999999999999
resnet18_no_weights,CIFAR10,QAT,layer3.1.conv1,66.62843683603647,4.302252292633057,7.294128914104982e-06,286.6523451323947,84.69,89.71,-5.019999999999996
resnet18_no_weights,CIFAR10,QAT,layer3.1.conv2,17.394766426086427,11.06822395324707,1.8765299399900767e-05,192.52917041834772,84.69,89.84,-5.150000000000006
resnet18_no_weights,CIFAR10,QAT,layer4.0.conv1,44.99495659622492,5.050237655639648,4.281139505716662e-06,227.23522411612666,84.69,89.81,-5.1200000000000045
resnet18_no_weights,CIFAR10,QAT,layer4.0.conv2,65.446478745033,14.923433303833008,6.325375579763204e-06,976.6861605222247,84.69,89.79,-5.1000000000000085
resnet18_no_weights,CIFAR10,QAT,layer4.0.downsample.0,19.772535419464116,6.026165962219238,4.597599763656035e-05,119.15257993154894,84.69,89.74,-5.049999999999997
resnet18_no_weights,CIFAR10,QAT,layer4.1.conv1,79.78577211168077,10.317546844482422,4.3731464150672155e-06,823.1934412854656,84.69,89.75,-5.060000000000002
resnet18_no_weights,CIFAR10,QAT,layer4.1.conv2,6.427111822016099,15.525166511535645,6.580423359991983e-06,99.78198122505917,84.69,89.72,-5.030000000000001
resnet18_no_weights,CIFAR10,QAT,fc,4.45248993113637,1.9481372833251953,0.0003804955631494522,8.674061638476793,84.69,89.93,-5.240000000000009
resnet50_no_weights,CIFAR10,QAT,conv1,112.68647172715929,0.1318042278289795,7.62755948084372e-05,14.852553392770359,80.56,81.91,-1.3499999999999943
resnet50_no_weights,CIFAR10,QAT,layer1.0.conv1,6.0346523858606815,0.8289011120796204,0.00020236843556631356,5.002130073653853,80.56,80.81,-0.25
resnet50_no_weights,CIFAR10,QAT,layer1.0.conv2,54.55577286806974,0.585870623588562,1.589275780133903e-05,31.96262467057197,80.56,80.39,0.1700000000000017
resnet50_no_weights,CIFAR10,QAT,layer1.0.conv3,21.142683074587868,2.9343085289001465,0.00017909597954712808,62.03915526959595,80.56,80.29,0.269999999999996
resnet50_no_weights,CIFAR10,QAT,layer1.0.downsample.0,24.28363213172326,3.145984649658203,0.00019201566465198994,76.39593392434809,80.56,80.4,0.1599999999999966
resnet50_no_weights,CIFAR10,QAT,layer1.1.conv1,24.35558874324217,0.42729300260543823,2.607989517855458e-05,10.406972644323158,80.56,80.44,0.12000000000000455
resnet50_no_weights,CIFAR10,QAT,layer1.1.conv2,59.39872438257391,0.6757228374481201,1.8330155095706385e-05,40.13707458059168,80.56,80.48,0.0799999999999983
resnet50_no_weights,CIFAR10,QAT,layer1.1.conv3,17.75741797855922,3.1699929237365723,0.00019348101341165602,56.290889335865316,80.56,80.36,0.20000000000000284
resnet50_no_weights,CIFAR10,QAT,layer1.2.conv1,48.28805580845586,0.35696473717689514,2.178739850933198e-05,17.23713315044869,80.56,80.2,0.35999999999999943
resnet50_no_weights,CIFAR10,QAT,layer1.2.conv2,12.983213608081524,0.7818417549133301,2.1208814966181915e-05,10.150818511757087,80.56,80.72,-0.1599999999999966
resnet50_no_weights,CIFAR10,QAT,layer1.2.conv3,15.643953460758016,1.8481624126434326,0.00011280288163106889,28.91256677131611,80.56,80.57,-0.009999999999990905
resnet50_no_weights,CIFAR10,QAT,layer2.0.conv1,38.700243268694194,0.38861334323883057,1.1859538062708452e-05,15.0394309208033,80.56,80.78,-0.21999999999999886
resnet50_no_weights,CIFAR10,QAT,layer2.0.conv2,30.12902666393079,1.154247522354126,7.82774198645105e-06,34.77635437778351,80.56,80.89,-0.3299999999999983
resnet50_no_weights,CIFAR10,QAT,layer2.0.conv3,26.59528885389629,3.641273021697998,5.556141695706174e-05,96.84070780795803,80.56,80.9,-0.3400000000000034
resnet50_no_weights,CIFAR10,QAT,layer2.0.downsample.0,44.96725891113281,2.161837577819824,1.6493511793669313e-05,97.21191008564026,80.56,81.01,-0.45000000000000284
resnet50_no_weights,CIFAR10,QAT,layer2.1.conv1,11.432819492676678,0.6482105255126953,9.890907676890492e-06,7.4108739314397365,80.56,80.37,0.18999999999999773
resnet50_no_weights,CIFAR10,QAT,layer2.1.conv2,15.342342641618515,1.1362980604171753,7.706014407126026e-06,17.43347418592684,80.56,80.49,0.07000000000000739
resnet50_no_weights,CIFAR10,QAT,layer2.1.conv3,9.805450874826182,2.8628458976745605,4.368356167105958e-05,28.071494811845564,80.56,80.52,0.04000000000000625
resnet50_no_weights,CIFAR10,QAT,layer2.2.conv1,15.385145902633669,0.6129791140556335,9.353319001093041e-06,9.430773105013047,80.56,80.48,0.0799999999999983
resnet50_no_weights,CIFAR10,QAT,layer2.2.conv2,13.29299546347724,1.1950883865356445,8.104711822751495e-06,15.886304500672656,80.56,80.42,0.14000000000000057
resnet50_no_weights,CIFAR10,QAT,layer2.2.conv3,7.677442818153195,1.0184910297393799,1.5540939784841612e-05,7.819406641626054,80.56,80.45,0.10999999999999943
resnet50_no_weights,CIFAR10,QAT,layer2.3.conv1,29.064296581706063,0.6349867582321167,9.689129001344554e-06,18.455443466714325,80.56,80.52,0.04000000000000625
resnet50_no_weights,CIFAR10,QAT,layer2.3.conv2,17.27966994505662,1.406627893447876,9.539305918022163e-06,24.30606573428957,80.56,80.6,-0.03999999999999204
resnet50_no_weights,CIFAR10,QAT,layer2.3.conv3,9.392936592102052,0.7985683679580688,1.2185186278657056e-05,7.50090204468856,80.56,80.44,0.12000000000000455
resnet50_no_weights,CIFAR10,QAT,layer3.0.conv1,64.48343374562818,1.1553090810775757,8.814308785076719e-06,74.49829658538842,80.56,80.66,-0.09999999999999432
resnet50_no_weights,CIFAR10,QAT,layer3.0.conv2,22.71619954109192,3.394153594970703,5.754519305709336e-06,77.10227033646898,80.56,80.83,-0.269999999999996
resnet50_no_weights,CIFAR10,QAT,layer3.0.conv3,16.064909594399587,2.4795455932617188,9.458715794607997e-06,39.833675790941406,80.56,80.7,-0.14000000000000057
resnet50_no_weights,CIFAR10,QAT,layer3.0.downsample.0,34.26122084530917,3.7964367866516113,7.241128514579032e-06,130.07055917272675,80.56,80.71,-0.14999999999999147
resnet50_no_weights,CIFAR10,QAT,layer3.1.conv1,6.467492173699772,1.502410650253296,5.731241799367126e-06,9.716829122196376,80.56,80.55,0.010000000000005116
resnet50_no_weights,CIFAR10,QAT,layer3.1.conv2,6.44866941525386,3.4501187801361084,5.8494038562963e-06,22.24867545645668,80.56,80.67,-0.10999999999999943
resnet50_no_weights,CIFAR10,QAT,layer3.1.conv3,5.535460543632508,1.7463637590408325,6.66184905639966e-06,9.666927683000278,80.56,80.53,0.030000000000001137
resnet50_no_weights,CIFAR10,QAT,layer3.2.conv1,7.361612569718134,1.5020999908447266,5.730056727770716e-06,11.057878173576032,80.56,80.5,0.060000000000002274
resnet50_no_weights,CIFAR10,QAT,layer3.2.conv2,5.7673515906700725,3.865156412124634,6.553067376242123e-06,22.29171598165564,80.56,80.57,-0.009999999999990905
resnet50_no_weights,CIFAR10,QAT,layer3.2.conv3,6.126178413629532,1.7313040494918823,6.604400823562173e-06,10.606277495426564,80.56,80.42,0.14000000000000057
resnet50_no_weights,CIFAR10,QAT,layer3.3.conv1,22.297637358955715,1.4368258714675903,5.4810557230666745e-06,32.037822229949846,80.56,80.49,0.07000000000000739
resnet50_no_weights,CIFAR10,QAT,layer3.3.conv2,14.470772399902344,3.8485891819000244,6.524978946092435e-06,55.69205811200162,80.56,80.46,0.10000000000000853
resnet50_no_weights,CIFAR10,QAT,layer3.3.conv3,10.73534597669329,1.8233706951141357,6.955607204872649e-06,19.574515255813985,80.56,80.45,0.10999999999999943
resnet50_no_weights,CIFAR10,QAT,layer3.4.conv1,19.055760561033736,1.3184945583343506,5.029657586419489e-06,25.124916604645314,80.56,80.64,-0.0799999999999983
resnet50_no_weights,CIFAR10,QAT,layer3.4.conv2,9.17020650620156,3.714571475982666,6.297762512177643e-06,34.06338751680697,80.56,80.47,0.09000000000000341
resnet50_no_weights,CIFAR10,QAT,layer3.4.conv3,7.855413556098938,1.4257686138153076,5.4388756325352006e-06,11.200002096825159,80.56,80.44,0.12000000000000455
resnet50_no_weights,CIFAR10,QAT,layer3.5.conv1,28.678074916203816,1.2493488788604736,4.765887752000708e-06,35.828920744435905,80.56,80.64,-0.0799999999999983
resnet50_no_weights,CIFAR10,QAT,layer3.5.conv2,7.240893244743347,3.634463310241699,6.161945445152621e-06,26.316760831396664,80.56,80.63,-0.06999999999999318
resnet50_no_weights,CIFAR10,QAT,layer3.5.conv3,6.40905882914861,1.235865831375122,4.7144540076260455e-06,7.920736818217813,80.56,80.51,0.04999999999999716
resnet50_no_weights,CIFAR10,QAT,layer4.0.conv1,39.985557205823,2.302006244659424,4.390728463476989e-06,92.04700238399117,80.56,80.41,0.15000000000000568
resnet50_no_weights,CIFAR10,QAT,layer4.0.conv2,10.850006272715907,10.15643310546875,4.30485751065943e-06,110.19736290275544,80.56,80.53,0.030000000000001137
resnet50_no_weights,CIFAR10,QAT,layer4.0.conv3,8.31607076856825,4.448163032531738,4.2420988393132575e-06,36.99123856866309,80.56,80.43,0.12999999999999545
resnet50_no_weights,CIFAR10,QAT,layer4.0.downsample.0,44.81368269743743,8.89555549621582,4.241731403453741e-06,398.6426014248613,80.56,80.96,-0.3999999999999915
resnet50_no_weights,CIFAR10,QAT,layer4.1.conv1,26.21326413835798,6.114408016204834,5.83115388508304e-06,160.27859237847073,80.56,80.55,0.010000000000005116
resnet50_no_weights,CIFAR10,QAT,layer4.1.conv2,64.99090853604403,11.048345565795898,4.682899291057967e-06,718.0420161412488,80.56,80.53,0.030000000000001137
resnet50_no_weights,CIFAR10,QAT,layer4.1.conv3,19.697840881347656,5.140997886657715,4.902837645204272e-06,101.26655834272823,80.56,80.43,0.12999999999999545
resnet50_no_weights,CIFAR10,QAT,layer4.2.conv1,51.640374546959286,5.094993591308594,4.858964530285448e-06,263.10737736953297,80.56,80.45,0.10999999999999943
resnet50_no_weights,CIFAR10,QAT,layer4.2.conv2,16.901894187927248,9.914164543151855,4.202170708190857e-06,167.56816007005273,80.56,80.39,0.1700000000000017
resnet50_no_weights,CIFAR10,QAT,layer4.2.conv3,7.371532256262643,4.510019302368164,4.301089575164951e-06,33.245752763774064,80.56,80.37,0.18999999999999773
resnet50_no_weights,CIFAR10,QAT,fc,5.162754283709959,1.9776588678359985,9.656537440605462e-05,10.21016679163729,80.56,80.79,-0.23000000000000398
