model,dataset,stage,layer,eigenvalue
cnn,IMAGENET100,FP32,conv1.weight,14.364880561828613
cnn,IMAGENET100,FP32,conv2.weight,48.2864273071289
cnn,IMAGENET100,FP32,conv3.weight,109.21824798583984
cnn,IMAGENET100,FP32,conv4.weight,8.387295532226563
cnn,IMAGENET100,FP32,fc1.weight,1.16524795293808
cnn,IMAGENET100,FP32,fc2.weight,1.197248673439026
cnn,IMAGENET100,PTQ,conv1.weight,305.26939697265624
cnn,IMAGENET100,PTQ,conv2.weight,451.9958251953125
cnn,IMAGENET100,PTQ,conv3.weight,371.9895324707031
cnn,IMAGENET100,PTQ,conv4.weight,1.138936185836792
cnn,IMAGENET100,PTQ,fc1.weight,4.895643997192383
cnn,IMAGENET100,PTQ,fc2.weight,5.53334493637085
cnn,IMAGENET100,QAT,conv1.weight,29.724187469482423
cnn,IMAGENET100,QAT,conv2.weight,80.63719024658204
cnn,IMAGENET100,QAT,conv3.weight,124.943994140625
cnn,IMAGENET100,QAT,conv4.weight,0.4756424784660339
cnn,IMAGENET100,QAT,fc1.weight,0.6888527631759643
cnn,IMAGENET100,QAT,fc2.weight,0.9499840915203095
resnet18_no_weights,IMAGENET100,FP32,conv1.weight,75.13402099609375
resnet18_no_weights,IMAGENET100,FP32,layer1.0.conv1.weight,38.52967910766601
resnet18_no_weights,IMAGENET100,FP32,layer1.0.conv2.weight,10.002801513671875
resnet18_no_weights,IMAGENET100,FP32,layer1.1.conv1.weight,18.001477813720705
resnet18_no_weights,IMAGENET100,FP32,layer1.1.conv2.weight,12.502827644348145
resnet18_no_weights,IMAGENET100,FP32,layer2.0.conv1.weight,64.2060157775879
resnet18_no_weights,IMAGENET100,FP32,layer2.0.conv2.weight,18.75491943359375
resnet18_no_weights,IMAGENET100,FP32,layer2.0.downsample.0.weight,34.42894649505615
resnet18_no_weights,IMAGENET100,FP32,layer2.1.conv1.weight,11.32220001220703
resnet18_no_weights,IMAGENET100,FP32,layer2.1.conv2.weight,9.674160861968994
resnet18_no_weights,IMAGENET100,FP32,layer3.0.conv1.weight,19.003528594970703
resnet18_no_weights,IMAGENET100,FP32,layer3.0.conv2.weight,10.704684352874756
resnet18_no_weights,IMAGENET100,FP32,layer3.0.downsample.0.weight,3.0410298228263857
resnet18_no_weights,IMAGENET100,FP32,layer3.1.conv1.weight,3.7370996475219727
resnet18_no_weights,IMAGENET100,FP32,layer3.1.conv2.weight,1.6464279055595399
resnet18_no_weights,IMAGENET100,FP32,layer4.0.conv1.weight,9.347619593143463
resnet18_no_weights,IMAGENET100,FP32,layer4.0.conv2.weight,7.4771898746490475
resnet18_no_weights,IMAGENET100,FP32,layer4.0.downsample.0.weight,2.5908706724643706
resnet18_no_weights,IMAGENET100,FP32,layer4.1.conv1.weight,4.1597686290740965
resnet18_no_weights,IMAGENET100,FP32,layer4.1.conv2.weight,2.1132127165794374
resnet18_no_weights,IMAGENET100,FP32,fc.weight,0.8524852901697159
resnet18_no_weights,IMAGENET100,PTQ,conv1.weight,2712.5361572265624
resnet18_no_weights,IMAGENET100,PTQ,layer1.0.conv1.weight,286.17116394042966
resnet18_no_weights,IMAGENET100,PTQ,layer1.0.conv2.weight,36.1553539276123
resnet18_no_weights,IMAGENET100,PTQ,layer1.1.conv1.weight,107.30925750732422
resnet18_no_weights,IMAGENET100,PTQ,layer1.1.conv2.weight,16.81935520172119
resnet18_no_weights,IMAGENET100,PTQ,layer2.0.conv1.weight,418.8256591796875
resnet18_no_weights,IMAGENET100,PTQ,layer2.0.conv2.weight,8.20758581161499
resnet18_no_weights,IMAGENET100,PTQ,layer2.0.downsample.0.weight,34.02425422668457
resnet18_no_weights,IMAGENET100,PTQ,layer2.1.conv1.weight,28.555305099487306
resnet18_no_weights,IMAGENET100,PTQ,layer2.1.conv2.weight,9.042399406433105
resnet18_no_weights,IMAGENET100,PTQ,layer3.0.conv1.weight,55.3974006652832
resnet18_no_weights,IMAGENET100,PTQ,layer3.0.conv2.weight,11.57761459350586
resnet18_no_weights,IMAGENET100,PTQ,layer3.0.downsample.0.weight,4.356194615364075
resnet18_no_weights,IMAGENET100,PTQ,layer3.1.conv1.weight,11.16675033569336
resnet18_no_weights,IMAGENET100,PTQ,layer3.1.conv2.weight,2.085813570022583
resnet18_no_weights,IMAGENET100,PTQ,layer4.0.conv1.weight,14.89874725341797
resnet18_no_weights,IMAGENET100,PTQ,layer4.0.conv2.weight,3.0806866765022276
resnet18_no_weights,IMAGENET100,PTQ,layer4.0.downsample.0.weight,2.7887646317481996
resnet18_no_weights,IMAGENET100,PTQ,layer4.1.conv1.weight,12.922485446929931
resnet18_no_weights,IMAGENET100,PTQ,layer4.1.conv2.weight,0.0230793371796608
resnet18_no_weights,IMAGENET100,PTQ,fc.weight,1.5011393785476685
resnet18_no_weights,IMAGENET100,QAT,conv1.weight,200.1289840698242
resnet18_no_weights,IMAGENET100,QAT,layer1.0.conv1.weight,33.39920539855957
resnet18_no_weights,IMAGENET100,QAT,layer1.0.conv2.weight,3.8461926937103272
resnet18_no_weights,IMAGENET100,QAT,layer1.1.conv1.weight,22.364302825927734
resnet18_no_weights,IMAGENET100,QAT,layer1.1.conv2.weight,2.0119083881378175
resnet18_no_weights,IMAGENET100,QAT,layer2.0.conv1.weight,146.35982360839844
resnet18_no_weights,IMAGENET100,QAT,layer2.0.conv2.weight,2.757211458683014
resnet18_no_weights,IMAGENET100,QAT,layer2.0.downsample.0.weight,7.809802913665772
resnet18_no_weights,IMAGENET100,QAT,layer2.1.conv1.weight,6.459423923492432
resnet18_no_weights,IMAGENET100,QAT,layer2.1.conv2.weight,1.9806404948234557
resnet18_no_weights,IMAGENET100,QAT,layer3.0.conv1.weight,13.097389316558838
resnet18_no_weights,IMAGENET100,QAT,layer3.0.conv2.weight,3.092219519615173
resnet18_no_weights,IMAGENET100,QAT,layer3.0.downsample.0.weight,1.2337086766958236
resnet18_no_weights,IMAGENET100,QAT,layer3.1.conv1.weight,1.6112344801425933
resnet18_no_weights,IMAGENET100,QAT,layer3.1.conv2.weight,1.6474382877349854
resnet18_no_weights,IMAGENET100,QAT,layer4.0.conv1.weight,1.7475877761840821
resnet18_no_weights,IMAGENET100,QAT,layer4.0.conv2.weight,0.301732487231493
resnet18_no_weights,IMAGENET100,QAT,layer4.0.downsample.0.weight,0.21251582652330397
resnet18_no_weights,IMAGENET100,QAT,layer4.1.conv1.weight,0.7889031678438186
resnet18_no_weights,IMAGENET100,QAT,layer4.1.conv2.weight,0.004120594664709642
resnet18_no_weights,IMAGENET100,QAT,fc.weight,0.61763237118721
resnet50_no_weights,IMAGENET100,FP32,conv1.weight,112.59550170898437
resnet50_no_weights,IMAGENET100,FP32,layer1.0.conv1.weight,43.91149063110352
resnet50_no_weights,IMAGENET100,FP32,layer1.0.conv2.weight,17.02011013031006
resnet50_no_weights,IMAGENET100,FP32,layer1.0.conv3.weight,19.97766246795654
resnet50_no_weights,IMAGENET100,FP32,layer1.0.downsample.0.weight,17.549608993530274
resnet50_no_weights,IMAGENET100,FP32,layer1.1.conv1.weight,0.389894625544548
resnet50_no_weights,IMAGENET100,FP32,layer1.1.conv2.weight,20.913341331481934
resnet50_no_weights,IMAGENET100,FP32,layer1.1.conv3.weight,8.458175468444825
resnet50_no_weights,IMAGENET100,FP32,layer1.2.conv1.weight,1.9461594820022583
resnet50_no_weights,IMAGENET100,FP32,layer1.2.conv2.weight,18.828869247436522
resnet50_no_weights,IMAGENET100,FP32,layer1.2.conv3.weight,16.407618904113768
resnet50_no_weights,IMAGENET100,FP32,layer2.0.conv1.weight,6.018270015716553
resnet50_no_weights,IMAGENET100,FP32,layer2.0.conv2.weight,23.571590423583984
resnet50_no_weights,IMAGENET100,FP32,layer2.0.conv3.weight,5.579024457931519
resnet50_no_weights,IMAGENET100,FP32,layer2.0.downsample.0.weight,6.987393188476562
resnet50_no_weights,IMAGENET100,FP32,layer2.1.conv1.weight,1.2438168048858642
resnet50_no_weights,IMAGENET100,FP32,layer2.1.conv2.weight,12.456784725189209
resnet50_no_weights,IMAGENET100,FP32,layer2.1.conv3.weight,2.266666030883789
resnet50_no_weights,IMAGENET100,FP32,layer2.2.conv1.weight,2.7457741498947144
resnet50_no_weights,IMAGENET100,FP32,layer2.2.conv2.weight,11.513283824920654
resnet50_no_weights,IMAGENET100,FP32,layer2.2.conv3.weight,2.730893039703369
resnet50_no_weights,IMAGENET100,FP32,layer2.3.conv1.weight,4.139510202407837
resnet50_no_weights,IMAGENET100,FP32,layer2.3.conv2.weight,5.631570720672608
resnet50_no_weights,IMAGENET100,FP32,layer2.3.conv3.weight,1.9596346616744995
resnet50_no_weights,IMAGENET100,FP32,layer3.0.conv1.weight,25.407370376586915
resnet50_no_weights,IMAGENET100,FP32,layer3.0.conv2.weight,4.762138748168946
resnet50_no_weights,IMAGENET100,FP32,layer3.0.conv3.weight,3.1380719900131226
resnet50_no_weights,IMAGENET100,FP32,layer3.0.downsample.0.weight,10.601808452606202
resnet50_no_weights,IMAGENET100,FP32,layer3.1.conv1.weight,0.872247862815857
resnet50_no_weights,IMAGENET100,FP32,layer3.1.conv2.weight,10.644543361663818
resnet50_no_weights,IMAGENET100,FP32,layer3.1.conv3.weight,3.4006187915802
resnet50_no_weights,IMAGENET100,FP32,layer3.2.conv1.weight,1.1263708114624023
resnet50_no_weights,IMAGENET100,FP32,layer3.2.conv2.weight,5.302961444854736
resnet50_no_weights,IMAGENET100,FP32,layer3.2.conv3.weight,2.901611065864563
resnet50_no_weights,IMAGENET100,FP32,layer3.3.conv1.weight,1.205532705783844
resnet50_no_weights,IMAGENET100,FP32,layer3.3.conv2.weight,3.743873119354248
resnet50_no_weights,IMAGENET100,FP32,layer3.3.conv3.weight,2.2697129249572754
resnet50_no_weights,IMAGENET100,FP32,layer3.4.conv1.weight,1.8121116161346436
resnet50_no_weights,IMAGENET100,FP32,layer3.4.conv2.weight,1.7616177320480346
resnet50_no_weights,IMAGENET100,FP32,layer3.4.conv3.weight,1.4696649074554444
resnet50_no_weights,IMAGENET100,FP32,layer3.5.conv1.weight,1.8286942481994628
resnet50_no_weights,IMAGENET100,FP32,layer3.5.conv2.weight,2.9244855403900147
resnet50_no_weights,IMAGENET100,FP32,layer3.5.conv3.weight,2.2750685453414916
resnet50_no_weights,IMAGENET100,FP32,layer4.0.conv1.weight,9.423059558868408
resnet50_no_weights,IMAGENET100,FP32,layer4.0.conv2.weight,2.633370208740234
resnet50_no_weights,IMAGENET100,FP32,layer4.0.conv3.weight,6.942825138568878
resnet50_no_weights,IMAGENET100,FP32,layer4.0.downsample.0.weight,5.659909725189209
resnet50_no_weights,IMAGENET100,FP32,layer4.1.conv1.weight,1.6300850987434388
resnet50_no_weights,IMAGENET100,FP32,layer4.1.conv2.weight,4.079484605789185
resnet50_no_weights,IMAGENET100,FP32,layer4.1.conv3.weight,1.9122148036956788
resnet50_no_weights,IMAGENET100,FP32,layer4.2.conv1.weight,4.663755297660828
resnet50_no_weights,IMAGENET100,FP32,layer4.2.conv2.weight,4.177561831474304
resnet50_no_weights,IMAGENET100,FP32,layer4.2.conv3.weight,1.1758140981197358
resnet50_no_weights,IMAGENET100,FP32,fc.weight,0.987624927610159
resnet50_no_weights,IMAGENET100,PTQ,conv1.weight,1772.3019287109375
resnet50_no_weights,IMAGENET100,PTQ,layer1.0.conv1.weight,45.03248329162598
resnet50_no_weights,IMAGENET100,PTQ,layer1.0.conv2.weight,52.1468391418457
resnet50_no_weights,IMAGENET100,PTQ,layer1.0.conv3.weight,37.522979736328125
resnet50_no_weights,IMAGENET100,PTQ,layer1.0.downsample.0.weight,68.50484771728516
resnet50_no_weights,IMAGENET100,PTQ,layer1.1.conv1.weight,110.01453704833985
resnet50_no_weights,IMAGENET100,PTQ,layer1.1.conv2.weight,30.10011215209961
resnet50_no_weights,IMAGENET100,PTQ,layer1.1.conv3.weight,117.86921539306641
resnet50_no_weights,IMAGENET100,PTQ,layer1.2.conv1.weight,81.50755920410157
resnet50_no_weights,IMAGENET100,PTQ,layer1.2.conv2.weight,31.22254524230957
resnet50_no_weights,IMAGENET100,PTQ,layer1.2.conv3.weight,23.446849060058593
resnet50_no_weights,IMAGENET100,PTQ,layer2.0.conv1.weight,16.486578369140624
resnet50_no_weights,IMAGENET100,PTQ,layer2.0.conv2.weight,43.32758331298828
resnet50_no_weights,IMAGENET100,PTQ,layer2.0.conv3.weight,30.089028930664064
resnet50_no_weights,IMAGENET100,PTQ,layer2.0.downsample.0.weight,26.631279373168944
resnet50_no_weights,IMAGENET100,PTQ,layer2.1.conv1.weight,14.010141754150391
resnet50_no_weights,IMAGENET100,PTQ,layer2.1.conv2.weight,14.24315128326416
resnet50_no_weights,IMAGENET100,PTQ,layer2.1.conv3.weight,7.094617462158203
resnet50_no_weights,IMAGENET100,PTQ,layer2.2.conv1.weight,2.749066781997681
resnet50_no_weights,IMAGENET100,PTQ,layer2.2.conv2.weight,3.732263278961182
resnet50_no_weights,IMAGENET100,PTQ,layer2.2.conv3.weight,7.418467044830322
resnet50_no_weights,IMAGENET100,PTQ,layer2.3.conv1.weight,4.581796503067016
resnet50_no_weights,IMAGENET100,PTQ,layer2.3.conv2.weight,2.5048805236816407
resnet50_no_weights,IMAGENET100,PTQ,layer2.3.conv3.weight,4.780009078979492
resnet50_no_weights,IMAGENET100,PTQ,layer3.0.conv1.weight,45.09281539916992
resnet50_no_weights,IMAGENET100,PTQ,layer3.0.conv2.weight,11.924588775634765
resnet50_no_weights,IMAGENET100,PTQ,layer3.0.conv3.weight,12.793359565734864
resnet50_no_weights,IMAGENET100,PTQ,layer3.0.downsample.0.weight,16.145245361328126
resnet50_no_weights,IMAGENET100,PTQ,layer3.1.conv1.weight,4.367636728286743
resnet50_no_weights,IMAGENET100,PTQ,layer3.1.conv2.weight,11.170455932617188
resnet50_no_weights,IMAGENET100,PTQ,layer3.1.conv3.weight,6.768317127227784
resnet50_no_weights,IMAGENET100,PTQ,layer3.2.conv1.weight,18.073958015441896
resnet50_no_weights,IMAGENET100,PTQ,layer3.2.conv2.weight,11.820790100097657
resnet50_no_weights,IMAGENET100,PTQ,layer3.2.conv3.weight,40.474273681640625
resnet50_no_weights,IMAGENET100,PTQ,layer3.3.conv1.weight,6.34306001663208
resnet50_no_weights,IMAGENET100,PTQ,layer3.3.conv2.weight,3.671886110305786
resnet50_no_weights,IMAGENET100,PTQ,layer3.3.conv3.weight,8.948640727996827
resnet50_no_weights,IMAGENET100,PTQ,layer3.4.conv1.weight,3.4441980361938476
resnet50_no_weights,IMAGENET100,PTQ,layer3.4.conv2.weight,1.7032936096191407
resnet50_no_weights,IMAGENET100,PTQ,layer3.4.conv3.weight,6.784965896606446
resnet50_no_weights,IMAGENET100,PTQ,layer3.5.conv1.weight,11.670613861083984
resnet50_no_weights,IMAGENET100,PTQ,layer3.5.conv2.weight,4.510489273071289
resnet50_no_weights,IMAGENET100,PTQ,layer3.5.conv3.weight,6.5201647758483885
resnet50_no_weights,IMAGENET100,PTQ,layer4.0.conv1.weight,13.952676582336426
resnet50_no_weights,IMAGENET100,PTQ,layer4.0.conv2.weight,3.636649656295776
resnet50_no_weights,IMAGENET100,PTQ,layer4.0.conv3.weight,22.122853088378907
resnet50_no_weights,IMAGENET100,PTQ,layer4.0.downsample.0.weight,3.4424551725387573
resnet50_no_weights,IMAGENET100,PTQ,layer4.1.conv1.weight,2.7604747772216798
resnet50_no_weights,IMAGENET100,PTQ,layer4.1.conv2.weight,5.318070888519287
resnet50_no_weights,IMAGENET100,PTQ,layer4.1.conv3.weight,12.604028034210206
resnet50_no_weights,IMAGENET100,PTQ,layer4.2.conv1.weight,2.1495192646980286
resnet50_no_weights,IMAGENET100,PTQ,layer4.2.conv2.weight,3.155032014846802
resnet50_no_weights,IMAGENET100,PTQ,layer4.2.conv3.weight,5.801314163208008
resnet50_no_weights,IMAGENET100,PTQ,fc.weight,1.1333867251873015
resnet50_no_weights,IMAGENET100,QAT,conv1.weight,497.1592529296875
resnet50_no_weights,IMAGENET100,QAT,layer1.0.conv1.weight,16.805882263183594
resnet50_no_weights,IMAGENET100,QAT,layer1.0.conv2.weight,11.403558921813964
resnet50_no_weights,IMAGENET100,QAT,layer1.0.conv3.weight,6.0823276996612545
resnet50_no_weights,IMAGENET100,QAT,layer1.0.downsample.0.weight,3.746746778488159
resnet50_no_weights,IMAGENET100,QAT,layer1.1.conv1.weight,0.7261373162269592
resnet50_no_weights,IMAGENET100,QAT,layer1.1.conv2.weight,0.46706256866455076
resnet50_no_weights,IMAGENET100,QAT,layer1.1.conv3.weight,1.6013137221336364
resnet50_no_weights,IMAGENET100,QAT,layer1.2.conv1.weight,5.696601390838623
resnet50_no_weights,IMAGENET100,QAT,layer1.2.conv2.weight,5.0877758979797365
resnet50_no_weights,IMAGENET100,QAT,layer1.2.conv3.weight,6.304004907608032
resnet50_no_weights,IMAGENET100,QAT,layer2.0.conv1.weight,2.2954863548278808
resnet50_no_weights,IMAGENET100,QAT,layer2.0.conv2.weight,7.0112310409545895
resnet50_no_weights,IMAGENET100,QAT,layer2.0.conv3.weight,2.0182565212249757
resnet50_no_weights,IMAGENET100,QAT,layer2.0.downsample.0.weight,4.4055805683135985
resnet50_no_weights,IMAGENET100,QAT,layer2.1.conv1.weight,1.3534787058830262
resnet50_no_weights,IMAGENET100,QAT,layer2.1.conv2.weight,2.932935953140259
resnet50_no_weights,IMAGENET100,QAT,layer2.1.conv3.weight,1.3791688323020934
resnet50_no_weights,IMAGENET100,QAT,layer2.2.conv1.weight,0.9466829180717469
resnet50_no_weights,IMAGENET100,QAT,layer2.2.conv2.weight,1.251310396194458
resnet50_no_weights,IMAGENET100,QAT,layer2.2.conv3.weight,1.3904136538505554
resnet50_no_weights,IMAGENET100,QAT,layer2.3.conv1.weight,0.5655120790004731
resnet50_no_weights,IMAGENET100,QAT,layer2.3.conv2.weight,0.940287458896637
resnet50_no_weights,IMAGENET100,QAT,layer2.3.conv3.weight,0.9927899956703186
resnet50_no_weights,IMAGENET100,QAT,layer3.0.conv1.weight,5.018929576873779
resnet50_no_weights,IMAGENET100,QAT,layer3.0.conv2.weight,1.231765592098236
resnet50_no_weights,IMAGENET100,QAT,layer3.0.conv3.weight,1.4623716533184052
resnet50_no_weights,IMAGENET100,QAT,layer3.0.downsample.0.weight,2.3448997855186464
resnet50_no_weights,IMAGENET100,QAT,layer3.1.conv1.weight,0.5937810465693474
resnet50_no_weights,IMAGENET100,QAT,layer3.1.conv2.weight,5.681355142593384
resnet50_no_weights,IMAGENET100,QAT,layer3.1.conv3.weight,3.7189049243927004
resnet50_no_weights,IMAGENET100,QAT,layer3.2.conv1.weight,1.0390047430992126
resnet50_no_weights,IMAGENET100,QAT,layer3.2.conv2.weight,2.229371190071106
resnet50_no_weights,IMAGENET100,QAT,layer3.2.conv3.weight,2.1566674947738647
resnet50_no_weights,IMAGENET100,QAT,layer3.3.conv1.weight,0.6615918576717377
resnet50_no_weights,IMAGENET100,QAT,layer3.3.conv2.weight,1.008089792728424
resnet50_no_weights,IMAGENET100,QAT,layer3.3.conv3.weight,1.3669834375381469
resnet50_no_weights,IMAGENET100,QAT,layer3.4.conv1.weight,0.7382713973522186
resnet50_no_weights,IMAGENET100,QAT,layer3.4.conv2.weight,0.4461004376411438
resnet50_no_weights,IMAGENET100,QAT,layer3.4.conv3.weight,0.5750299990177155
resnet50_no_weights,IMAGENET100,QAT,layer3.5.conv1.weight,0.4136008948087692
resnet50_no_weights,IMAGENET100,QAT,layer3.5.conv2.weight,0.3765570282936096
resnet50_no_weights,IMAGENET100,QAT,layer3.5.conv3.weight,1.222547858953476
resnet50_no_weights,IMAGENET100,QAT,layer4.0.conv1.weight,0.9177010118961334
resnet50_no_weights,IMAGENET100,QAT,layer4.0.conv2.weight,0.4347731530666351
resnet50_no_weights,IMAGENET100,QAT,layer4.0.conv3.weight,1.1320438265800477
resnet50_no_weights,IMAGENET100,QAT,layer4.0.downsample.0.weight,0.89465312063694
resnet50_no_weights,IMAGENET100,QAT,layer4.1.conv1.weight,0.3157870382070541
resnet50_no_weights,IMAGENET100,QAT,layer4.1.conv2.weight,0.7395992875099182
resnet50_no_weights,IMAGENET100,QAT,layer4.1.conv3.weight,0.8660615086555481
resnet50_no_weights,IMAGENET100,QAT,layer4.2.conv1.weight,0.5451544523239136
resnet50_no_weights,IMAGENET100,QAT,layer4.2.conv2.weight,0.9038136556744576
resnet50_no_weights,IMAGENET100,QAT,layer4.2.conv3.weight,1.3104885935783386
resnet50_no_weights,IMAGENET100,QAT,fc.weight,0.6015447974205017
cnn,CIFAR10,FP32,conv1.weight,9.596718692779541
cnn,CIFAR10,FP32,conv2.weight,18.31414031982422
cnn,CIFAR10,FP32,conv3.weight,14.34957504272461
cnn,CIFAR10,FP32,conv4.weight,3.2000062465667725
cnn,CIFAR10,FP32,fc1.weight,0.4002858102321625
cnn,CIFAR10,FP32,fc2.weight,0.7402775049209595
cnn,CIFAR10,PTQ,conv1.weight,83.86427688598633
cnn,CIFAR10,PTQ,conv2.weight,154.38540344238282
cnn,CIFAR10,PTQ,conv3.weight,36.78628082275391
cnn,CIFAR10,PTQ,conv4.weight,2.2144102573394777
cnn,CIFAR10,PTQ,fc1.weight,0.9970945715904236
cnn,CIFAR10,PTQ,fc2.weight,0.7538365721702576
cnn,CIFAR10,QAT,conv1.weight,33.1256908416748
cnn,CIFAR10,QAT,conv2.weight,64.11879692077636
cnn,CIFAR10,QAT,conv3.weight,13.430316734313966
cnn,CIFAR10,QAT,conv4.weight,0.6334402918815613
cnn,CIFAR10,QAT,fc1.weight,0.27741560637950896
cnn,CIFAR10,QAT,fc2.weight,0.7609630703926087
resnet18_no_weights,CIFAR10,FP32,conv1.weight,2.521176266670227
resnet18_no_weights,CIFAR10,FP32,layer1.0.conv1.weight,8.902926445007324
resnet18_no_weights,CIFAR10,FP32,layer1.0.conv2.weight,9.553714179992676
resnet18_no_weights,CIFAR10,FP32,layer1.1.conv1.weight,6.397337818145752
resnet18_no_weights,CIFAR10,FP32,layer1.1.conv2.weight,4.6125514030456545
resnet18_no_weights,CIFAR10,FP32,layer2.0.conv1.weight,10.046695327758789
resnet18_no_weights,CIFAR10,FP32,layer2.0.conv2.weight,7.892177581787109
resnet18_no_weights,CIFAR10,FP32,layer2.0.downsample.0.weight,6.670991706848144
resnet18_no_weights,CIFAR10,FP32,layer2.1.conv1.weight,6.810599613189697
resnet18_no_weights,CIFAR10,FP32,layer2.1.conv2.weight,4.8006141662597654
resnet18_no_weights,CIFAR10,FP32,layer3.0.conv1.weight,6.40502700805664
resnet18_no_weights,CIFAR10,FP32,layer3.0.conv2.weight,4.503456687927246
resnet18_no_weights,CIFAR10,FP32,layer3.0.downsample.0.weight,1.6979223251342774
resnet18_no_weights,CIFAR10,FP32,layer3.1.conv1.weight,1.9091909646987915
resnet18_no_weights,CIFAR10,FP32,layer3.1.conv2.weight,2.4248368978500365
resnet18_no_weights,CIFAR10,FP32,layer4.0.conv1.weight,2.4745219945907593
resnet18_no_weights,CIFAR10,FP32,layer4.0.conv2.weight,3.044156074523926
resnet18_no_weights,CIFAR10,FP32,layer4.0.downsample.0.weight,2.2193344593048097
resnet18_no_weights,CIFAR10,FP32,layer4.1.conv1.weight,5.267673635482788
resnet18_no_weights,CIFAR10,FP32,layer4.1.conv2.weight,2.7587957859039305
resnet18_no_weights,CIFAR10,FP32,fc.weight,1.0350172519683838
resnet18_no_weights,CIFAR10,PTQ,conv1.weight,20.674739265441893
resnet18_no_weights,CIFAR10,PTQ,layer1.0.conv1.weight,22.412893867492677
resnet18_no_weights,CIFAR10,PTQ,layer1.0.conv2.weight,9.880991458892822
resnet18_no_weights,CIFAR10,PTQ,layer1.1.conv1.weight,33.88451805114746
resnet18_no_weights,CIFAR10,PTQ,layer1.1.conv2.weight,3.705646848678589
resnet18_no_weights,CIFAR10,PTQ,layer2.0.conv1.weight,23.543237113952635
resnet18_no_weights,CIFAR10,PTQ,layer2.0.conv2.weight,5.18046932220459
resnet18_no_weights,CIFAR10,PTQ,layer2.0.downsample.0.weight,2.5993059873580933
resnet18_no_weights,CIFAR10,PTQ,layer2.1.conv1.weight,11.268906307220458
resnet18_no_weights,CIFAR10,PTQ,layer2.1.conv2.weight,2.1750683307647707
resnet18_no_weights,CIFAR10,PTQ,layer3.0.conv1.weight,16.677752876281737
resnet18_no_weights,CIFAR10,PTQ,layer3.0.conv2.weight,3.6606120586395265
resnet18_no_weights,CIFAR10,PTQ,layer3.0.downsample.0.weight,1.0479901075363158
resnet18_no_weights,CIFAR10,PTQ,layer3.1.conv1.weight,5.493143367767334
resnet18_no_weights,CIFAR10,PTQ,layer3.1.conv2.weight,1.6607845067977904
resnet18_no_weights,CIFAR10,PTQ,layer4.0.conv1.weight,3.6994602203369142
resnet18_no_weights,CIFAR10,PTQ,layer4.0.conv2.weight,6.411233615875244
resnet18_no_weights,CIFAR10,PTQ,layer4.0.downsample.0.weight,1.9283082962036133
resnet18_no_weights,CIFAR10,PTQ,layer4.1.conv1.weight,7.710170555114746
resnet18_no_weights,CIFAR10,PTQ,layer4.1.conv2.weight,0.9539752125740051
resnet18_no_weights,CIFAR10,PTQ,fc.weight,1.2393296718597413
resnet18_no_weights,CIFAR10,QAT,conv1.weight,13.072744560241699
resnet18_no_weights,CIFAR10,QAT,layer1.0.conv1.weight,11.39972972869873
resnet18_no_weights,CIFAR10,QAT,layer1.0.conv2.weight,7.1582423686981205
resnet18_no_weights,CIFAR10,QAT,layer1.1.conv1.weight,21.277345848083495
resnet18_no_weights,CIFAR10,QAT,layer1.1.conv2.weight,3.0107932567596434
resnet18_no_weights,CIFAR10,QAT,layer2.0.conv1.weight,17.382579803466797
resnet18_no_weights,CIFAR10,QAT,layer2.0.conv2.weight,4.203556251525879
resnet18_no_weights,CIFAR10,QAT,layer2.0.downsample.0.weight,1.7431489944458007
resnet18_no_weights,CIFAR10,QAT,layer2.1.conv1.weight,7.973893833160401
resnet18_no_weights,CIFAR10,QAT,layer2.1.conv2.weight,2.2017440795898438
resnet18_no_weights,CIFAR10,QAT,layer3.0.conv1.weight,12.978245544433594
resnet18_no_weights,CIFAR10,QAT,layer3.0.conv2.weight,3.298964023590088
resnet18_no_weights,CIFAR10,QAT,layer3.0.downsample.0.weight,0.5823103785514832
resnet18_no_weights,CIFAR10,QAT,layer3.1.conv1.weight,6.118765020370484
resnet18_no_weights,CIFAR10,QAT,layer3.1.conv2.weight,1.4993160247802735
resnet18_no_weights,CIFAR10,QAT,layer4.0.conv1.weight,4.067751502990722
resnet18_no_weights,CIFAR10,QAT,layer4.0.conv2.weight,3.979311943054199
resnet18_no_weights,CIFAR10,QAT,layer4.0.downsample.0.weight,1.4489731192588806
resnet18_no_weights,CIFAR10,QAT,layer4.1.conv1.weight,5.347028493881226
resnet18_no_weights,CIFAR10,QAT,layer4.1.conv2.weight,0.789884603023529
resnet18_no_weights,CIFAR10,QAT,fc.weight,1.1151699542999267
resnet50_no_weights,CIFAR10,FP32,conv1.weight,1.9045221567153932
resnet50_no_weights,CIFAR10,FP32,layer1.0.conv1.weight,1.2185816049575806
resnet50_no_weights,CIFAR10,FP32,layer1.0.conv2.weight,8.1182279586792
resnet50_no_weights,CIFAR10,FP32,layer1.0.conv3.weight,5.72972412109375
resnet50_no_weights,CIFAR10,FP32,layer1.0.downsample.0.weight,3.701742696762085
resnet50_no_weights,CIFAR10,FP32,layer1.1.conv1.weight,4.12902193069458
resnet50_no_weights,CIFAR10,FP32,layer1.1.conv2.weight,17.829613876342773
resnet50_no_weights,CIFAR10,FP32,layer1.1.conv3.weight,7.977986812591553
resnet50_no_weights,CIFAR10,FP32,layer1.2.conv1.weight,13.602169799804688
resnet50_no_weights,CIFAR10,FP32,layer1.2.conv2.weight,2.8926131248474123
resnet50_no_weights,CIFAR10,FP32,layer1.2.conv3.weight,3.675433397293091
resnet50_no_weights,CIFAR10,FP32,layer2.0.conv1.weight,4.502604913711548
resnet50_no_weights,CIFAR10,FP32,layer2.0.conv2.weight,1.9623229265213014
resnet50_no_weights,CIFAR10,FP32,layer2.0.conv3.weight,4.806046199798584
resnet50_no_weights,CIFAR10,FP32,layer2.0.downsample.0.weight,8.775191307067871
resnet50_no_weights,CIFAR10,FP32,layer2.1.conv1.weight,1.0076160073280334
resnet50_no_weights,CIFAR10,FP32,layer2.1.conv2.weight,2.3215538024902345
resnet50_no_weights,CIFAR10,FP32,layer2.1.conv3.weight,1.3888202548027038
resnet50_no_weights,CIFAR10,FP32,layer2.2.conv1.weight,2.047148275375366
resnet50_no_weights,CIFAR10,FP32,layer2.2.conv2.weight,2.849483919143677
resnet50_no_weights,CIFAR10,FP32,layer2.2.conv3.weight,1.3745556592941284
resnet50_no_weights,CIFAR10,FP32,layer2.3.conv1.weight,3.6241736888885496
resnet50_no_weights,CIFAR10,FP32,layer2.3.conv2.weight,5.309523725509644
resnet50_no_weights,CIFAR10,FP32,layer2.3.conv3.weight,1.8764364004135132
resnet50_no_weights,CIFAR10,FP32,layer3.0.conv1.weight,4.9057258605957035
resnet50_no_weights,CIFAR10,FP32,layer3.0.conv2.weight,2.6187851428985596
resnet50_no_weights,CIFAR10,FP32,layer3.0.conv3.weight,1.7174735426902772
resnet50_no_weights,CIFAR10,FP32,layer3.0.downsample.0.weight,5.901148128509521
resnet50_no_weights,CIFAR10,FP32,layer3.1.conv1.weight,0.4047991156578064
resnet50_no_weights,CIFAR10,FP32,layer3.1.conv2.weight,0.9209779739379883
resnet50_no_weights,CIFAR10,FP32,layer3.1.conv3.weight,0.6190610766410828
resnet50_no_weights,CIFAR10,FP32,layer3.2.conv1.weight,0.3901004195213318
resnet50_no_weights,CIFAR10,FP32,layer3.2.conv2.weight,0.9481479167938233
resnet50_no_weights,CIFAR10,FP32,layer3.2.conv3.weight,0.6474357604980469
resnet50_no_weights,CIFAR10,FP32,layer3.3.conv1.weight,1.1724301099777221
resnet50_no_weights,CIFAR10,FP32,layer3.3.conv2.weight,2.8920337200164794
resnet50_no_weights,CIFAR10,FP32,layer3.3.conv3.weight,1.4198747873306274
resnet50_no_weights,CIFAR10,FP32,layer3.4.conv1.weight,2.223586392402649
resnet50_no_weights,CIFAR10,FP32,layer3.4.conv2.weight,2.304043400287628
resnet50_no_weights,CIFAR10,FP32,layer3.4.conv3.weight,0.9539603948593139
resnet50_no_weights,CIFAR10,FP32,layer3.5.conv1.weight,2.2559993267059326
resnet50_no_weights,CIFAR10,FP32,layer3.5.conv2.weight,1.5240293979644775
resnet50_no_weights,CIFAR10,FP32,layer3.5.conv3.weight,0.8696234226226807
resnet50_no_weights,CIFAR10,FP32,layer4.0.conv1.weight,3.5623859405517577
resnet50_no_weights,CIFAR10,FP32,layer4.0.conv2.weight,2.019876480102539
resnet50_no_weights,CIFAR10,FP32,layer4.0.conv3.weight,1.2091909885406493
resnet50_no_weights,CIFAR10,FP32,layer4.0.downsample.0.weight,3.4907685279846192
resnet50_no_weights,CIFAR10,FP32,layer4.1.conv1.weight,1.1342469573020935
resnet50_no_weights,CIFAR10,FP32,layer4.1.conv2.weight,3.3960986137390137
resnet50_no_weights,CIFAR10,FP32,layer4.1.conv3.weight,1.7078527450561523
resnet50_no_weights,CIFAR10,FP32,layer4.2.conv1.weight,4.008901357650757
resnet50_no_weights,CIFAR10,FP32,layer4.2.conv2.weight,2.566865062713623
resnet50_no_weights,CIFAR10,FP32,layer4.2.conv3.weight,0.7938184618949891
resnet50_no_weights,CIFAR10,FP32,fc.weight,0.8531731486320495
resnet50_no_weights,CIFAR10,PTQ,conv1.weight,39.77099323272705
resnet50_no_weights,CIFAR10,PTQ,layer1.0.conv1.weight,1.129733368754387
resnet50_no_weights,CIFAR10,PTQ,layer1.0.conv2.weight,20.580975437164305
resnet50_no_weights,CIFAR10,PTQ,layer1.0.conv3.weight,2.2168886423110963
resnet50_no_weights,CIFAR10,PTQ,layer1.0.downsample.0.weight,9.879489326477051
resnet50_no_weights,CIFAR10,PTQ,layer1.1.conv1.weight,6.452073287963867
resnet50_no_weights,CIFAR10,PTQ,layer1.1.conv2.weight,9.280708742141723
resnet50_no_weights,CIFAR10,PTQ,layer1.1.conv3.weight,2.645148682594299
resnet50_no_weights,CIFAR10,PTQ,layer1.2.conv1.weight,12.183234572410583
resnet50_no_weights,CIFAR10,PTQ,layer1.2.conv2.weight,2.091793727874756
resnet50_no_weights,CIFAR10,PTQ,layer1.2.conv3.weight,3.141934943199158
resnet50_no_weights,CIFAR10,PTQ,layer2.0.conv1.weight,9.154988670349121
resnet50_no_weights,CIFAR10,PTQ,layer2.0.conv2.weight,19.98600580096245
resnet50_no_weights,CIFAR10,PTQ,layer2.0.conv3.weight,3.100915974378586
resnet50_no_weights,CIFAR10,PTQ,layer2.0.downsample.0.weight,3.406821775436401
resnet50_no_weights,CIFAR10,PTQ,layer2.1.conv1.weight,2.019819052517414
resnet50_no_weights,CIFAR10,PTQ,layer2.1.conv2.weight,1.5819644331932068
resnet50_no_weights,CIFAR10,PTQ,layer2.1.conv3.weight,1.3765130892395974
resnet50_no_weights,CIFAR10,PTQ,layer2.2.conv1.weight,2.1602995306253434
resnet50_no_weights,CIFAR10,PTQ,layer2.2.conv2.weight,0.5840358316898346
resnet50_no_weights,CIFAR10,PTQ,layer2.2.conv3.weight,0.9188539445400238
resnet50_no_weights,CIFAR10,PTQ,layer2.3.conv1.weight,2.9586947917938233
resnet50_no_weights,CIFAR10,PTQ,layer2.3.conv2.weight,1.6355554819107057
resnet50_no_weights,CIFAR10,PTQ,layer2.3.conv3.weight,1.0585235476493835
resnet50_no_weights,CIFAR10,PTQ,layer3.0.conv1.weight,3.8872880935668945
resnet50_no_weights,CIFAR10,PTQ,layer3.0.conv2.weight,1.533383321762085
resnet50_no_weights,CIFAR10,PTQ,layer3.0.conv3.weight,0.9793497443199157
resnet50_no_weights,CIFAR10,PTQ,layer3.0.downsample.0.weight,3.517990732192993
resnet50_no_weights,CIFAR10,PTQ,layer3.1.conv1.weight,0.733184027671814
resnet50_no_weights,CIFAR10,PTQ,layer3.1.conv2.weight,0.3993381530046463
resnet50_no_weights,CIFAR10,PTQ,layer3.1.conv3.weight,0.995490312576294
resnet50_no_weights,CIFAR10,PTQ,layer3.2.conv1.weight,0.7963428401155397
resnet50_no_weights,CIFAR10,PTQ,layer3.2.conv2.weight,0.2572305887937546
resnet50_no_weights,CIFAR10,PTQ,layer3.2.conv3.weight,0.26959248930215834
resnet50_no_weights,CIFAR10,PTQ,layer3.3.conv1.weight,1.5599246740341186
resnet50_no_weights,CIFAR10,PTQ,layer3.3.conv2.weight,0.6463594496250152
resnet50_no_weights,CIFAR10,PTQ,layer3.3.conv3.weight,0.7766627371311188
resnet50_no_weights,CIFAR10,PTQ,layer3.4.conv1.weight,0.5144121997058392
resnet50_no_weights,CIFAR10,PTQ,layer3.4.conv2.weight,0.19448529183864594
resnet50_no_weights,CIFAR10,PTQ,layer3.4.conv3.weight,0.44398497939109804
resnet50_no_weights,CIFAR10,PTQ,layer3.5.conv1.weight,1.1399245262145996
resnet50_no_weights,CIFAR10,PTQ,layer3.5.conv2.weight,0.32317185401916504
resnet50_no_weights,CIFAR10,PTQ,layer3.5.conv3.weight,0.7494359731674194
resnet50_no_weights,CIFAR10,PTQ,layer4.0.conv1.weight,2.0632298421114683
resnet50_no_weights,CIFAR10,PTQ,layer4.0.conv2.weight,0.46667528748512266
resnet50_no_weights,CIFAR10,PTQ,layer4.0.conv3.weight,4.48873672678601
resnet50_no_weights,CIFAR10,PTQ,layer4.0.downsample.0.weight,18.947167205810548
resnet50_no_weights,CIFAR10,PTQ,layer4.1.conv1.weight,1.2290106430649756
resnet50_no_weights,CIFAR10,PTQ,layer4.1.conv2.weight,5.2028682947158815
resnet50_no_weights,CIFAR10,PTQ,layer4.1.conv3.weight,4.095519256591797
resnet50_no_weights,CIFAR10,PTQ,layer4.2.conv1.weight,22.371234893798828
resnet50_no_weights,CIFAR10,PTQ,layer4.2.conv2.weight,6.547967052459716
resnet50_no_weights,CIFAR10,PTQ,layer4.2.conv3.weight,3.6656732082366945
resnet50_no_weights,CIFAR10,PTQ,fc.weight,2.09357168674469
resnet50_no_weights,CIFAR10,QAT,conv1.weight,11.61404972076416
resnet50_no_weights,CIFAR10,QAT,layer1.0.conv1.weight,0.4777767598628998
resnet50_no_weights,CIFAR10,QAT,layer1.0.conv2.weight,8.165562057495118
resnet50_no_weights,CIFAR10,QAT,layer1.0.conv3.weight,3.2084327220916746
resnet50_no_weights,CIFAR10,QAT,layer1.0.downsample.0.weight,2.2999588012695313
resnet50_no_weights,CIFAR10,QAT,layer1.1.conv1.weight,3.136606788635254
resnet50_no_weights,CIFAR10,QAT,layer1.1.conv2.weight,5.571156120300293
resnet50_no_weights,CIFAR10,QAT,layer1.1.conv3.weight,1.7799603343009949
resnet50_no_weights,CIFAR10,QAT,layer1.2.conv1.weight,7.818880271911621
resnet50_no_weights,CIFAR10,QAT,layer1.2.conv2.weight,2.847716522216797
resnet50_no_weights,CIFAR10,QAT,layer1.2.conv3.weight,1.552891778945923
resnet50_no_weights,CIFAR10,QAT,layer2.0.conv1.weight,3.819086027145386
resnet50_no_weights,CIFAR10,QAT,layer2.0.conv2.weight,2.5964510917663572
resnet50_no_weights,CIFAR10,QAT,layer2.0.conv3.weight,2.0599897861480714
resnet50_no_weights,CIFAR10,QAT,layer2.0.downsample.0.weight,3.556677007675171
resnet50_no_weights,CIFAR10,QAT,layer2.1.conv1.weight,1.047214102745056
resnet50_no_weights,CIFAR10,QAT,layer2.1.conv2.weight,1.3047088027000426
resnet50_no_weights,CIFAR10,QAT,layer2.1.conv3.weight,0.5382013261318207
resnet50_no_weights,CIFAR10,QAT,layer2.2.conv1.weight,1.3765609741210938
resnet50_no_weights,CIFAR10,QAT,layer2.2.conv2.weight,1.3236937403678894
resnet50_no_weights,CIFAR10,QAT,layer2.2.conv3.weight,0.6845159828662872
resnet50_no_weights,CIFAR10,QAT,layer2.3.conv1.weight,3.4887387275695803
resnet50_no_weights,CIFAR10,QAT,layer2.3.conv2.weight,1.841259980201721
resnet50_no_weights,CIFAR10,QAT,layer2.3.conv3.weight,0.9833874702453613
resnet50_no_weights,CIFAR10,QAT,layer3.0.conv1.weight,6.699741840362549
resnet50_no_weights,CIFAR10,QAT,layer3.0.conv2.weight,1.3899663925170898
resnet50_no_weights,CIFAR10,QAT,layer3.0.conv3.weight,0.9075281381607055
resnet50_no_weights,CIFAR10,QAT,layer3.0.downsample.0.weight,2.1630905628204347
resnet50_no_weights,CIFAR10,QAT,layer3.1.conv1.weight,0.3179049491882324
resnet50_no_weights,CIFAR10,QAT,layer3.1.conv2.weight,0.23443796038627623
resnet50_no_weights,CIFAR10,QAT,layer3.1.conv3.weight,0.26178044378757476
resnet50_no_weights,CIFAR10,QAT,layer3.2.conv1.weight,0.34516396522521975
resnet50_no_weights,CIFAR10,QAT,layer3.2.conv2.weight,0.270523801445961
resnet50_no_weights,CIFAR10,QAT,layer3.2.conv3.weight,0.3411779850721359
resnet50_no_weights,CIFAR10,QAT,layer3.3.conv1.weight,1.3163217842578887
resnet50_no_weights,CIFAR10,QAT,layer3.3.conv2.weight,0.8703165054321289
resnet50_no_weights,CIFAR10,QAT,layer3.3.conv3.weight,0.5806822299957275
resnet50_no_weights,CIFAR10,QAT,layer3.4.conv1.weight,1.6525096893310547
resnet50_no_weights,CIFAR10,QAT,layer3.4.conv2.weight,0.5254300117492676
resnet50_no_weights,CIFAR10,QAT,layer3.4.conv3.weight,0.5354656934738159
resnet50_no_weights,CIFAR10,QAT,layer3.5.conv1.weight,2.682931399345398
resnet50_no_weights,CIFAR10,QAT,layer3.5.conv2.weight,0.3916743814945221
resnet50_no_weights,CIFAR10,QAT,layer3.5.conv3.weight,0.47355196475982664
resnet50_no_weights,CIFAR10,QAT,layer4.0.conv1.weight,3.4998114585876463
resnet50_no_weights,CIFAR10,QAT,layer4.0.conv2.weight,0.9316029191017151
resnet50_no_weights,CIFAR10,QAT,layer4.0.conv3.weight,0.6480167627334594
resnet50_no_weights,CIFAR10,QAT,layer4.0.downsample.0.weight,3.255912017822266
resnet50_no_weights,CIFAR10,QAT,layer4.1.conv1.weight,1.2843731880187987
resnet50_no_weights,CIFAR10,QAT,layer4.1.conv2.weight,2.468155789375305
resnet50_no_weights,CIFAR10,QAT,layer4.1.conv3.weight,1.142497980594635
resnet50_no_weights,CIFAR10,QAT,layer4.2.conv1.weight,4.328363609313965
resnet50_no_weights,CIFAR10,QAT,layer4.2.conv2.weight,1.2601496577262878
resnet50_no_weights,CIFAR10,QAT,layer4.2.conv3.weight,0.6962134838104248
resnet50_no_weights,CIFAR10,QAT,fc.weight,0.8296558022499084
