model,dataset,layer,trace_random_mean,trace_random_std,trace_trained_fp32,ratio_trained_over_random,elev_over_median_random,elev_over_median_trained,classification
resnet50_no_weights,CIFAR10,conv1.weight,0.7475730151351955,0.9429606967036634,13.87340584397316,18.557927537638864,0.1375846980904857,1.0144777004010748,learned
resnet50_no_weights,CIFAR10,fc.weight,3240.410287747005,4338.4116912637655,5.493646225263906,0.0016953551363656275,596.3710060459431,0.401716900096587,architectural
resnet50_no_weights,CIFAR10,layer1.0.conv1.weight,0.16133161229374293,0.22148551838338168,4.2047243172472175,26.062618834996254,0.029691763507370208,0.3074658886328539,learned
resnet50_no_weights,CIFAR10,layer1.0.conv2.weight,1.3580202528857181,1.8725661501275672,5.190635684658499,3.822207860029101,0.2499325185784787,0.37955958415789137,mixed
resnet50_no_weights,CIFAR10,layer1.0.conv3.weight,0.5860596913638908,0.7956301624999353,2.586037952166337,4.412584571629647,0.10785949207211824,0.18910121021243625,mixed
resnet50_no_weights,CIFAR10,layer1.0.downsample.0.weight,0.592086832327211,0.7390907665077193,20.265618324279785,34.22744303335594,0.10896873806280886,1.4819012797605442,learned
resnet50_no_weights,CIFAR10,layer1.1.conv1.weight,0.18169517216338504,0.23292517825230985,2.5408404697390163,13.984083558666194,0.033439510122067855,0.18579619350979976,learned
resnet50_no_weights,CIFAR10,layer1.1.conv2.weight,1.409520427988629,1.8779789522318073,3.9050083330699374,2.770451747650329,0.259410704521105,0.2855494835466653,architectural
resnet50_no_weights,CIFAR10,layer1.1.conv3.weight,0.803705024578505,1.193886688912534,2.204062024377427,2.742376813599399,0.14791533525383138,0.16116963629396697,architectural
resnet50_no_weights,CIFAR10,layer1.2.conv1.weight,0.2707214304014809,0.40042477242419616,4.488950221702971,16.581436552864844,0.04982406469243168,0.32824959850118074,learned
resnet50_no_weights,CIFAR10,layer1.2.conv2.weight,1.8912403921991296,2.611410178551854,13.160799162728447,6.958818782114262,0.3480673233372287,0.9623691125452939,mixed
resnet50_no_weights,CIFAR10,layer1.2.conv3.weight,0.795440731340174,1.1672161584111236,5.904548158771114,7.422989452429745,0.14639435968742281,0.43176365669571254,mixed
resnet50_no_weights,CIFAR10,layer2.0.conv1.weight,0.3505707386943992,0.4864546853529257,14.464818600452308,41.2607699499462,0.06451967669526527,1.0577241144344007,learned
resnet50_no_weights,CIFAR10,layer2.0.conv2.weight,2.9151712953890327,3.809816098035132,25.021796570883858,8.583302329595925,0.5365134300435068,1.829691636690713,learned
resnet50_no_weights,CIFAR10,layer2.0.conv3.weight,1.1210559623762721,1.3664255610089824,28.802203347947863,25.69202993835973,0.20632117934083619,2.1061297670898593,learned
resnet50_no_weights,CIFAR10,layer2.0.downsample.0.weight,1.3115765762769938,1.8758307855995178,37.92332940631442,28.914308239601667,0.2413849398202113,2.7731021812775234,learned
resnet50_no_weights,CIFAR10,layer2.1.conv1.weight,0.3900369601018463,0.5250355068327536,3.616932959392153,9.273308248653413,0.07178311190116807,0.2644842854318293,learned
resnet50_no_weights,CIFAR10,layer2.1.conv2.weight,3.9818733702610576,5.375080631860877,7.742825453622,1.9445182540082557,0.7328312210183736,0.5661856828191663,architectural
resnet50_no_weights,CIFAR10,layer2.1.conv3.weight,2.3102852061080434,3.2681529386115753,8.992502245409735,3.892377539203785,0.425189093439665,0.6575669378790515,mixed
resnet50_no_weights,CIFAR10,layer2.2.conv1.weight,0.6165307334735103,0.8085911202803298,4.8628482294082644,7.887438476929067,0.11346743811120355,0.3555904833067809,mixed
resnet50_no_weights,CIFAR10,layer2.2.conv2.weight,5.0313305664087205,6.873295077187498,8.932546382254742,1.7753845159553179,0.9259752331316943,0.6531827306509856,architectural
resnet50_no_weights,CIFAR10,layer2.2.conv3.weight,2.7938269441239316,3.7120959294774494,7.383814159704714,2.6429031960031004,0.5141809948220784,0.5399333727543353,architectural
resnet50_no_weights,CIFAR10,layer2.3.conv1.weight,0.6466255976992131,0.8552499136476077,6.131346010026478,9.48206509584942,0.11900615168798866,0.44834800268724845,learned
resnet50_no_weights,CIFAR10,layer2.3.conv2.weight,9.082480683167544,13.198236353398375,14.234968423843384,1.5672996090401696,1.671556272640858,1.040916570474004,architectural
resnet50_no_weights,CIFAR10,layer2.3.conv3.weight,4.992600015992622,7.755158720829244,8.920452177524567,1.7867347972899876,0.9188471921537658,0.652298355095276,architectural
resnet50_no_weights,CIFAR10,layer3.0.conv1.weight,1.9073971786464206,2.947948269900153,43.65346607507444,22.88640591680701,0.3510408477160627,3.1921121876223495,learned
resnet50_no_weights,CIFAR10,layer3.0.conv2.weight,15.639942150085401,23.250383642053485,39.23602763584682,2.508706698485619,2.8784034138565247,2.8690918103703034,architectural
resnet50_no_weights,CIFAR10,layer3.0.conv3.weight,6.584961191610253,9.945842992654171,31.71719060625349,4.816610103437455,1.2119082405902748,2.319285037234932,mixed
resnet50_no_weights,CIFAR10,layer3.0.downsample.0.weight,9.161692362515355,13.645767770296104,43.36432075500488,4.733221662454856,1.686134534252318,3.1709687508423086,mixed
resnet50_no_weights,CIFAR10,layer3.1.conv1.weight,2.2077017900606934,3.2479769217791907,7.742639541625977,3.507103892601871,0.4063094548756474,0.5661720882068322,architectural
resnet50_no_weights,CIFAR10,layer3.1.conv2.weight,23.268577988585854,32.28800663675088,22.998466265828984,0.9883915672505054,4.282391435672067,1.6817378106361276,architectural
resnet50_no_weights,CIFAR10,layer3.1.conv3.weight,8.188736329870686,10.961464985745112,12.296621070188635,1.5016506301873833,1.507069935481956,0.8991770302320945,architectural
resnet50_no_weights,CIFAR10,layer3.2.conv1.weight,3.2322853250676618,4.570492424552559,12.35165810585022,3.821339041469571,0.5948756731291555,0.9032015535541099,mixed
resnet50_no_weights,CIFAR10,layer3.2.conv2.weight,28.38699304720706,40.708463537729195,25.60634644135185,0.9020450457281247,5.224393857221272,1.8724362096550893,architectural
resnet50_no_weights,CIFAR10,layer3.2.conv3.weight,12.83029763369131,17.864360776174447,13.004492335849339,1.013576824726233,2.3613113242500514,0.950939345978046,architectural
resnet50_no_weights,CIFAR10,layer3.3.conv1.weight,3.410079565302048,4.7581833190532645,17.279966680015004,5.067320673640772,0.6275972486403468,1.2635787533141476,mixed
resnet50_no_weights,CIFAR10,layer3.3.conv2.weight,50.31134008596652,73.79741733846885,35.38519489063936,0.7033244360054216,9.25939058274278,2.5875038577130756,architectural
resnet50_no_weights,CIFAR10,layer3.3.conv3.weight,20.618309754020654,30.969119206268854,17.255826626505172,0.836917615089191,3.7946312469960293,1.2618135381789721,architectural
resnet50_no_weights,CIFAR10,layer3.4.conv1.weight,5.835764764840065,8.782153415321863,18.534919905662537,3.1760909927921857,1.0740247668683056,1.355345841856352,architectural
resnet50_no_weights,CIFAR10,layer3.4.conv2.weight,60.824887829078534,85.15022678948908,28.070120221092587,0.46149070262112535,11.194323041259063,2.052596985349952,architectural
resnet50_no_weights,CIFAR10,layer3.4.conv3.weight,21.920857588830565,30.281806654136368,14.694684519086564,0.6703517168312801,4.034354520806719,1.0745328095132638,architectural
resnet50_no_weights,CIFAR10,layer3.5.conv1.weight,6.259606058807028,8.721559432459577,19.427258359061348,3.103591212697472,1.1520292898889495,1.4205971199033167,architectural
resnet50_no_weights,CIFAR10,layer3.5.conv2.weight,72.77011886871897,102.41011787553953,12.668171405792236,0.17408479747911734,13.392745098953068,0.9263462440708241,architectural
resnet50_no_weights,CIFAR10,layer3.5.conv3.weight,34.03967684122936,45.95083647629798,5.978722132169283,0.17563980292926185,6.264724069061371,0.43718754775814217,architectural
resnet50_no_weights,CIFAR10,layer4.0.conv1.weight,13.776126698010698,20.005248418891036,21.92832867304484,1.5917629936004682,2.5353834264059265,1.6034851640654217,architectural
resnet50_no_weights,CIFAR10,layer4.0.conv2.weight,127.41900487744145,185.62226282235372,17.058581506052324,0.13387784281049908,23.45042552650528,1.2473902034576525,architectural
resnet50_no_weights,CIFAR10,layer4.0.conv3.weight,67.56803644917629,93.3374054349022,11.894488592942556,0.17603720957452154,12.435344384047426,0.8697715305760448,architectural
resnet50_no_weights,CIFAR10,layer4.0.downsample.0.weight,90.06779897659186,130.04716609350774,38.5130125392567,0.42760024089481774,16.57624162320508,2.8162221184725027,architectural
resnet50_no_weights,CIFAR10,layer4.1.conv1.weight,11.987780860213471,12.914380228556627,27.73841905593872,2.313891067862311,2.206253004101677,2.0283416987224197,architectural
resnet50_no_weights,CIFAR10,layer4.1.conv2.weight,182.0805951316442,255.1401096143375,61.15993322644915,0.33589484471000625,33.51044406651405,4.472253541346877,architectural
resnet50_no_weights,CIFAR10,layer4.1.conv3.weight,119.21485988579224,168.20008956926586,22.077637606653674,0.18519199391589303,21.94051975286992,1.6144032173048595,architectural
resnet50_no_weights,CIFAR10,layer4.2.conv1.weight,25.92917681424778,35.15546903543278,21.42057632264637,0.8261186414092411,4.772052885132488,1.5663563261579476,architectural
resnet50_no_weights,CIFAR10,layer4.2.conv2.weight,146.42087960489212,161.44301120405834,13.477428656357985,0.09204581131274453,26.947565129727497,0.9855222995989251,architectural
resnet50_no_weights,CIFAR10,layer4.2.conv3.weight,161.61870847331213,204.89927217476256,5.990572655200959,0.0370660841915475,29.744601210697176,0.43805410435490943,architectural
resnet18_no_weights,CIFAR10,conv1.weight,9.34397793386168,1.4212748315945192,21.816381717550343,2.334806639310423,0.1304786878724936,0.38858417206854595,mixed
resnet18_no_weights,CIFAR10,fc.weight,1613.340300765692,584.2833100834204,4.36105823839033,0.0027031235978674613,22.528576910789376,0.07767732646263491,architectural
resnet18_no_weights,CIFAR10,layer1.0.conv1.weight,18.692501783575725,3.89176852124418,44.84594190120697,2.3991407046760918,0.2610208546123169,0.7987769663149877,mixed
resnet18_no_weights,CIFAR10,layer1.0.conv2.weight,21.469528618646226,4.322576374391816,64.26429278055826,2.993279168912209,0.2997990730746708,1.1446484264443766,learned
resnet18_no_weights,CIFAR10,layer1.1.conv1.weight,24.169504351631836,7.620512193138052,70.66986204448499,2.923926821847036,0.33750135506004175,1.258741719332093,learned
resnet18_no_weights,CIFAR10,layer1.1.conv2.weight,25.912469448164735,8.470081978879128,35.20968792655251,1.3587932248983803,0.3618400040179999,0.6271400825703725,mixed
resnet18_no_weights,CIFAR10,layer2.0.conv1.weight,37.63807300343151,4.07217207772571,56.25387930870056,1.4946004091009608,0.5255755540410681,1.0019703266940179,mixed
resnet18_no_weights,CIFAR10,layer2.0.conv2.weight,41.38935104745016,3.144420050487568,69.75440965999256,1.6853226227206057,0.5779581517412067,1.2424360683079365,mixed
resnet18_no_weights,CIFAR10,layer2.0.downsample.0.weight,4.957730350219907,1.102031782565504,47.74848988850911,9.631118781276832,0.06922941765285075,0.8504759245170114,learned
resnet18_no_weights,CIFAR10,layer2.1.conv1.weight,56.1178189782225,19.754921434479865,56.1432587473016,1.0004533278295966,0.7836255006563869,1.0,architectural
resnet18_no_weights,CIFAR10,layer2.1.conv2.weight,71.61305870114822,20.843695324542637,43.70310495413986,0.6102672577709509,1.0,0.7784212375495634,architectural
resnet18_no_weights,CIFAR10,layer3.0.conv1.weight,143.11905464449094,60.31184324681124,73.75146441989475,0.5153154805493515,1.9985049827538817,1.3136299186309601,architectural
resnet18_no_weights,CIFAR10,layer3.0.conv2.weight,142.3210584933941,39.64991817180151,100.80185552743765,0.7082708391472258,1.9873618174489756,1.7954400541860684,architectural
resnet18_no_weights,CIFAR10,layer3.0.downsample.0.weight,18.6904498324139,5.451029946846576,34.325957354377294,1.8365506267723704,0.2609922013024452,0.611399447062326,mixed
resnet18_no_weights,CIFAR10,layer3.1.conv1.weight,205.70002652204818,39.24206044500248,81.13673909505208,0.3944420448888729,2.872381521650465,1.4451733103032915,architectural
resnet18_no_weights,CIFAR10,layer3.1.conv2.weight,231.9603369184188,49.606241871611616,59.290590112859554,0.255606587318039,3.2390787535891077,1.0560589362958777,architectural
resnet18_no_weights,CIFAR10,layer4.0.conv1.weight,287.0963427789575,73.48531738343488,61.31187438964844,0.21355853507633832,4.008994281015877,1.0920611976873404,architectural
resnet18_no_weights,CIFAR10,layer4.0.conv2.weight,342.9552169045931,105.83748376630112,61.62225610238534,0.1796801829071697,4.789003892932369,1.0975895855946745,architectural
resnet18_no_weights,CIFAR10,layer4.0.downsample.0.weight,80.56452825579477,22.42157277774852,30.60015737093412,0.3798217160010881,1.1249977269090312,0.5450370721917678,architectural
resnet18_no_weights,CIFAR10,layer4.1.conv1.weight,393.4169353356859,151.43265258409858,51.63763761520386,0.13125423177612744,5.493647980844839,0.919747780363492,architectural
resnet18_no_weights,CIFAR10,layer4.1.conv2.weight,566.4999907437314,266.4959162174032,18.866980361938477,0.033304467202495275,7.910568282075742,0.33605068146930955,architectural
cnn,CIFAR10,conv1.weight,0.0026291641879874774,8.861847536537242e-05,55.032780227661135,20931.66356026878,0.011297313243331766,0.9148855692339739,learned
cnn,CIFAR10,conv2.weight,0.03696649944705915,0.004525507348157379,128.12882804870605,3466.079557578971,0.1588421619581511,2.1300616705114686,learned
cnn,CIFAR10,conv3.weight,0.11305265782607926,0.005338458946044032,206.46302599225726,1826.2553925081615,0.4857784440727759,3.432318743107098,learned
cnn,CIFAR10,conv4.weight,0.3523968046006336,0.07672206160291524,65.27249526977539,185.22442433536762,1.514221555927224,1.085114430766026,architectural
cnn,CIFAR10,fc1.weight,0.3813486710401019,0.08091558753284928,12.831473995657529,33.64761691881757,1.6386254655956207,0.21331523397626803,architectural
cnn,CIFAR10,fc2.weight,0.5146704112885745,0.05262537930533856,4.486801915698582,8.7178159406231,2.211498574325292,0.07459027706219229,architectural
